timeStamp,jaccardSimilarity
04/11/2025 14:35:37,0.13636363636363635
04/11/2025 14:35:37,0.13636363636363635
04/11/2025 14:35:37,0.08695652173913043
04/11/2025 14:35:38,0.25
04/11/2025 14:35:38,0.041666666666666664
04/11/2025 14:35:38,0.19047619047619047
04/11/2025 14:35:38,0.08695652173913043
04/11/2025 14:35:38,0.13636363636363635
04/11/2025 14:35:38,0.3888888888888889
04/11/2025 14:35:39,0.08695652173913043
04/11/2025 14:35:39,0.13636363636363635
04/11/2025 14:35:39,0.3888888888888889
04/11/2025 14:35:39,0.041666666666666664
04/11/2025 14:35:39,0.13636363636363635
04/11/2025 14:35:39,0.13636363636363635
04/11/2025 14:35:40,0.13636363636363635
04/11/2025 14:35:40,0.08695652173913043
04/11/2025 14:35:40,0.13636363636363635
04/11/2025 14:35:40,0.041666666666666664
04/11/2025 14:35:40,0.08695652173913043
04/11/2025 14:35:40,0.13636363636363635
04/11/2025 14:35:41,0.25
04/11/2025 14:35:41,0.13636363636363635
04/11/2025 14:35:41,0.08695652173913043
04/11/2025 14:35:41,0.13636363636363635
04/11/2025 14:35:41,0.08695652173913043
04/11/2025 14:35:41,0.08695652173913043
04/11/2025 14:35:41,0.13636363636363635
04/11/2025 14:35:42,0.19047619047619047
04/11/2025 14:35:42,0.13636363636363635
04/11/2025 14:35:42,0.08695652173913043
04/11/2025 14:35:42,0.08695652173913043
04/11/2025 14:35:42,0.25
04/11/2025 14:35:42,0.08695652173913043
04/11/2025 14:35:43,0.08695652173913043
04/11/2025 14:35:43,0.13636363636363635
04/11/2025 14:35:43,0.19047619047619047
04/11/2025 14:35:43,0.13636363636363635
04/11/2025 14:35:43,0.08695652173913043
04/11/2025 14:35:43,0.08695652173913043
04/11/2025 14:35:43,0.25
04/11/2025 14:35:44,0.19047619047619047
04/11/2025 14:35:44,0.13636363636363635
04/11/2025 14:35:44,0.19047619047619047
04/11/2025 14:35:44,0.13636363636363635
04/11/2025 14:35:44,0.25
04/11/2025 14:35:44,0.08695652173913043
04/11/2025 14:35:45,0.13636363636363635
04/11/2025 14:35:45,0.3157894736842105
04/11/2025 14:35:45,0.041666666666666664
04/11/2025 14:35:45,0.13636363636363635
04/11/2025 14:35:45,0.25
04/11/2025 14:35:45,0.13636363636363635
04/11/2025 14:35:46,0.19047619047619047
04/11/2025 14:35:46,0.13636363636363635
04/11/2025 14:35:46,0.08695652173913043
04/11/2025 14:35:46,0.08695652173913043
04/11/2025 14:35:46,0.08695652173913043
04/11/2025 14:35:46,0.25
04/11/2025 14:35:47,0.08695652173913043
04/11/2025 14:35:47,0.25
04/11/2025 14:35:47,0.19047619047619047
04/11/2025 14:35:47,0.08695652173913043
04/11/2025 14:35:47,0.13636363636363635
04/11/2025 14:35:47,0.13636363636363635
04/11/2025 14:35:48,0.13636363636363635
04/11/2025 14:35:48,0.13636363636363635
04/11/2025 14:35:48,0.25
04/11/2025 14:35:48,0.25
04/11/2025 14:35:48,0.13636363636363635
04/11/2025 14:35:48,0.13636363636363635
04/11/2025 14:35:48,0.08695652173913043
04/11/2025 14:35:49,0.041666666666666664
04/11/2025 14:35:49,0.041666666666666664
04/11/2025 14:35:49,0.08695652173913043
04/11/2025 14:35:49,0.08695652173913043
04/11/2025 14:35:49,0.08695652173913043
04/11/2025 14:35:49,0.13636363636363635
04/11/2025 14:35:50,0.13636363636363635
04/11/2025 14:35:50,0.19047619047619047
04/11/2025 14:35:50,0.25
04/11/2025 14:35:50,0.13636363636363635
04/11/2025 14:35:50,0.13636363636363635
04/11/2025 14:35:50,0.08695652173913043
04/11/2025 14:35:51,0.08695652173913043
04/11/2025 14:35:51,0.13636363636363635
04/11/2025 14:35:51,0.19047619047619047
04/11/2025 14:35:51,0.08695652173913043
04/11/2025 14:35:51,0.041666666666666664
04/11/2025 14:35:51,0.13636363636363635
04/11/2025 14:35:52,0.19047619047619047
04/11/2025 14:35:52,0.13636363636363635
04/11/2025 14:35:52,0.08695652173913043
04/11/2025 14:35:52,0.041666666666666664
04/11/2025 14:35:52,0.25
04/11/2025 14:35:52,0.13636363636363635
04/11/2025 14:35:53,0.08695652173913043
04/11/2025 14:35:53,0.08695652173913043
04/11/2025 14:35:53,0.13636363636363635
04/11/2025 14:35:53,0.13636363636363635
04/11/2025 14:36:30,0.19047619047619047
04/11/2025 14:36:30,0.13636363636363635
04/11/2025 14:36:31,0.13636363636363635
04/11/2025 14:36:31,0.25
04/11/2025 14:36:31,0.08695652173913043
04/11/2025 14:36:31,0.08695652173913043
04/11/2025 14:36:31,0.19047619047619047
04/11/2025 14:36:31,0.25
04/11/2025 14:36:32,0.08695652173913043
04/11/2025 14:36:32,0.08695652173913043
04/11/2025 14:36:32,0.13636363636363635
04/11/2025 14:36:32,0.19047619047619047
04/11/2025 14:36:32,0.25
04/11/2025 14:36:32,0.25
04/11/2025 14:36:33,0.3157894736842105
04/11/2025 14:36:33,0.08695652173913043
04/11/2025 14:36:33,0.19047619047619047
04/11/2025 14:36:33,0.19047619047619047
04/11/2025 14:36:33,0.13636363636363635
04/11/2025 14:36:33,0.08695652173913043
04/11/2025 14:36:34,0.08695652173913043
04/11/2025 14:36:34,0.13636363636363635
04/11/2025 14:36:34,0.08695652173913043
04/11/2025 14:36:34,0.08695652173913043
04/11/2025 14:36:34,0.0
04/11/2025 14:36:34,0.19047619047619047
04/11/2025 14:36:34,0.19047619047619047
04/11/2025 14:36:35,0.08695652173913043
04/11/2025 14:36:35,0.08695652173913043
04/11/2025 14:36:35,0.08695652173913043
04/11/2025 14:36:35,0.13636363636363635
04/11/2025 14:36:35,0.13636363636363635
04/11/2025 14:36:35,0.08695652173913043
04/11/2025 14:36:36,0.19047619047619047
04/11/2025 14:36:36,0.08695652173913043
04/11/2025 14:36:36,0.19047619047619047
04/11/2025 14:36:36,0.13636363636363635
04/11/2025 14:36:36,0.08695652173913043
04/11/2025 14:36:36,0.08695652173913043
04/11/2025 14:36:37,0.041666666666666664
04/11/2025 14:36:37,0.19047619047619047
04/11/2025 14:36:37,0.19047619047619047
04/11/2025 14:36:37,0.19047619047619047
04/11/2025 14:36:37,0.47058823529411764
04/11/2025 14:36:37,0.0
04/11/2025 14:36:37,0.041666666666666664
04/11/2025 14:36:38,0.19047619047619047
04/11/2025 14:36:38,0.19047619047619047
04/11/2025 14:36:38,0.13636363636363635
04/11/2025 14:36:38,0.19047619047619047
04/11/2025 14:36:38,0.08695652173913043
04/11/2025 14:36:38,0.041666666666666664
04/11/2025 14:36:39,0.08695652173913043
04/11/2025 14:36:39,0.19047619047619047
04/11/2025 14:36:39,0.08695652173913043
04/11/2025 14:36:39,0.08695652173913043
04/11/2025 14:36:39,0.19047619047619047
04/11/2025 14:36:39,0.08695652173913043
04/11/2025 14:36:40,0.13636363636363635
04/11/2025 14:36:40,0.08695652173913043
04/11/2025 14:36:40,0.3157894736842105
04/11/2025 14:36:40,0.08695652173913043
04/11/2025 14:36:40,0.19047619047619047
04/11/2025 14:36:40,0.13636363636363635
04/11/2025 14:36:40,0.08695652173913043
04/11/2025 14:36:41,0.08695652173913043
04/11/2025 14:36:41,0.08695652173913043
04/11/2025 14:36:41,0.19047619047619047
04/11/2025 14:36:41,0.25
04/11/2025 14:36:41,0.13636363636363635
04/11/2025 14:36:41,0.19047619047619047
04/11/2025 14:36:42,0.08695652173913043
04/11/2025 14:36:42,0.13636363636363635
04/11/2025 14:36:42,0.041666666666666664
04/11/2025 14:36:42,0.041666666666666664
04/11/2025 14:36:42,0.08695652173913043
04/11/2025 14:36:42,0.3157894736842105
04/11/2025 14:36:43,0.08695652173913043
04/11/2025 14:36:43,0.13636363636363635
04/11/2025 14:36:43,0.041666666666666664
04/11/2025 14:36:43,0.19047619047619047
04/11/2025 14:36:43,0.25
04/11/2025 14:36:43,0.041666666666666664
04/11/2025 14:36:43,0.13636363636363635
04/11/2025 14:36:44,0.13636363636363635
04/11/2025 14:36:44,0.041666666666666664
04/11/2025 14:36:44,0.3157894736842105
04/11/2025 14:36:44,0.13636363636363635
04/11/2025 14:36:44,0.13636363636363635
04/11/2025 14:36:44,0.08695652173913043
04/11/2025 14:36:44,0.19047619047619047
04/11/2025 14:36:45,0.13636363636363635
04/11/2025 14:36:45,0.041666666666666664
04/11/2025 14:36:45,0.13636363636363635
04/11/2025 14:36:45,0.19047619047619047
04/11/2025 14:36:45,0.19047619047619047
04/11/2025 14:36:45,0.041666666666666664
04/11/2025 14:36:46,0.08695652173913043
04/11/2025 14:36:46,0.19047619047619047
04/11/2025 14:36:46,0.08695652173913043
04/11/2025 14:36:46,0.19047619047619047
04/11/2025 14:36:46,0.08695652173913043
04/11/2025 14:36:46,0.041666666666666664
04/11/2025 14:36:47,0.08695652173913043
04/11/2025 14:36:47,0.13636363636363635
04/11/2025 14:36:47,0.19047619047619047
04/11/2025 14:36:47,0.19047619047619047
04/11/2025 14:36:47,0.13636363636363635
04/11/2025 14:36:47,0.19047619047619047
04/11/2025 14:36:48,0.13636363636363635
04/11/2025 14:36:48,0.13636363636363635
04/11/2025 14:36:48,0.19047619047619047
04/11/2025 14:36:48,0.13636363636363635
04/11/2025 14:36:48,0.13636363636363635
04/11/2025 14:36:48,0.08695652173913043
04/11/2025 14:36:48,0.19047619047619047
04/11/2025 14:36:49,0.3157894736842105
04/11/2025 14:36:49,0.041666666666666664
04/11/2025 14:36:49,0.13636363636363635
04/11/2025 14:36:49,0.13636363636363635
04/11/2025 14:36:49,0.13636363636363635
04/11/2025 14:36:49,0.13636363636363635
04/11/2025 14:36:50,0.25
04/11/2025 14:36:50,0.041666666666666664
04/11/2025 14:36:50,0.19047619047619047
04/11/2025 14:36:50,0.08695652173913043
04/11/2025 14:36:50,0.08695652173913043
04/11/2025 14:36:50,0.13636363636363635
04/11/2025 14:36:51,0.25
04/11/2025 14:36:51,0.25
04/11/2025 14:36:51,0.19047619047619047
04/11/2025 14:36:51,0.13636363636363635
04/11/2025 14:36:51,0.041666666666666664
04/11/2025 14:36:51,0.08695652173913043
04/11/2025 14:36:51,0.041666666666666664
04/11/2025 14:36:52,0.19047619047619047
04/11/2025 14:36:52,0.08695652173913043
04/11/2025 14:36:52,0.13636363636363635
04/11/2025 14:36:52,0.08695652173913043
04/11/2025 14:36:52,0.13636363636363635
04/11/2025 14:36:52,0.19047619047619047
04/11/2025 14:36:53,0.19047619047619047
04/11/2025 14:36:53,0.13636363636363635
04/11/2025 14:36:53,0.13636363636363635
04/11/2025 14:36:53,0.08695652173913043
04/11/2025 14:36:53,0.13636363636363635
04/11/2025 14:36:53,0.13636363636363635
04/11/2025 14:36:54,0.08695652173913043
04/11/2025 14:36:54,0.19047619047619047
04/11/2025 14:36:54,0.041666666666666664
04/11/2025 14:36:54,0.13636363636363635
04/11/2025 14:36:54,0.08695652173913043
04/11/2025 14:36:54,0.13636363636363635
04/11/2025 14:36:55,0.19047619047619047
04/11/2025 14:36:55,0.08695652173913043
04/11/2025 14:36:55,0.08695652173913043
04/11/2025 14:36:55,0.08695652173913043
04/11/2025 14:36:55,0.19047619047619047
04/11/2025 14:36:55,0.041666666666666664
04/11/2025 14:36:55,0.19047619047619047
04/11/2025 14:36:56,0.13636363636363635
04/11/2025 14:36:56,0.19047619047619047
04/11/2025 14:36:56,0.19047619047619047
04/11/2025 14:36:56,0.041666666666666664
04/11/2025 14:36:56,0.25
04/11/2025 14:36:56,0.13636363636363635
04/11/2025 14:36:57,0.08695652173913043
04/11/2025 14:36:57,0.13636363636363635
04/11/2025 14:36:57,0.19047619047619047
04/11/2025 14:36:57,0.08695652173913043
04/11/2025 14:36:57,0.19047619047619047
04/11/2025 14:36:57,0.19047619047619047
04/11/2025 14:36:58,0.25
04/11/2025 14:36:58,0.13636363636363635
04/11/2025 14:36:58,0.041666666666666664
04/11/2025 14:36:58,0.25
04/11/2025 14:36:58,0.25
04/11/2025 14:36:58,0.13636363636363635
04/11/2025 14:36:58,0.19047619047619047
04/11/2025 14:36:59,0.13636363636363635
04/11/2025 14:36:59,0.13636363636363635
04/11/2025 14:36:59,0.13636363636363635
04/11/2025 14:36:59,0.25
04/11/2025 14:36:59,0.08695652173913043
04/11/2025 14:36:59,0.041666666666666664
04/11/2025 14:37:00,0.19047619047619047
04/11/2025 14:37:00,0.08695652173913043
04/11/2025 14:37:00,0.19047619047619047
04/11/2025 14:37:00,0.19047619047619047
04/11/2025 14:37:00,0.08695652173913043
04/11/2025 14:37:00,0.19047619047619047
04/11/2025 14:37:01,0.13636363636363635
04/11/2025 14:37:01,0.13636363636363635
04/11/2025 14:37:01,0.13636363636363635
04/11/2025 14:37:01,0.13636363636363635
04/11/2025 14:37:01,0.13636363636363635
04/11/2025 14:37:01,0.08695652173913043
04/11/2025 14:37:02,0.08695652173913043
04/11/2025 14:37:02,0.041666666666666664
04/11/2025 14:37:02,0.13636363636363635
04/11/2025 14:37:02,0.041666666666666664
04/11/2025 14:37:02,0.25
04/11/2025 14:37:02,0.25
04/11/2025 14:37:03,0.13636363636363635
04/11/2025 14:37:03,0.13636363636363635
04/11/2025 14:37:03,0.13636363636363635
04/11/2025 14:37:03,0.19047619047619047
04/11/2025 14:37:03,0.19047619047619047
04/11/2025 14:37:03,0.19047619047619047
04/11/2025 14:37:04,0.19047619047619047
04/11/2025 14:37:04,0.19047619047619047
04/11/2025 14:37:04,0.08695652173913043
04/11/2025 14:37:04,0.13636363636363635
04/11/2025 14:37:04,0.19047619047619047
04/11/2025 14:37:04,0.041666666666666664
04/11/2025 14:37:04,0.13636363636363635
04/11/2025 14:37:05,0.19047619047619047
04/11/2025 14:37:05,0.13636363636363635
04/11/2025 14:37:05,0.08695652173913043
04/11/2025 14:37:05,0.08695652173913043
04/11/2025 14:37:05,0.19047619047619047
04/11/2025 14:37:05,0.19047619047619047
04/11/2025 14:37:06,0.19047619047619047
04/11/2025 14:37:06,0.08695652173913043
04/11/2025 14:37:06,0.08695652173913043
04/11/2025 14:37:06,0.25
04/11/2025 14:37:06,0.08695652173913043
04/11/2025 14:37:06,0.08695652173913043
04/11/2025 14:37:06,0.25
04/11/2025 14:37:07,0.19047619047619047
04/11/2025 14:37:07,0.0
04/11/2025 14:37:07,0.13636363636363635
04/11/2025 14:37:07,0.25
04/11/2025 14:37:07,0.19047619047619047
04/11/2025 14:37:07,0.13636363636363635
04/11/2025 14:37:08,0.041666666666666664
04/11/2025 14:37:08,0.08695652173913043
04/11/2025 14:37:08,0.13636363636363635
04/11/2025 14:37:08,0.13636363636363635
04/11/2025 14:37:08,0.08695652173913043
04/11/2025 14:37:08,0.0
04/11/2025 14:37:08,0.25
04/11/2025 14:37:09,0.08695652173913043
04/11/2025 14:37:09,0.3157894736842105
04/11/2025 14:37:09,0.13636363636363635
04/11/2025 14:37:09,0.25
04/11/2025 14:37:09,0.13636363636363635
04/11/2025 14:37:09,0.19047619047619047
04/11/2025 14:37:10,0.08695652173913043
04/11/2025 14:37:10,0.19047619047619047
04/11/2025 14:37:10,0.19047619047619047
04/11/2025 14:37:10,0.13636363636363635
04/11/2025 14:37:10,0.13636363636363635
04/11/2025 14:37:10,0.13636363636363635
04/11/2025 14:37:11,0.08695652173913043
04/11/2025 14:37:11,0.08695652173913043
04/11/2025 14:37:11,0.08695652173913043
04/11/2025 14:37:11,0.13636363636363635
04/11/2025 14:37:11,0.13636363636363635
04/11/2025 14:37:11,0.13636363636363635
04/11/2025 14:37:11,0.08695652173913043
04/11/2025 14:37:12,0.13636363636363635
04/11/2025 14:37:12,0.19047619047619047
04/11/2025 14:37:12,0.08695652173913043
04/11/2025 14:37:12,0.19047619047619047
04/11/2025 14:37:12,0.041666666666666664
04/11/2025 14:37:12,0.08695652173913043
04/11/2025 14:37:13,0.041666666666666664
04/11/2025 14:37:13,0.19047619047619047
04/11/2025 14:37:13,0.13636363636363635
04/11/2025 14:37:13,0.25
04/11/2025 14:37:13,0.13636363636363635
04/11/2025 14:37:13,0.19047619047619047
04/11/2025 14:37:14,0.13636363636363635
04/11/2025 14:37:14,0.19047619047619047
04/11/2025 14:37:14,0.041666666666666664
04/11/2025 14:37:14,0.13636363636363635
04/11/2025 14:37:14,0.19047619047619047
04/11/2025 14:37:14,0.08695652173913043
04/11/2025 14:37:14,0.041666666666666664
04/11/2025 14:37:15,0.13636363636363635
04/11/2025 14:37:15,0.13636363636363635
04/11/2025 14:37:15,0.19047619047619047
04/11/2025 14:37:15,0.3157894736842105
04/11/2025 14:37:15,0.08695652173913043
04/11/2025 14:37:15,0.19047619047619047
04/11/2025 14:37:16,0.041666666666666664
04/11/2025 14:37:16,0.041666666666666664
04/11/2025 14:37:16,0.13636363636363635
04/11/2025 14:37:16,0.041666666666666664
04/11/2025 14:37:16,0.25
04/11/2025 14:37:16,0.19047619047619047
04/11/2025 14:37:17,0.19047619047619047
04/11/2025 14:37:17,0.13636363636363635
04/11/2025 14:37:17,0.08695652173913043
04/11/2025 14:37:17,0.08695652173913043
04/11/2025 14:37:17,0.13636363636363635
04/11/2025 14:37:17,0.08695652173913043
04/11/2025 14:37:18,0.25
04/11/2025 14:37:18,0.19047619047619047
04/11/2025 14:37:18,0.13636363636363635
04/11/2025 14:37:18,0.19047619047619047
04/11/2025 14:37:18,0.08695652173913043
04/11/2025 14:37:18,0.13636363636363635
04/11/2025 14:37:18,0.08695652173913043
04/11/2025 14:37:19,0.19047619047619047
04/11/2025 14:37:19,0.08695652173913043
04/11/2025 14:37:19,0.25
04/11/2025 14:37:19,0.19047619047619047
04/11/2025 14:37:19,0.0
04/11/2025 14:37:19,0.08695652173913043
04/11/2025 14:37:20,0.13636363636363635
04/11/2025 14:37:20,0.13636363636363635
04/11/2025 14:37:20,0.19047619047619047
04/11/2025 14:37:20,0.25
04/11/2025 14:37:20,0.08695652173913043
04/11/2025 14:37:20,0.08695652173913043
04/11/2025 14:37:21,0.13636363636363635
04/11/2025 14:37:21,0.08695652173913043
04/11/2025 14:37:21,0.08695652173913043
04/11/2025 14:37:21,0.13636363636363635
04/11/2025 14:37:21,0.08695652173913043
04/11/2025 14:37:21,0.08695652173913043
04/11/2025 14:37:21,0.19047619047619047
04/11/2025 14:37:22,0.08695652173913043
04/11/2025 14:37:22,0.08695652173913043
04/11/2025 14:37:22,0.3157894736842105
04/11/2025 14:37:22,0.08695652173913043
04/11/2025 14:37:22,0.08695652173913043
04/11/2025 14:37:22,0.13636363636363635
04/11/2025 14:37:22,0.25
04/11/2025 14:37:23,0.08695652173913043
04/11/2025 14:37:23,0.041666666666666664
04/11/2025 14:37:23,0.13636363636363635
04/11/2025 14:37:23,0.13636363636363635
04/11/2025 14:37:23,0.25
04/11/2025 14:37:23,0.13636363636363635
04/11/2025 14:37:24,0.13636363636363635
04/11/2025 14:37:24,0.25
04/11/2025 14:37:24,0.25
04/11/2025 14:37:24,0.13636363636363635
04/11/2025 14:37:24,0.08695652173913043
04/11/2025 14:37:24,0.08695652173913043
04/11/2025 14:37:25,0.08695652173913043
04/11/2025 14:37:25,0.13636363636363635
04/11/2025 14:37:25,0.19047619047619047
04/11/2025 14:37:25,0.13636363636363635
04/11/2025 14:37:25,0.13636363636363635
04/11/2025 14:37:25,0.0
04/11/2025 14:37:26,0.13636363636363635
04/11/2025 14:37:26,0.13636363636363635
04/11/2025 14:37:26,0.08695652173913043
04/11/2025 14:37:26,0.08695652173913043
04/11/2025 14:37:26,0.19047619047619047
04/11/2025 14:37:26,0.08695652173913043
04/11/2025 14:37:26,0.25
04/11/2025 14:37:27,0.08695652173913043
04/11/2025 14:37:27,0.041666666666666664
04/11/2025 14:37:27,0.25
04/11/2025 14:37:27,0.08695652173913043
04/11/2025 14:37:27,0.08695652173913043
04/11/2025 14:37:27,0.25
04/11/2025 14:37:28,0.08695652173913043
04/11/2025 14:37:28,0.13636363636363635
04/11/2025 14:37:28,0.08695652173913043
04/11/2025 14:37:28,0.041666666666666664
04/11/2025 14:37:28,0.08695652173913043
04/11/2025 14:37:28,0.08695652173913043
04/11/2025 14:37:29,0.13636363636363635
04/11/2025 14:37:29,0.08695652173913043
04/11/2025 14:37:29,0.19047619047619047
04/11/2025 14:37:29,0.3157894736842105
04/11/2025 14:37:29,0.13636363636363635
04/11/2025 14:37:29,0.13636363636363635
04/11/2025 14:37:29,0.08695652173913043
04/11/2025 14:37:30,0.08695652173913043
04/11/2025 14:37:30,0.13636363636363635
04/11/2025 14:37:30,0.08695652173913043
04/11/2025 14:37:30,0.13636363636363635
04/11/2025 14:37:30,0.25
04/11/2025 14:37:30,0.08695652173913043
04/11/2025 14:37:31,0.13636363636363635
04/11/2025 14:37:31,0.08695652173913043
04/11/2025 14:37:31,0.13636363636363635
04/11/2025 14:37:31,0.3157894736842105
04/11/2025 14:37:31,0.08695652173913043
04/11/2025 14:37:31,0.13636363636363635
04/11/2025 14:37:32,0.13636363636363635
04/11/2025 14:37:32,0.19047619047619047
04/11/2025 14:37:32,0.19047619047619047
04/11/2025 14:37:32,0.08695652173913043
04/11/2025 14:37:32,0.041666666666666664
04/11/2025 14:37:32,0.041666666666666664
04/11/2025 14:37:32,0.041666666666666664
04/11/2025 14:37:33,0.08695652173913043
04/11/2025 14:37:33,0.19047619047619047
04/11/2025 14:37:33,0.13636363636363635
04/11/2025 14:37:33,0.19047619047619047
04/11/2025 14:37:33,0.13636363636363635
04/11/2025 14:37:33,0.041666666666666664
04/11/2025 14:37:34,0.25
04/11/2025 14:37:34,0.08695652173913043
04/11/2025 14:37:34,0.19047619047619047
04/11/2025 14:37:34,0.041666666666666664
04/11/2025 14:37:34,0.13636363636363635
04/11/2025 14:37:34,0.13636363636363635
04/11/2025 14:37:34,0.13636363636363635
04/11/2025 14:37:35,0.041666666666666664
04/11/2025 14:37:35,0.3157894736842105
04/11/2025 14:37:35,0.08695652173913043
04/11/2025 14:37:35,0.25
04/11/2025 14:37:35,0.041666666666666664
04/11/2025 14:37:35,0.13636363636363635
04/11/2025 14:37:36,0.13636363636363635
04/11/2025 14:37:36,0.25
04/11/2025 14:37:36,0.08695652173913043
04/11/2025 14:37:36,0.08695652173913043
04/11/2025 14:37:36,0.13636363636363635
04/11/2025 14:37:36,0.08695652173913043
04/11/2025 14:37:36,0.08695652173913043
04/11/2025 14:37:37,0.25
04/11/2025 14:37:37,0.041666666666666664
04/11/2025 14:37:37,0.08695652173913043
04/11/2025 14:37:37,0.19047619047619047
04/11/2025 14:37:37,0.13636363636363635
04/11/2025 14:37:37,0.3888888888888889
04/11/2025 14:37:38,0.08695652173913043
04/11/2025 14:37:38,0.13636363636363635
04/11/2025 14:37:38,0.19047619047619047
04/11/2025 14:37:38,0.13636363636363635
04/11/2025 14:37:38,0.0
04/11/2025 14:37:38,0.08695652173913043
04/11/2025 14:37:39,0.08695652173913043
04/11/2025 14:37:39,0.19047619047619047
04/11/2025 14:37:39,0.13636363636363635
04/11/2025 14:37:39,0.13636363636363635
04/11/2025 14:37:39,0.13636363636363635
04/11/2025 14:37:39,0.25
04/11/2025 14:37:39,0.08695652173913043
04/11/2025 14:37:40,0.13636363636363635
04/11/2025 14:37:40,0.19047619047619047
04/11/2025 14:37:40,0.13636363636363635
04/11/2025 14:37:40,0.3157894736842105
04/11/2025 14:37:40,0.08695652173913043
04/11/2025 14:37:40,0.08695652173913043
04/11/2025 14:37:41,0.13636363636363635
04/11/2025 14:37:41,0.08695652173913043
04/11/2025 14:37:41,0.13636363636363635
04/11/2025 14:37:41,0.3157894736842105
04/11/2025 14:37:41,0.13636363636363635
04/11/2025 14:37:41,0.08695652173913043
04/11/2025 14:37:42,0.25
04/11/2025 14:37:42,0.13636363636363635
04/11/2025 14:37:42,0.13636363636363635
04/11/2025 14:37:42,0.13636363636363635
04/11/2025 14:37:42,0.19047619047619047
04/11/2025 14:37:42,0.19047619047619047
04/11/2025 14:37:43,0.08695652173913043
04/11/2025 14:37:43,0.19047619047619047
04/11/2025 14:37:43,0.19047619047619047
04/11/2025 14:37:43,0.08695652173913043
04/11/2025 14:37:43,0.19047619047619047
04/11/2025 14:37:43,0.08695652173913043
04/11/2025 14:37:43,0.13636363636363635
04/11/2025 14:37:44,0.25
04/11/2025 14:37:44,0.08695652173913043
04/11/2025 14:37:44,0.19047619047619047
04/11/2025 14:37:44,0.08695652173913043
04/11/2025 14:37:44,0.08695652173913043
04/11/2025 14:37:44,0.13636363636363635
04/11/2025 14:37:45,0.25
04/11/2025 14:37:45,0.13636363636363635
04/11/2025 14:37:45,0.25
04/11/2025 14:37:45,0.19047619047619047
04/11/2025 14:37:45,0.13636363636363635
04/11/2025 14:37:45,0.19047619047619047
04/11/2025 14:37:46,0.19047619047619047
04/11/2025 14:37:46,0.13636363636363635
04/11/2025 14:37:46,0.13636363636363635
04/11/2025 14:37:46,0.13636363636363635
04/11/2025 14:37:46,0.13636363636363635
04/11/2025 14:37:46,0.13636363636363635
04/11/2025 14:37:47,0.13636363636363635
04/11/2025 14:37:47,0.19047619047619047
04/11/2025 14:37:47,0.08695652173913043
04/11/2025 14:37:47,0.13636363636363635
04/11/2025 14:37:47,0.0
04/11/2025 14:37:47,0.3888888888888889
04/11/2025 14:37:47,0.13636363636363635
04/11/2025 14:37:48,0.13636363636363635
04/11/2025 14:37:48,0.3157894736842105
04/11/2025 14:37:48,0.13636363636363635
04/11/2025 14:37:48,0.13636363636363635
04/11/2025 14:37:48,0.08695652173913043
04/11/2025 14:37:48,0.25
04/11/2025 14:37:49,0.13636363636363635
04/11/2025 14:37:49,0.08695652173913043
04/11/2025 14:37:49,0.13636363636363635
04/11/2025 14:37:49,0.19047619047619047
04/11/2025 14:37:49,0.19047619047619047
04/11/2025 14:39:53,0.19047619047619047
04/11/2025 14:39:53,0.13636363636363635
04/11/2025 14:39:54,0.13636363636363635
04/11/2025 14:39:54,0.25
04/11/2025 14:39:54,0.08695652173913043
04/11/2025 14:39:54,0.3157894736842105
04/11/2025 14:39:54,0.19047619047619047
04/11/2025 14:39:54,0.041666666666666664
04/11/2025 14:39:55,0.13636363636363635
04/11/2025 14:39:55,0.13636363636363635
04/11/2025 14:39:55,0.041666666666666664
04/11/2025 14:39:55,0.25
04/11/2025 14:39:55,0.25
04/11/2025 14:39:55,0.19047619047619047
04/11/2025 14:39:55,0.08695652173913043
04/11/2025 14:39:56,0.19047619047619047
04/11/2025 14:39:56,0.13636363636363635
04/11/2025 14:39:56,0.19047619047619047
04/11/2025 14:39:56,0.19047619047619047
04/11/2025 14:39:56,0.13636363636363635
04/11/2025 14:39:56,0.041666666666666664
04/11/2025 14:39:57,0.19047619047619047
04/11/2025 14:39:57,0.0
04/11/2025 14:39:57,0.13636363636363635
04/11/2025 14:39:57,0.25
04/11/2025 14:39:57,0.13636363636363635
04/11/2025 14:39:57,0.08695652173913043
04/11/2025 14:39:57,0.19047619047619047
04/11/2025 14:39:58,0.13636363636363635
04/11/2025 14:39:58,0.041666666666666664
04/11/2025 14:39:58,0.08695652173913043
04/11/2025 14:39:58,0.0
04/11/2025 14:39:58,0.13636363636363635
04/11/2025 14:39:58,0.3157894736842105
04/11/2025 14:39:59,0.19047619047619047
04/11/2025 14:39:59,0.08695652173913043
04/11/2025 14:39:59,0.08695652173913043
04/11/2025 14:39:59,0.19047619047619047
04/11/2025 14:39:59,0.19047619047619047
04/11/2025 14:39:59,0.13636363636363635
04/11/2025 14:40:00,0.25
04/11/2025 14:40:00,0.19047619047619047
04/11/2025 14:40:00,0.08695652173913043
04/11/2025 14:40:00,0.08695652173913043
04/11/2025 14:40:00,0.08695652173913043
04/11/2025 14:40:00,0.13636363636363635
04/11/2025 14:40:00,0.25
04/11/2025 14:40:01,0.19047619047619047
04/11/2025 14:40:01,0.3888888888888889
04/11/2025 14:40:01,0.08695652173913043
04/11/2025 14:40:01,0.041666666666666664
04/11/2025 14:40:01,0.13636363636363635
04/11/2025 14:40:01,0.041666666666666664
04/11/2025 14:40:02,0.19047619047619047
04/11/2025 14:40:02,0.19047619047619047
04/11/2025 14:40:02,0.041666666666666664
04/11/2025 14:40:02,0.19047619047619047
04/11/2025 14:40:02,0.19047619047619047
04/11/2025 14:40:02,0.19047619047619047
04/11/2025 14:40:03,0.19047619047619047
04/11/2025 14:40:03,0.041666666666666664
04/11/2025 14:40:03,0.08695652173913043
04/11/2025 14:40:03,0.08695652173913043
04/11/2025 14:40:03,0.13636363636363635
04/11/2025 14:40:03,0.13636363636363635
04/11/2025 14:40:03,0.08695652173913043
04/11/2025 14:40:04,0.08695652173913043
04/11/2025 14:40:04,0.13636363636363635
04/11/2025 14:40:04,0.13636363636363635
04/11/2025 14:40:04,0.13636363636363635
04/11/2025 14:40:04,0.13636363636363635
04/11/2025 14:40:04,0.13636363636363635
04/11/2025 14:40:05,0.041666666666666664
04/11/2025 14:40:05,0.13636363636363635
04/11/2025 14:40:05,0.08695652173913043
04/11/2025 14:40:05,0.19047619047619047
04/11/2025 14:40:05,0.13636363636363635
04/11/2025 14:40:05,0.13636363636363635
04/11/2025 14:40:05,0.041666666666666664
04/11/2025 14:40:06,0.08695652173913043
04/11/2025 14:40:06,0.19047619047619047
04/11/2025 14:40:06,0.25
04/11/2025 14:40:06,0.13636363636363635
04/11/2025 14:40:06,0.041666666666666664
04/11/2025 14:40:06,0.08695652173913043
04/11/2025 14:40:07,0.041666666666666664
04/11/2025 14:40:07,0.13636363636363635
04/11/2025 14:40:07,0.13636363636363635
04/11/2025 14:40:07,0.08695652173913043
04/11/2025 14:40:07,0.19047619047619047
04/11/2025 14:40:07,0.08695652173913043
04/11/2025 14:40:08,0.08695652173913043
04/11/2025 14:40:08,0.041666666666666664
04/11/2025 14:40:08,0.13636363636363635
04/11/2025 14:40:08,0.19047619047619047
04/11/2025 14:40:08,0.13636363636363635
04/11/2025 14:40:08,0.08695652173913043
04/11/2025 14:40:08,0.19047619047619047
04/11/2025 14:40:09,0.19047619047619047
04/11/2025 14:40:09,0.25
04/11/2025 14:40:09,0.08695652173913043
04/11/2025 14:40:09,0.19047619047619047
04/11/2025 14:40:09,0.3157894736842105
04/11/2025 14:40:09,0.25
04/11/2025 14:40:10,0.13636363636363635
04/11/2025 14:40:10,0.19047619047619047
04/11/2025 14:40:10,0.13636363636363635
04/11/2025 14:40:10,0.13636363636363635
04/11/2025 14:40:10,0.08695652173913043
04/11/2025 14:40:10,0.19047619047619047
04/11/2025 14:40:11,0.08695652173913043
04/11/2025 14:40:11,0.08695652173913043
04/11/2025 14:40:11,0.13636363636363635
04/11/2025 14:40:11,0.13636363636363635
04/11/2025 14:40:11,0.08695652173913043
04/11/2025 14:40:11,0.041666666666666664
04/11/2025 14:40:11,0.25
04/11/2025 14:40:12,0.19047619047619047
04/11/2025 14:40:12,0.13636363636363635
04/11/2025 14:40:12,0.041666666666666664
04/11/2025 14:40:12,0.0
04/11/2025 14:40:12,0.041666666666666664
04/11/2025 14:40:12,0.19047619047619047
04/11/2025 14:40:13,0.08695652173913043
04/11/2025 14:40:13,0.08695652173913043
04/11/2025 14:40:13,0.041666666666666664
04/11/2025 14:40:13,0.19047619047619047
04/11/2025 14:40:13,0.19047619047619047
04/11/2025 14:40:13,0.13636363636363635
04/11/2025 14:40:13,0.041666666666666664
04/11/2025 14:40:14,0.13636363636363635
04/11/2025 14:40:14,0.19047619047619047
04/11/2025 14:40:14,0.13636363636363635
04/11/2025 14:40:14,0.19047619047619047
04/11/2025 14:40:14,0.08695652173913043
04/11/2025 14:40:14,0.19047619047619047
04/11/2025 14:40:15,0.08695652173913043
04/11/2025 14:40:15,0.13636363636363635
04/11/2025 14:40:15,0.08695652173913043
04/11/2025 14:40:15,0.13636363636363635
04/11/2025 14:40:15,0.19047619047619047
04/11/2025 14:40:15,0.19047619047619047
04/11/2025 14:40:16,0.19047619047619047
04/11/2025 14:40:16,0.08695652173913043
04/11/2025 14:40:16,0.13636363636363635
04/11/2025 14:40:16,0.25
04/11/2025 14:40:16,0.25
04/11/2025 14:40:16,0.08695652173913043
04/11/2025 14:40:16,0.041666666666666664
04/11/2025 14:40:17,0.3157894736842105
04/11/2025 14:40:17,0.13636363636363635
04/11/2025 14:40:17,0.08695652173913043
04/11/2025 14:40:17,0.19047619047619047
04/11/2025 14:40:17,0.08695652173913043
04/11/2025 14:40:17,0.08695652173913043
04/11/2025 14:40:18,0.13636363636363635
04/11/2025 14:40:18,0.19047619047619047
04/11/2025 14:40:18,0.13636363636363635
04/11/2025 14:40:18,0.041666666666666664
04/11/2025 14:40:18,0.25
04/11/2025 14:40:18,0.25
04/11/2025 14:40:18,0.19047619047619047
04/11/2025 14:40:19,0.08695652173913043
04/11/2025 14:40:19,0.13636363636363635
04/11/2025 14:40:19,0.13636363636363635
04/11/2025 14:40:19,0.13636363636363635
04/11/2025 14:40:19,0.08695652173913043
04/11/2025 14:40:19,0.13636363636363635
04/11/2025 14:40:20,0.08695652173913043
04/11/2025 14:40:20,0.19047619047619047
04/11/2025 14:40:20,0.19047619047619047
04/11/2025 14:40:20,0.08695652173913043
04/11/2025 14:40:20,0.08695652173913043
04/11/2025 14:40:20,0.13636363636363635
04/11/2025 14:40:20,0.08695652173913043
04/11/2025 14:40:21,0.08695652173913043
04/11/2025 14:40:21,0.041666666666666664
04/11/2025 14:40:21,0.19047619047619047
04/11/2025 14:40:21,0.08695652173913043
04/11/2025 14:40:21,0.25
04/11/2025 14:40:21,0.19047619047619047
04/11/2025 14:40:22,0.08695652173913043
04/11/2025 14:40:22,0.25
04/11/2025 14:40:22,0.19047619047619047
04/11/2025 14:40:22,0.19047619047619047
04/11/2025 14:40:22,0.08695652173913043
04/11/2025 14:40:22,0.19047619047619047
04/11/2025 14:40:23,0.08695652173913043
04/11/2025 14:40:23,0.13636363636363635
04/11/2025 14:40:23,0.25
04/11/2025 14:40:23,0.08695652173913043
04/11/2025 14:40:23,0.19047619047619047
04/11/2025 14:40:23,0.19047619047619047
04/11/2025 14:40:23,0.041666666666666664
04/11/2025 14:40:24,0.13636363636363635
04/11/2025 14:40:24,0.13636363636363635
04/11/2025 14:40:24,0.13636363636363635
04/11/2025 14:40:24,0.041666666666666664
04/11/2025 14:40:24,0.13636363636363635
04/11/2025 14:40:24,0.13636363636363635
04/11/2025 14:40:25,0.13636363636363635
04/11/2025 14:40:25,0.13636363636363635
04/11/2025 14:40:25,0.08695652173913043
04/11/2025 14:40:25,0.13636363636363635
04/11/2025 14:40:25,0.13636363636363635
04/11/2025 14:40:25,0.13636363636363635
04/11/2025 14:40:25,0.08695652173913043
04/11/2025 14:40:26,0.19047619047619047
04/11/2025 14:40:26,0.13636363636363635
04/11/2025 14:40:26,0.08695652173913043
04/11/2025 14:40:26,0.08695652173913043
04/11/2025 14:40:26,0.13636363636363635
04/11/2025 14:40:26,0.08695652173913043
04/11/2025 14:40:27,0.08695652173913043
04/11/2025 14:40:27,0.13636363636363635
04/11/2025 14:40:27,0.19047619047619047
04/11/2025 14:40:27,0.08695652173913043
04/11/2025 14:40:27,0.13636363636363635
04/11/2025 14:40:27,0.13636363636363635
04/11/2025 14:40:28,0.19047619047619047
04/11/2025 14:40:28,0.041666666666666664
04/11/2025 14:40:28,0.13636363636363635
04/11/2025 14:40:28,0.13636363636363635
04/11/2025 14:40:28,0.13636363636363635
04/11/2025 14:40:28,0.13636363636363635
04/11/2025 14:40:28,0.13636363636363635
04/11/2025 14:40:29,0.19047619047619047
04/11/2025 14:40:29,0.08695652173913043
04/11/2025 14:40:29,0.13636363636363635
04/11/2025 14:40:29,0.08695652173913043
04/11/2025 14:40:29,0.13636363636363635
04/11/2025 14:40:29,0.041666666666666664
04/11/2025 14:40:30,0.041666666666666664
04/11/2025 14:40:30,0.08695652173913043
04/11/2025 14:40:30,0.19047619047619047
04/11/2025 14:40:30,0.19047619047619047
04/11/2025 14:40:30,0.13636363636363635
04/11/2025 14:40:30,0.13636363636363635
04/11/2025 14:40:31,0.13636363636363635
04/11/2025 14:40:31,0.13636363636363635
04/11/2025 14:40:31,0.13636363636363635
04/11/2025 14:40:31,0.25
04/11/2025 14:40:31,0.08695652173913043
04/11/2025 14:40:31,0.08695652173913043
04/11/2025 14:40:31,0.08695652173913043
04/11/2025 14:40:32,0.13636363636363635
04/11/2025 14:40:32,0.13636363636363635
04/11/2025 14:40:32,0.13636363636363635
04/11/2025 14:40:32,0.13636363636363635
04/11/2025 14:40:32,0.13636363636363635
04/11/2025 14:40:32,0.08695652173913043
04/11/2025 14:40:33,0.19047619047619047
04/11/2025 14:40:33,0.13636363636363635
04/11/2025 14:40:33,0.13636363636363635
04/11/2025 14:40:33,0.08695652173913043
04/11/2025 14:40:33,0.25
04/11/2025 14:40:33,0.08695652173913043
04/11/2025 14:40:33,0.08695652173913043
04/11/2025 14:40:34,0.13636363636363635
04/11/2025 14:40:34,0.3157894736842105
04/11/2025 14:40:34,0.13636363636363635
04/11/2025 14:40:34,0.19047619047619047
04/11/2025 14:40:34,0.19047619047619047
04/11/2025 14:40:34,0.08695652173913043
04/11/2025 14:40:35,0.25
04/11/2025 14:40:35,0.13636363636363635
04/11/2025 14:40:35,0.041666666666666664
04/11/2025 14:40:35,0.13636363636363635
04/11/2025 14:40:35,0.08695652173913043
04/11/2025 14:40:35,0.08695652173913043
04/11/2025 14:40:36,0.08695652173913043
04/11/2025 14:40:36,0.13636363636363635
04/11/2025 14:40:36,0.47058823529411764
04/11/2025 14:40:36,0.041666666666666664
04/11/2025 14:40:36,0.13636363636363635
04/11/2025 14:40:36,0.08695652173913043
04/11/2025 14:40:36,0.08695652173913043
04/11/2025 14:40:37,0.08695652173913043
04/11/2025 14:40:37,0.08695652173913043
04/11/2025 14:40:37,0.19047619047619047
04/11/2025 14:40:37,0.19047619047619047
04/11/2025 14:40:37,0.13636363636363635
04/11/2025 14:40:37,0.19047619047619047
04/11/2025 14:40:38,0.19047619047619047
04/11/2025 14:40:38,0.08695652173913043
04/11/2025 14:40:38,0.13636363636363635
04/11/2025 14:40:38,0.19047619047619047
04/11/2025 14:40:38,0.0
04/11/2025 14:40:38,0.13636363636363635
04/11/2025 14:40:38,0.13636363636363635
04/11/2025 14:40:39,0.0
04/11/2025 14:40:39,0.13636363636363635
04/11/2025 14:40:39,0.13636363636363635
04/11/2025 14:40:39,0.08695652173913043
04/11/2025 14:40:39,0.19047619047619047
04/11/2025 14:40:39,0.0
04/11/2025 14:40:40,0.13636363636363635
04/11/2025 14:40:40,0.13636363636363635
04/11/2025 14:40:40,0.3157894736842105
04/11/2025 14:40:40,0.13636363636363635
04/11/2025 14:40:40,0.19047619047619047
04/11/2025 14:40:40,0.13636363636363635
04/11/2025 14:40:41,0.08695652173913043
04/11/2025 14:40:41,0.13636363636363635
04/11/2025 14:40:41,0.08695652173913043
04/11/2025 14:40:41,0.041666666666666664
04/11/2025 14:40:41,0.13636363636363635
04/11/2025 14:40:41,0.13636363636363635
04/11/2025 14:40:41,0.041666666666666664
04/11/2025 14:40:42,0.19047619047619047
04/11/2025 14:40:42,0.19047619047619047
04/11/2025 14:40:42,0.19047619047619047
04/11/2025 14:40:42,0.13636363636363635
04/11/2025 14:40:42,0.08695652173913043
04/11/2025 14:40:42,0.19047619047619047
04/11/2025 14:40:43,0.08695652173913043
04/11/2025 14:40:43,0.08695652173913043
04/11/2025 14:40:43,0.08695652173913043
04/11/2025 14:40:43,0.08695652173913043
04/11/2025 14:40:43,0.19047619047619047
04/11/2025 14:40:43,0.13636363636363635
04/11/2025 14:40:43,0.08695652173913043
04/11/2025 14:40:44,0.13636363636363635
04/11/2025 14:40:44,0.19047619047619047
04/11/2025 14:40:44,0.08695652173913043
04/11/2025 14:40:44,0.041666666666666664
04/11/2025 14:40:44,0.08695652173913043
04/11/2025 14:40:44,0.13636363636363635
04/11/2025 14:40:45,0.19047619047619047
04/11/2025 14:40:45,0.08695652173913043
04/11/2025 14:40:45,0.19047619047619047
04/11/2025 14:40:45,0.08695652173913043
04/11/2025 14:40:45,0.08695652173913043
04/11/2025 14:40:45,0.19047619047619047
04/11/2025 14:40:45,0.19047619047619047
04/11/2025 14:40:46,0.13636363636363635
04/11/2025 14:40:46,0.13636363636363635
04/11/2025 14:40:46,0.08695652173913043
04/11/2025 14:40:46,0.19047619047619047
04/11/2025 14:40:46,0.13636363636363635
04/11/2025 14:40:46,0.19047619047619047
04/11/2025 14:40:47,0.08695652173913043
04/11/2025 14:40:47,0.08695652173913043
04/11/2025 14:40:47,0.3157894736842105
04/11/2025 14:40:47,0.25
04/11/2025 14:40:47,0.13636363636363635
04/11/2025 14:40:47,0.08695652173913043
04/11/2025 14:40:48,0.041666666666666664
04/11/2025 14:40:48,0.13636363636363635
04/11/2025 14:40:48,0.08695652173913043
04/11/2025 14:40:48,0.25
04/11/2025 14:40:48,0.041666666666666664
04/11/2025 14:40:48,0.08695652173913043
04/11/2025 14:40:48,0.19047619047619047
04/11/2025 14:40:49,0.13636363636363635
04/11/2025 14:40:49,0.19047619047619047
04/11/2025 14:40:49,0.041666666666666664
04/11/2025 14:40:49,0.13636363636363635
04/11/2025 14:40:49,0.13636363636363635
04/11/2025 14:40:49,0.19047619047619047
04/11/2025 14:40:50,0.08695652173913043
04/11/2025 14:40:50,0.08695652173913043
04/11/2025 14:40:50,0.08695652173913043
04/11/2025 14:40:50,0.0
04/11/2025 14:40:50,0.08695652173913043
04/11/2025 14:40:50,0.19047619047619047
04/11/2025 14:40:51,0.19047619047619047
04/11/2025 14:40:51,0.19047619047619047
04/11/2025 14:40:51,0.25
04/11/2025 14:40:51,0.19047619047619047
04/11/2025 14:40:51,0.13636363636363635
04/11/2025 14:40:51,0.19047619047619047
04/11/2025 14:40:51,0.13636363636363635
04/11/2025 14:40:52,0.08695652173913043
04/11/2025 14:40:52,0.25
04/11/2025 14:40:52,0.19047619047619047
04/11/2025 14:40:52,0.3157894736842105
04/11/2025 14:40:52,0.08695652173913043
04/11/2025 14:40:52,0.19047619047619047
04/11/2025 14:40:53,0.08695652173913043
04/11/2025 14:40:53,0.19047619047619047
04/11/2025 14:40:53,0.19047619047619047
04/11/2025 14:40:53,0.19047619047619047
04/11/2025 14:40:53,0.08695652173913043
04/11/2025 14:40:53,0.13636363636363635
04/11/2025 14:40:53,0.25
04/11/2025 14:40:54,0.13636363636363635
04/11/2025 14:40:54,0.19047619047619047
04/11/2025 14:40:54,0.08695652173913043
04/11/2025 14:40:54,0.041666666666666664
04/11/2025 14:40:54,0.08695652173913043
04/11/2025 14:40:54,0.19047619047619047
04/11/2025 14:40:55,0.08695652173913043
04/11/2025 14:40:55,0.19047619047619047
04/11/2025 14:40:55,0.08695652173913043
04/11/2025 14:40:55,0.08695652173913043
04/11/2025 14:40:55,0.08695652173913043
04/11/2025 14:40:55,0.08695652173913043
04/11/2025 14:40:56,0.041666666666666664
04/11/2025 14:40:56,0.08695652173913043
04/11/2025 14:40:56,0.13636363636363635
04/11/2025 14:40:56,0.13636363636363635
04/11/2025 14:40:56,0.19047619047619047
04/11/2025 14:40:56,0.08695652173913043
04/11/2025 14:40:57,0.19047619047619047
04/11/2025 14:40:57,0.08695652173913043
04/11/2025 14:40:57,0.3157894736842105
04/11/2025 14:40:57,0.041666666666666664
04/11/2025 14:40:57,0.13636363636363635
04/11/2025 14:40:57,0.13636363636363635
04/11/2025 14:40:57,0.13636363636363635
04/11/2025 14:40:58,0.19047619047619047
04/11/2025 14:40:58,0.08695652173913043
04/11/2025 14:40:58,0.19047619047619047
04/11/2025 14:40:58,0.08695652173913043
04/11/2025 14:40:58,0.25
04/11/2025 14:40:58,0.041666666666666664
04/11/2025 14:40:59,0.08695652173913043
04/11/2025 14:40:59,0.0
04/11/2025 14:40:59,0.13636363636363635
04/11/2025 14:40:59,0.13636363636363635
04/11/2025 14:40:59,0.13636363636363635
04/11/2025 14:40:59,0.08695652173913043
04/11/2025 14:41:00,0.19047619047619047
04/11/2025 14:41:00,0.041666666666666664
04/11/2025 14:41:00,0.19047619047619047
04/11/2025 14:41:00,0.25
04/11/2025 14:41:00,0.08695652173913043
04/11/2025 14:41:00,0.19047619047619047
04/11/2025 14:41:00,0.041666666666666664
04/11/2025 14:41:01,0.13636363636363635
04/11/2025 14:41:01,0.19047619047619047
04/11/2025 14:41:01,0.19047619047619047
04/11/2025 14:41:01,0.13636363636363635
04/11/2025 14:41:01,0.08695652173913043
04/11/2025 14:41:01,0.041666666666666664
04/11/2025 14:41:02,0.19047619047619047
04/11/2025 14:41:02,0.13636363636363635
04/11/2025 14:41:02,0.041666666666666664
04/11/2025 14:41:02,0.19047619047619047
04/11/2025 14:41:02,0.19047619047619047
04/11/2025 14:41:02,0.08695652173913043
04/11/2025 14:41:02,0.08695652173913043
04/11/2025 14:41:03,0.0
04/11/2025 14:41:03,0.19047619047619047
04/11/2025 14:41:03,0.08695652173913043
04/11/2025 14:41:03,0.041666666666666664
04/11/2025 14:41:03,0.0
04/11/2025 14:41:03,0.13636363636363635
04/11/2025 14:41:04,0.19047619047619047
04/11/2025 14:41:04,0.13636363636363635
04/11/2025 14:41:04,0.08695652173913043
04/11/2025 14:41:04,0.13636363636363635
04/11/2025 14:41:04,0.08695652173913043
04/11/2025 14:41:04,0.08695652173913043
04/11/2025 14:41:05,0.08695652173913043
04/11/2025 14:41:05,0.13636363636363635
04/11/2025 14:41:05,0.19047619047619047
04/11/2025 14:41:05,0.19047619047619047
04/11/2025 14:41:05,0.08695652173913043
04/11/2025 14:41:05,0.08695652173913043
04/11/2025 14:41:05,0.25
04/11/2025 14:41:06,0.13636363636363635
04/11/2025 14:41:06,0.3157894736842105
04/11/2025 14:41:06,0.08695652173913043
04/11/2025 14:41:06,0.13636363636363635
04/11/2025 14:41:06,0.13636363636363635
04/11/2025 14:41:06,0.08695652173913043
04/11/2025 14:41:07,0.3157894736842105
04/11/2025 14:41:07,0.19047619047619047
04/11/2025 14:41:07,0.19047619047619047
04/11/2025 14:41:07,0.08695652173913043
04/11/2025 14:41:07,0.19047619047619047
04/11/2025 14:41:07,0.25
04/11/2025 14:41:08,0.13636363636363635
04/11/2025 14:41:08,0.08695652173913043
04/11/2025 14:41:08,0.13636363636363635
04/11/2025 14:41:08,0.13636363636363635
04/11/2025 14:41:08,0.13636363636363635
04/11/2025 14:41:08,0.08695652173913043
04/11/2025 14:41:08,0.08695652173913043
04/11/2025 14:41:09,0.08695652173913043
04/11/2025 14:41:09,0.19047619047619047
04/11/2025 14:41:09,0.041666666666666664
04/11/2025 14:41:09,0.19047619047619047
04/11/2025 14:41:09,0.0
04/11/2025 14:41:09,0.19047619047619047
04/11/2025 14:41:10,0.13636363636363635
04/11/2025 14:41:10,0.19047619047619047
04/11/2025 14:41:10,0.13636363636363635
04/11/2025 14:41:10,0.08695652173913043
04/11/2025 14:41:10,0.08695652173913043
04/11/2025 14:41:10,0.19047619047619047
04/11/2025 14:41:11,0.19047619047619047
04/11/2025 14:41:11,0.13636363636363635
04/11/2025 14:41:11,0.13636363636363635
04/11/2025 14:41:11,0.08695652173913043
04/11/2025 14:41:11,0.19047619047619047
04/11/2025 14:41:11,0.13636363636363635
04/11/2025 14:41:11,0.08695652173913043
04/11/2025 14:41:12,0.13636363636363635
04/11/2025 14:41:12,0.08695652173913043
04/11/2025 14:41:12,0.25
04/11/2025 14:41:12,0.08695652173913043
04/11/2025 14:41:12,0.25
04/11/2025 14:41:12,0.13636363636363635
04/11/2025 14:41:13,0.13636363636363635
04/11/2025 14:41:13,0.13636363636363635
04/11/2025 14:41:13,0.3157894736842105
04/11/2025 14:41:13,0.3157894736842105
04/11/2025 14:41:13,0.13636363636363635
04/11/2025 14:41:13,0.25
04/11/2025 14:41:14,0.19047619047619047
04/11/2025 14:41:14,0.25
04/11/2025 14:41:14,0.13636363636363635
04/11/2025 14:41:14,0.13636363636363635
04/11/2025 14:41:14,0.25
04/11/2025 14:41:14,0.08695652173913043
04/11/2025 14:41:14,0.08695652173913043
04/11/2025 14:41:15,0.13636363636363635
04/11/2025 14:41:15,0.08695652173913043
04/11/2025 14:41:15,0.08695652173913043
04/11/2025 14:41:15,0.25
04/11/2025 14:41:15,0.08695652173913043
04/11/2025 14:41:15,0.13636363636363635
04/11/2025 14:41:16,0.0
04/11/2025 14:41:16,0.041666666666666664
04/11/2025 14:41:16,0.041666666666666664
04/11/2025 14:41:16,0.19047619047619047
04/11/2025 14:41:16,0.08695652173913043
04/11/2025 14:41:16,0.13636363636363635
04/11/2025 14:41:17,0.3157894736842105
04/11/2025 14:41:17,0.08695652173913043
04/11/2025 14:41:17,0.041666666666666664
04/11/2025 14:41:17,0.25
04/11/2025 14:41:17,0.13636363636363635
04/11/2025 14:41:17,0.13636363636363635
04/11/2025 14:41:17,0.08695652173913043
04/11/2025 14:41:18,0.13636363636363635
04/11/2025 14:41:18,0.25
04/11/2025 14:41:18,0.13636363636363635
04/11/2025 14:41:18,0.19047619047619047
04/11/2025 14:41:18,0.13636363636363635
04/11/2025 14:41:18,0.0
04/11/2025 14:41:19,0.13636363636363635
04/11/2025 14:41:19,0.19047619047619047
04/11/2025 14:41:19,0.08695652173913043
04/11/2025 14:41:19,0.08695652173913043
04/11/2025 14:41:19,0.08695652173913043
04/11/2025 14:41:19,0.19047619047619047
04/11/2025 14:41:20,0.3157894736842105
04/11/2025 14:41:20,0.19047619047619047
04/11/2025 14:41:20,0.19047619047619047
04/11/2025 14:41:20,0.19047619047619047
04/11/2025 14:41:20,0.19047619047619047
04/11/2025 14:41:20,0.19047619047619047
04/11/2025 14:41:20,0.08695652173913043
04/11/2025 14:41:21,0.25
04/11/2025 14:41:21,0.08695652173913043
04/11/2025 14:41:21,0.13636363636363635
04/11/2025 14:41:21,0.13636363636363635
04/11/2025 14:41:21,0.13636363636363635
04/11/2025 14:41:21,0.13636363636363635
04/11/2025 14:41:22,0.13636363636363635
04/11/2025 14:41:22,0.08695652173913043
04/11/2025 14:41:22,0.08695652173913043
04/11/2025 14:41:22,0.13636363636363635
04/11/2025 14:41:22,0.19047619047619047
04/11/2025 14:41:22,0.19047619047619047
04/11/2025 14:41:23,0.19047619047619047
04/11/2025 14:41:23,0.13636363636363635
04/11/2025 14:41:23,0.19047619047619047
04/11/2025 14:41:23,0.041666666666666664
04/11/2025 14:41:23,0.25
04/11/2025 14:41:23,0.19047619047619047
04/11/2025 14:41:24,0.19047619047619047
04/11/2025 14:41:24,0.08695652173913043
04/11/2025 14:41:24,0.19047619047619047
04/11/2025 14:41:24,0.25
04/11/2025 14:41:24,0.3157894736842105
04/11/2025 14:41:24,0.25
04/11/2025 14:41:25,0.19047619047619047
04/11/2025 14:41:25,0.13636363636363635
04/11/2025 14:41:25,0.3157894736842105
04/11/2025 14:41:25,0.041666666666666664
04/11/2025 14:41:25,0.13636363636363635
04/11/2025 14:41:25,0.041666666666666664
04/11/2025 14:41:26,0.19047619047619047
04/11/2025 14:41:26,0.25
04/11/2025 14:41:26,0.0
04/11/2025 14:41:26,0.13636363636363635
04/11/2025 14:41:26,0.19047619047619047
04/11/2025 14:41:26,0.19047619047619047
04/11/2025 14:41:26,0.25
04/11/2025 14:41:27,0.13636363636363635
04/11/2025 14:41:27,0.25
04/11/2025 14:41:27,0.13636363636363635
04/11/2025 14:41:27,0.19047619047619047
04/11/2025 14:41:27,0.25
04/11/2025 14:41:28,0.08695652173913043
04/11/2025 14:41:28,0.19047619047619047
04/11/2025 14:41:28,0.25
04/11/2025 14:41:28,0.08695652173913043
04/11/2025 14:41:28,0.13636363636363635
04/11/2025 14:41:28,0.08695652173913043
04/11/2025 14:41:28,0.25
04/11/2025 14:41:29,0.19047619047619047
04/11/2025 14:41:29,0.13636363636363635
04/11/2025 14:41:29,0.13636363636363635
04/11/2025 14:41:29,0.08695652173913043
04/11/2025 14:41:29,0.25
04/11/2025 14:41:29,0.08695652173913043
04/11/2025 14:41:30,0.13636363636363635
04/11/2025 14:41:30,0.19047619047619047
04/11/2025 14:41:30,0.13636363636363635
04/11/2025 14:41:30,0.08695652173913043
04/11/2025 14:41:30,0.19047619047619047
04/11/2025 14:41:30,0.13636363636363635
04/11/2025 14:41:31,0.13636363636363635
04/11/2025 14:41:31,0.19047619047619047
04/11/2025 14:41:31,0.13636363636363635
04/11/2025 14:41:31,0.08695652173913043
04/11/2025 14:41:31,0.13636363636363635
04/11/2025 14:41:31,0.08695652173913043
04/11/2025 14:41:32,0.3157894736842105
04/11/2025 14:41:32,0.19047619047619047
04/11/2025 14:41:32,0.13636363636363635
04/11/2025 14:41:32,0.25
04/11/2025 14:41:32,0.13636363636363635
04/11/2025 14:41:32,0.041666666666666664
04/11/2025 14:41:33,0.19047619047619047
04/11/2025 14:41:33,0.08695652173913043
04/11/2025 14:41:33,0.041666666666666664
04/11/2025 14:41:33,0.25
04/11/2025 14:41:33,0.19047619047619047
04/11/2025 14:41:33,0.25
04/11/2025 14:41:33,0.19047619047619047
04/11/2025 14:41:34,0.13636363636363635
04/11/2025 14:41:34,0.13636363636363635
04/11/2025 14:41:34,0.13636363636363635
04/11/2025 14:41:34,0.19047619047619047
04/11/2025 14:41:34,0.08695652173913043
04/11/2025 14:41:34,0.13636363636363635
04/11/2025 14:41:35,0.08695652173913043
04/11/2025 14:41:35,0.19047619047619047
04/11/2025 14:41:35,0.13636363636363635
04/11/2025 14:41:35,0.08695652173913043
04/11/2025 14:41:35,0.19047619047619047
04/11/2025 14:41:35,0.13636363636363635
04/11/2025 14:41:36,0.08695652173913043
04/11/2025 14:41:36,0.13636363636363635
04/11/2025 14:41:36,0.25
04/11/2025 14:41:36,0.13636363636363635
04/11/2025 14:41:36,0.08695652173913043
04/11/2025 14:41:36,0.13636363636363635
04/11/2025 14:41:37,0.13636363636363635
04/11/2025 14:41:37,0.13636363636363635
04/11/2025 14:41:37,0.13636363636363635
04/11/2025 14:41:37,0.041666666666666664
04/11/2025 14:41:37,0.13636363636363635
04/11/2025 14:41:37,0.13636363636363635
04/11/2025 14:41:38,0.19047619047619047
04/11/2025 14:41:38,0.041666666666666664
04/11/2025 14:41:38,0.13636363636363635
04/11/2025 14:41:38,0.19047619047619047
04/11/2025 14:41:38,0.041666666666666664
04/11/2025 14:41:38,0.08695652173913043
04/11/2025 14:41:39,0.13636363636363635
04/11/2025 14:41:39,0.041666666666666664
04/11/2025 14:41:39,0.13636363636363635
04/11/2025 14:41:39,0.25
04/11/2025 14:41:39,0.08695652173913043
04/11/2025 14:41:39,0.08695652173913043
04/11/2025 14:41:39,0.13636363636363635
04/11/2025 14:41:40,0.19047619047619047
04/11/2025 14:41:40,0.13636363636363635
04/11/2025 14:41:40,0.08695652173913043
04/11/2025 14:41:40,0.13636363636363635
04/11/2025 14:41:40,0.08695652173913043
04/11/2025 14:41:40,0.08695652173913043
04/11/2025 14:41:41,0.13636363636363635
04/11/2025 14:41:41,0.19047619047619047
04/11/2025 14:41:41,0.13636363636363635
04/11/2025 14:41:41,0.25
04/11/2025 14:41:41,0.08695652173913043
04/11/2025 14:41:41,0.0
04/11/2025 14:41:42,0.08695652173913043
04/11/2025 14:41:42,0.08695652173913043
04/11/2025 14:41:42,0.13636363636363635
04/11/2025 14:41:42,0.25
04/11/2025 14:41:42,0.08695652173913043
04/11/2025 14:41:42,0.19047619047619047
04/11/2025 14:41:43,0.25
04/11/2025 14:41:43,0.0
04/11/2025 14:41:43,0.041666666666666664
04/11/2025 14:41:43,0.13636363636363635
04/11/2025 14:41:43,0.25
04/11/2025 14:41:43,0.041666666666666664
04/11/2025 14:41:44,0.13636363636363635
04/11/2025 14:41:44,0.08695652173913043
04/11/2025 14:41:44,0.25
04/11/2025 14:41:44,0.041666666666666664
04/11/2025 14:41:44,0.25
04/11/2025 14:41:44,0.13636363636363635
04/11/2025 14:41:44,0.19047619047619047
04/11/2025 14:41:45,0.19047619047619047
04/11/2025 14:41:45,0.13636363636363635
04/11/2025 14:41:45,0.13636363636363635
04/11/2025 14:41:45,0.13636363636363635
04/11/2025 14:41:45,0.3888888888888889
04/11/2025 14:41:45,0.08695652173913043
04/11/2025 14:41:46,0.25
04/11/2025 14:41:46,0.13636363636363635
04/11/2025 14:41:46,0.08695652173913043
04/11/2025 14:41:46,0.13636363636363635
04/11/2025 14:41:46,0.3157894736842105
04/11/2025 14:41:46,0.3157894736842105
04/11/2025 14:41:47,0.25
04/11/2025 14:41:47,0.041666666666666664
04/11/2025 14:41:47,0.041666666666666664
04/11/2025 14:41:47,0.13636363636363635
04/11/2025 14:41:47,0.08695652173913043
04/11/2025 14:41:47,0.08695652173913043
04/11/2025 14:41:48,0.041666666666666664
04/11/2025 14:41:48,0.19047619047619047
04/11/2025 14:41:48,0.08695652173913043
04/11/2025 14:41:48,0.13636363636363635
04/11/2025 14:41:48,0.25
04/11/2025 14:41:48,0.25
04/11/2025 14:41:48,0.13636363636363635
04/11/2025 14:41:49,0.08695652173913043
04/11/2025 14:41:49,0.19047619047619047
04/11/2025 14:41:49,0.19047619047619047
04/11/2025 14:41:49,0.08695652173913043
04/11/2025 14:41:49,0.19047619047619047
04/11/2025 14:41:49,0.08695652173913043
04/11/2025 14:41:50,0.08695652173913043
04/11/2025 14:41:50,0.0
04/11/2025 14:41:50,0.13636363636363635
04/11/2025 14:41:50,0.08695652173913043
04/11/2025 14:41:50,0.08695652173913043
04/11/2025 14:41:50,0.13636363636363635
04/11/2025 14:41:51,0.13636363636363635
04/11/2025 14:41:51,0.13636363636363635
04/11/2025 14:41:51,0.19047619047619047
04/11/2025 14:41:51,0.3157894736842105
04/11/2025 14:41:51,0.13636363636363635
04/11/2025 14:41:51,0.13636363636363635
04/11/2025 14:41:52,0.19047619047619047
04/11/2025 14:41:52,0.19047619047619047
04/11/2025 14:41:52,0.08695652173913043
04/11/2025 14:41:52,0.19047619047619047
04/11/2025 14:41:52,0.08695652173913043
04/11/2025 14:41:52,0.08695652173913043
04/11/2025 14:41:53,0.08695652173913043
04/11/2025 14:41:53,0.13636363636363635
04/11/2025 14:41:53,0.13636363636363635
04/11/2025 14:41:53,0.13636363636363635
04/11/2025 14:41:53,0.13636363636363635
04/11/2025 14:41:53,0.041666666666666664
04/11/2025 14:41:53,0.08695652173913043
04/11/2025 14:41:54,0.19047619047619047
04/11/2025 14:41:54,0.13636363636363635
04/11/2025 14:41:54,0.13636363636363635
04/11/2025 14:41:54,0.08695652173913043
04/11/2025 14:41:54,0.041666666666666664
04/11/2025 14:41:54,0.19047619047619047
04/11/2025 14:41:55,0.19047619047619047
04/11/2025 14:41:55,0.19047619047619047
04/11/2025 14:41:55,0.19047619047619047
04/11/2025 14:41:55,0.19047619047619047
04/11/2025 14:41:55,0.13636363636363635
04/11/2025 14:41:55,0.0
04/11/2025 14:41:56,0.08695652173913043
04/11/2025 14:41:56,0.19047619047619047
04/11/2025 14:41:56,0.08695652173913043
04/11/2025 14:41:57,0.08695652173913043
04/11/2025 14:41:57,0.3157894736842105
04/11/2025 14:41:57,0.13636363636363635
04/11/2025 14:41:57,0.13636363636363635
04/11/2025 14:41:58,0.041666666666666664
04/11/2025 14:41:58,0.0
04/11/2025 14:41:58,0.041666666666666664
04/11/2025 14:41:58,0.3157894736842105
04/11/2025 14:41:58,0.19047619047619047
04/11/2025 14:41:58,0.13636363636363635
04/11/2025 14:41:59,0.13636363636363635
04/11/2025 14:41:59,0.08695652173913043
04/11/2025 14:41:59,0.13636363636363635
04/11/2025 14:41:59,0.13636363636363635
04/11/2025 14:41:59,0.08695652173913043
04/11/2025 14:41:59,0.19047619047619047
04/11/2025 14:42:00,0.19047619047619047
04/11/2025 14:42:00,0.08695652173913043
04/11/2025 14:42:00,0.13636363636363635
04/11/2025 14:42:00,0.19047619047619047
04/11/2025 14:42:00,0.19047619047619047
04/11/2025 14:42:00,0.13636363636363635
04/11/2025 14:42:01,0.08695652173913043
04/11/2025 14:42:01,0.0
04/11/2025 14:42:01,0.13636363636363635
04/11/2025 14:42:01,0.13636363636363635
04/11/2025 14:42:01,0.08695652173913043
04/11/2025 14:42:01,0.13636363636363635
04/11/2025 14:42:01,0.13636363636363635
04/11/2025 14:42:02,0.19047619047619047
04/11/2025 14:42:02,0.13636363636363635
04/11/2025 14:42:02,0.19047619047619047
04/11/2025 14:42:02,0.25
04/11/2025 14:42:02,0.08695652173913043
04/11/2025 14:42:02,0.25
04/11/2025 14:42:03,0.19047619047619047
04/11/2025 14:42:03,0.19047619047619047
04/11/2025 14:42:03,0.13636363636363635
04/11/2025 14:42:03,0.13636363636363635
04/11/2025 14:42:03,0.041666666666666664
04/11/2025 14:42:03,0.13636363636363635
04/11/2025 14:42:04,0.08695652173913043
04/11/2025 14:42:04,0.08695652173913043
04/11/2025 14:42:04,0.041666666666666664
04/11/2025 14:42:04,0.08695652173913043
04/11/2025 14:42:04,0.19047619047619047
04/11/2025 14:42:04,0.25
04/11/2025 14:42:05,0.25
04/11/2025 14:42:05,0.13636363636363635
04/11/2025 14:42:05,0.19047619047619047
04/11/2025 14:42:05,0.13636363636363635
04/11/2025 14:42:05,0.19047619047619047
04/11/2025 14:42:05,0.13636363636363635
04/11/2025 14:42:05,0.19047619047619047
04/11/2025 14:42:06,0.041666666666666664
04/11/2025 14:42:06,0.13636363636363635
04/11/2025 14:42:06,0.08695652173913043
04/11/2025 14:42:06,0.25
04/11/2025 14:42:06,0.13636363636363635
04/11/2025 14:42:06,0.041666666666666664
04/11/2025 14:42:07,0.19047619047619047
04/11/2025 14:42:07,0.13636363636363635
04/11/2025 14:42:07,0.08695652173913043
04/11/2025 14:42:07,0.19047619047619047
04/11/2025 14:42:07,0.25
04/11/2025 14:42:08,0.25
04/11/2025 14:42:08,0.19047619047619047
04/11/2025 14:42:08,0.19047619047619047
04/11/2025 14:42:08,0.08695652173913043
04/11/2025 14:42:08,0.25
04/11/2025 14:42:08,0.13636363636363635
04/11/2025 14:42:09,0.19047619047619047
04/11/2025 14:42:09,0.08695652173913043
04/11/2025 14:42:09,0.19047619047619047
04/11/2025 14:42:09,0.08695652173913043
04/11/2025 14:42:09,0.13636363636363635
04/11/2025 14:42:09,0.19047619047619047
04/11/2025 14:42:09,0.13636363636363635
04/11/2025 14:42:10,0.08695652173913043
04/11/2025 14:42:10,0.08695652173913043
04/11/2025 14:42:10,0.19047619047619047
04/11/2025 14:42:10,0.19047619047619047
04/11/2025 14:42:10,0.25
04/11/2025 14:42:10,0.19047619047619047
04/11/2025 14:42:11,0.13636363636363635
04/11/2025 14:42:11,0.25
04/11/2025 14:42:11,0.19047619047619047
04/11/2025 14:42:11,0.041666666666666664
04/11/2025 14:42:11,0.13636363636363635
04/11/2025 14:42:11,0.13636363636363635
04/11/2025 14:42:12,0.13636363636363635
04/11/2025 14:42:12,0.08695652173913043
04/11/2025 14:42:12,0.19047619047619047
04/11/2025 14:42:12,0.3888888888888889
04/11/2025 14:42:12,0.041666666666666664
04/11/2025 14:42:12,0.13636363636363635
04/11/2025 14:42:13,0.13636363636363635
04/11/2025 14:42:13,0.19047619047619047
04/11/2025 14:42:13,0.13636363636363635
04/11/2025 14:42:13,0.19047619047619047
04/11/2025 14:42:13,0.25
04/11/2025 14:42:13,0.13636363636363635
04/11/2025 14:42:13,0.13636363636363635
04/11/2025 14:42:14,0.13636363636363635
04/11/2025 14:42:14,0.08695652173913043
04/11/2025 14:42:14,0.19047619047619047
04/11/2025 14:42:14,0.25
04/11/2025 14:42:14,0.19047619047619047
04/11/2025 14:42:14,0.08695652173913043
04/11/2025 14:42:15,0.08695652173913043
04/11/2025 14:42:15,0.08695652173913043
04/11/2025 14:42:15,0.041666666666666664
04/11/2025 14:42:15,0.08695652173913043
04/11/2025 14:42:15,0.041666666666666664
04/11/2025 14:42:15,0.13636363636363635
04/11/2025 14:42:16,0.19047619047619047
04/11/2025 14:42:16,0.19047619047619047
04/11/2025 14:42:16,0.08695652173913043
04/11/2025 14:42:16,0.3157894736842105
04/11/2025 14:42:16,0.08695652173913043
04/11/2025 14:42:16,0.19047619047619047
04/11/2025 14:42:17,0.19047619047619047
04/11/2025 14:42:17,0.19047619047619047
04/11/2025 14:42:17,0.13636363636363635
04/11/2025 14:42:17,0.13636363636363635
04/11/2025 14:42:17,0.08695652173913043
04/11/2025 14:42:17,0.19047619047619047
04/11/2025 14:42:18,0.08695652173913043
04/11/2025 14:42:18,0.13636363636363635
04/11/2025 14:42:18,0.041666666666666664
04/11/2025 14:42:18,0.25
04/11/2025 14:42:18,0.25
04/11/2025 14:42:18,0.13636363636363635
04/11/2025 14:42:18,0.19047619047619047
04/11/2025 14:42:19,0.13636363636363635
04/11/2025 14:42:19,0.13636363636363635
04/11/2025 14:42:19,0.19047619047619047
04/11/2025 14:42:19,0.041666666666666664
04/11/2025 14:42:19,0.19047619047619047
04/11/2025 14:42:19,0.19047619047619047
04/11/2025 14:42:20,0.041666666666666664
04/11/2025 14:42:20,0.13636363636363635
04/11/2025 14:42:20,0.25
04/11/2025 14:42:20,0.041666666666666664
04/11/2025 14:42:20,0.08695652173913043
04/11/2025 14:42:20,0.13636363636363635
04/11/2025 14:42:21,0.041666666666666664
04/11/2025 14:42:21,0.25
04/11/2025 14:42:21,0.19047619047619047
04/11/2025 14:42:21,0.13636363636363635
04/11/2025 14:42:21,0.19047619047619047
04/11/2025 14:42:21,0.13636363636363635
04/11/2025 14:42:21,0.19047619047619047
04/11/2025 14:42:22,0.08695652173913043
04/11/2025 14:42:22,0.19047619047619047
04/11/2025 14:42:22,0.08695652173913043
04/11/2025 14:42:22,0.08695652173913043
04/11/2025 14:42:22,0.13636363636363635
04/11/2025 14:42:22,0.08695652173913043
04/11/2025 14:42:23,0.25
04/11/2025 14:42:23,0.13636363636363635
04/11/2025 14:42:23,0.08695652173913043
04/11/2025 14:42:23,0.08695652173913043
04/11/2025 14:42:23,0.19047619047619047
04/11/2025 14:42:23,0.13636363636363635
04/11/2025 14:42:24,0.13636363636363635
04/11/2025 14:42:24,0.08695652173913043
04/11/2025 14:42:24,0.08695652173913043
04/11/2025 14:42:24,0.25
04/11/2025 14:42:24,0.13636363636363635
04/11/2025 14:42:24,0.08695652173913043
04/11/2025 14:42:24,0.13636363636363635
04/11/2025 14:42:25,0.08695652173913043
04/11/2025 14:42:25,0.19047619047619047
04/11/2025 14:42:25,0.19047619047619047
04/11/2025 14:42:25,0.13636363636363635
04/11/2025 14:42:25,0.08695652173913043
04/11/2025 14:42:25,0.25
04/11/2025 14:42:26,0.19047619047619047
04/11/2025 14:42:26,0.13636363636363635
04/11/2025 14:42:26,0.19047619047619047
04/11/2025 14:42:26,0.08695652173913043
04/11/2025 14:42:26,0.13636363636363635
04/11/2025 14:42:26,0.08695652173913043
04/11/2025 14:42:27,0.13636363636363635
04/11/2025 14:42:27,0.13636363636363635
04/11/2025 14:42:27,0.13636363636363635
04/11/2025 14:42:27,0.3157894736842105
04/11/2025 14:42:27,0.041666666666666664
04/11/2025 14:42:27,0.19047619047619047
04/11/2025 14:42:27,0.13636363636363635
04/11/2025 14:42:28,0.08695652173913043
04/11/2025 14:42:28,0.08695652173913043
04/11/2025 14:42:28,0.13636363636363635
04/11/2025 14:42:28,0.13636363636363635
04/11/2025 14:42:28,0.19047619047619047
04/11/2025 14:42:28,0.13636363636363635
04/11/2025 14:42:29,0.08695652173913043
04/11/2025 14:42:29,0.13636363636363635
04/11/2025 14:42:29,0.19047619047619047
04/11/2025 14:42:29,0.13636363636363635
04/11/2025 14:42:29,0.3157894736842105
04/11/2025 14:42:29,0.19047619047619047
04/11/2025 14:42:30,0.08695652173913043
04/11/2025 14:42:30,0.08695652173913043
04/11/2025 14:42:30,0.19047619047619047
04/11/2025 14:42:30,0.08695652173913043
04/11/2025 14:42:30,0.13636363636363635
04/11/2025 14:42:30,0.19047619047619047
04/11/2025 14:42:31,0.13636363636363635
04/11/2025 14:42:31,0.13636363636363635
04/11/2025 14:42:31,0.08695652173913043
04/11/2025 14:42:31,0.13636363636363635
04/11/2025 14:42:31,0.08695652173913043
04/11/2025 14:42:31,0.13636363636363635
04/11/2025 14:42:31,0.13636363636363635
04/11/2025 14:42:32,0.19047619047619047
04/11/2025 14:42:32,0.08695652173913043
04/11/2025 14:42:32,0.08695652173913043
04/11/2025 14:42:32,0.25
04/11/2025 14:42:32,0.13636363636363635
04/11/2025 14:42:32,0.08695652173913043
04/11/2025 14:42:33,0.08695652173913043
04/11/2025 14:42:33,0.25
04/11/2025 14:44:20,0.041666666666666664
04/11/2025 14:44:20,0.25
04/11/2025 14:44:20,0.19047619047619047
04/11/2025 14:44:20,0.13636363636363635
04/11/2025 14:44:20,0.19047619047619047
04/11/2025 14:44:21,0.08695652173913043
04/11/2025 14:44:21,0.041666666666666664
04/11/2025 14:44:21,0.08695652173913043
04/11/2025 14:44:21,0.13636363636363635
04/11/2025 14:44:21,0.041666666666666664
04/11/2025 14:44:21,0.13636363636363635
04/11/2025 14:44:22,0.25
04/11/2025 14:44:22,0.08695652173913043
04/11/2025 14:44:22,0.13636363636363635
04/11/2025 14:44:22,0.08695652173913043
04/11/2025 14:44:22,0.19047619047619047
04/11/2025 14:44:22,0.08695652173913043
04/11/2025 14:44:23,0.19047619047619047
04/11/2025 14:44:23,0.19047619047619047
04/11/2025 14:44:23,0.13636363636363635
04/11/2025 14:44:23,0.041666666666666664
04/11/2025 14:44:23,0.08695652173913043
04/11/2025 14:44:23,0.041666666666666664
04/11/2025 14:44:24,0.13636363636363635
04/11/2025 14:44:24,0.19047619047619047
04/11/2025 14:44:24,0.041666666666666664
04/11/2025 14:44:24,0.08695652173913043
04/11/2025 14:44:24,0.25
04/11/2025 14:44:24,0.19047619047619047
04/11/2025 14:44:24,0.08695652173913043
04/11/2025 14:44:25,0.19047619047619047
04/11/2025 14:44:25,0.13636363636363635
04/11/2025 14:44:25,0.08695652173913043
04/11/2025 14:44:25,0.13636363636363635
04/11/2025 14:44:25,0.13636363636363635
04/11/2025 14:44:25,0.13636363636363635
04/11/2025 14:44:26,0.13636363636363635
04/11/2025 14:44:26,0.08695652173913043
04/11/2025 14:44:26,0.041666666666666664
04/11/2025 14:44:26,0.19047619047619047
04/11/2025 14:44:26,0.08695652173913043
04/11/2025 14:44:26,0.08695652173913043
04/11/2025 14:44:27,0.19047619047619047
04/11/2025 14:44:27,0.08695652173913043
04/11/2025 14:44:27,0.3157894736842105
04/11/2025 14:44:27,0.041666666666666664
04/11/2025 14:44:27,0.13636363636363635
04/11/2025 14:44:27,0.3157894736842105
04/11/2025 14:44:27,0.08695652173913043
04/11/2025 14:44:28,0.08695652173913043
04/11/2025 14:44:28,0.08695652173913043
04/11/2025 14:44:28,0.19047619047619047
04/11/2025 14:44:28,0.19047619047619047
04/11/2025 14:44:28,0.13636363636363635
04/11/2025 14:44:28,0.3157894736842105
04/11/2025 14:44:29,0.041666666666666664
04/11/2025 14:44:29,0.0
04/11/2025 14:44:29,0.08695652173913043
04/11/2025 14:44:29,0.13636363636363635
04/11/2025 14:44:29,0.13636363636363635
04/11/2025 14:44:29,0.25
04/11/2025 14:44:30,0.13636363636363635
04/11/2025 14:44:30,0.0
04/11/2025 14:44:30,0.19047619047619047
04/11/2025 14:44:30,0.19047619047619047
04/11/2025 14:44:30,0.13636363636363635
04/11/2025 14:44:30,0.25
04/11/2025 14:44:30,0.25
04/11/2025 14:44:31,0.19047619047619047
04/11/2025 14:44:31,0.13636363636363635
04/11/2025 14:44:31,0.13636363636363635
04/11/2025 14:44:31,0.08695652173913043
04/11/2025 14:44:31,0.08695652173913043
04/11/2025 14:44:31,0.13636363636363635
04/11/2025 14:44:32,0.25
04/11/2025 14:44:32,0.08695652173913043
04/11/2025 14:44:32,0.08695652173913043
04/11/2025 14:44:32,0.3157894736842105
04/11/2025 14:44:32,0.19047619047619047
04/11/2025 14:44:32,0.25
04/11/2025 14:44:33,0.13636363636363635
04/11/2025 14:44:33,0.19047619047619047
04/11/2025 14:44:33,0.25
04/11/2025 14:44:33,0.13636363636363635
04/11/2025 14:44:33,0.041666666666666664
04/11/2025 14:44:33,0.13636363636363635
04/11/2025 14:44:33,0.08695652173913043
04/11/2025 14:44:34,0.19047619047619047
04/11/2025 14:44:34,0.041666666666666664
04/11/2025 14:44:34,0.19047619047619047
04/11/2025 14:44:34,0.08695652173913043
04/11/2025 14:44:34,0.13636363636363635
04/11/2025 14:44:34,0.3157894736842105
04/11/2025 14:44:35,0.13636363636363635
04/11/2025 14:44:35,0.13636363636363635
04/11/2025 14:44:35,0.19047619047619047
04/11/2025 14:44:35,0.19047619047619047
04/11/2025 14:44:35,0.19047619047619047
04/11/2025 14:44:35,0.13636363636363635
04/11/2025 14:44:35,0.13636363636363635
04/11/2025 14:44:36,0.08695652173913043
04/11/2025 14:44:36,0.3157894736842105
04/11/2025 14:44:36,0.19047619047619047
04/11/2025 14:44:36,0.19047619047619047
04/11/2025 14:44:36,0.041666666666666664
04/11/2025 14:44:36,0.08695652173913043
04/11/2025 14:44:37,0.08695652173913043
04/11/2025 14:44:37,0.13636363636363635
04/11/2025 14:44:37,0.19047619047619047
04/11/2025 14:44:37,0.19047619047619047
04/11/2025 14:44:37,0.13636363636363635
04/11/2025 14:44:37,0.25
04/11/2025 14:44:38,0.13636363636363635
04/11/2025 14:44:38,0.08695652173913043
04/11/2025 14:44:38,0.08695652173913043
04/11/2025 14:44:38,0.041666666666666664
04/11/2025 14:44:38,0.19047619047619047
04/11/2025 14:44:38,0.19047619047619047
04/11/2025 14:44:38,0.19047619047619047
04/11/2025 14:44:39,0.25
04/11/2025 14:44:39,0.13636363636363635
04/11/2025 14:44:39,0.13636363636363635
04/11/2025 14:44:39,0.19047619047619047
04/11/2025 14:44:39,0.13636363636363635
04/11/2025 14:44:39,0.08695652173913043
04/11/2025 14:44:40,0.19047619047619047
04/11/2025 14:44:40,0.041666666666666664
04/11/2025 14:44:40,0.13636363636363635
04/11/2025 14:44:40,0.25
04/11/2025 14:44:40,0.041666666666666664
04/11/2025 14:44:40,0.13636363636363635
04/11/2025 14:44:40,0.13636363636363635
04/11/2025 14:44:41,0.08695652173913043
04/11/2025 14:44:41,0.08695652173913043
04/11/2025 14:44:41,0.041666666666666664
04/11/2025 14:44:41,0.19047619047619047
04/11/2025 14:44:41,0.13636363636363635
04/11/2025 14:44:41,0.19047619047619047
04/11/2025 14:44:42,0.08695652173913043
04/11/2025 14:44:42,0.041666666666666664
04/11/2025 14:44:42,0.13636363636363635
04/11/2025 14:44:42,0.041666666666666664
04/11/2025 14:44:42,0.13636363636363635
04/11/2025 14:44:42,0.041666666666666664
04/11/2025 14:44:43,0.25
04/11/2025 14:44:43,0.25
04/11/2025 14:44:43,0.13636363636363635
04/11/2025 14:44:43,0.19047619047619047
04/11/2025 14:44:43,0.08695652173913043
04/11/2025 14:44:44,0.13636363636363635
04/11/2025 14:44:44,0.08695652173913043
04/11/2025 14:44:44,0.19047619047619047
04/11/2025 14:44:44,0.08695652173913043
04/11/2025 14:44:44,0.08695652173913043
04/11/2025 14:44:44,0.19047619047619047
04/11/2025 14:44:44,0.08695652173913043
04/11/2025 14:44:45,0.041666666666666664
04/11/2025 14:44:45,0.13636363636363635
04/11/2025 14:44:45,0.13636363636363635
04/11/2025 14:44:45,0.13636363636363635
04/11/2025 14:44:45,0.25
04/11/2025 14:44:45,0.13636363636363635
04/11/2025 14:44:46,0.25
04/11/2025 14:44:46,0.19047619047619047
04/11/2025 14:44:46,0.13636363636363635
04/11/2025 14:44:46,0.25
04/11/2025 14:44:46,0.0
04/11/2025 14:44:46,0.13636363636363635
04/11/2025 14:44:47,0.13636363636363635
04/11/2025 14:44:47,0.08695652173913043
04/11/2025 14:44:47,0.19047619047619047
04/11/2025 14:44:47,0.041666666666666664
04/11/2025 14:44:47,0.08695652173913043
04/11/2025 14:44:47,0.13636363636363635
04/11/2025 14:44:47,0.19047619047619047
04/11/2025 14:44:48,0.13636363636363635
04/11/2025 14:44:48,0.19047619047619047
04/11/2025 14:44:48,0.13636363636363635
04/11/2025 14:44:48,0.08695652173913043
04/11/2025 14:44:48,0.13636363636363635
04/11/2025 14:44:48,0.041666666666666664
04/11/2025 14:44:49,0.25
04/11/2025 14:44:49,0.041666666666666664
04/11/2025 14:44:49,0.041666666666666664
04/11/2025 14:44:49,0.13636363636363635
04/11/2025 14:44:49,0.08695652173913043
04/11/2025 14:44:49,0.08695652173913043
04/11/2025 14:44:49,0.19047619047619047
04/11/2025 14:44:50,0.25
04/11/2025 14:44:50,0.08695652173913043
04/11/2025 14:44:50,0.13636363636363635
04/11/2025 14:44:50,0.13636363636363635
04/11/2025 14:44:50,0.13636363636363635
04/11/2025 14:44:50,0.041666666666666664
04/11/2025 14:44:51,0.13636363636363635
04/11/2025 14:44:51,0.041666666666666664
04/11/2025 14:44:51,0.3157894736842105
04/11/2025 14:44:51,0.13636363636363635
04/11/2025 14:44:51,0.13636363636363635
04/11/2025 14:44:51,0.19047619047619047
04/11/2025 14:44:51,0.08695652173913043
04/11/2025 14:44:52,0.08695652173913043
04/11/2025 14:44:52,0.08695652173913043
04/11/2025 14:44:52,0.25
04/11/2025 14:44:52,0.19047619047619047
04/11/2025 14:44:52,0.08695652173913043
04/11/2025 14:44:52,0.08695652173913043
04/11/2025 14:44:53,0.08695652173913043
04/11/2025 14:44:53,0.13636363636363635
04/11/2025 14:44:53,0.13636363636363635
04/11/2025 14:44:53,0.19047619047619047
04/11/2025 14:44:53,0.13636363636363635
04/11/2025 14:44:53,0.13636363636363635
04/11/2025 14:44:54,0.08695652173913043
04/11/2025 14:44:54,0.25
04/11/2025 14:44:54,0.25
04/11/2025 14:44:54,0.13636363636363635
04/11/2025 14:44:54,0.08695652173913043
04/11/2025 14:44:54,0.13636363636363635
04/11/2025 14:44:54,0.3157894736842105
04/11/2025 14:44:55,0.08695652173913043
04/11/2025 14:44:55,0.25
04/11/2025 14:44:55,0.08695652173913043
04/11/2025 14:44:55,0.08695652173913043
04/11/2025 14:44:55,0.08695652173913043
04/11/2025 14:44:55,0.13636363636363635
04/11/2025 14:44:56,0.08695652173913043
04/11/2025 14:44:56,0.08695652173913043
04/11/2025 14:44:56,0.19047619047619047
04/11/2025 14:44:56,0.3157894736842105
04/11/2025 14:44:56,0.08695652173913043
04/11/2025 14:44:56,0.19047619047619047
04/11/2025 14:44:56,0.19047619047619047
04/11/2025 14:44:57,0.13636363636363635
04/11/2025 14:44:57,0.13636363636363635
04/11/2025 14:44:57,0.25
04/11/2025 14:44:57,0.19047619047619047
04/11/2025 14:44:57,0.13636363636363635
04/11/2025 14:44:57,0.19047619047619047
04/11/2025 14:44:58,0.08695652173913043
04/11/2025 14:44:58,0.13636363636363635
04/11/2025 14:44:58,0.041666666666666664
04/11/2025 14:44:58,0.13636363636363635
04/11/2025 14:44:58,0.13636363636363635
04/11/2025 14:44:58,0.13636363636363635
04/11/2025 14:44:59,0.041666666666666664
04/11/2025 14:44:59,0.08695652173913043
04/11/2025 14:44:59,0.13636363636363635
04/11/2025 14:44:59,0.041666666666666664
04/11/2025 14:44:59,0.19047619047619047
04/11/2025 14:44:59,0.25
04/11/2025 14:45:00,0.13636363636363635
04/11/2025 14:45:00,0.041666666666666664
04/11/2025 14:45:00,0.041666666666666664
04/11/2025 14:45:00,0.19047619047619047
04/11/2025 14:45:00,0.19047619047619047
04/11/2025 14:45:00,0.0
04/11/2025 14:45:00,0.041666666666666664
04/11/2025 14:45:01,0.19047619047619047
04/11/2025 14:45:01,0.3157894736842105
04/11/2025 14:45:01,0.19047619047619047
04/11/2025 14:45:01,0.08695652173913043
04/11/2025 14:45:01,0.25
04/11/2025 14:45:01,0.13636363636363635
04/11/2025 14:45:02,0.13636363636363635
04/11/2025 14:45:02,0.08695652173913043
04/11/2025 14:45:02,0.3157894736842105
04/11/2025 14:45:02,0.08695652173913043
04/11/2025 14:45:02,0.08695652173913043
04/11/2025 14:45:02,0.19047619047619047
04/11/2025 14:45:02,0.13636363636363635
04/11/2025 14:45:03,0.13636363636363635
04/11/2025 14:45:03,0.25
04/11/2025 14:45:03,0.08695652173913043
04/11/2025 14:45:03,0.08695652173913043
04/11/2025 14:45:03,0.041666666666666664
04/11/2025 14:45:03,0.08695652173913043
04/11/2025 14:45:03,0.08695652173913043
04/11/2025 14:45:04,0.19047619047619047
04/11/2025 14:45:04,0.19047619047619047
04/11/2025 14:45:04,0.13636363636363635
04/11/2025 14:45:04,0.19047619047619047
04/11/2025 14:45:04,0.08695652173913043
04/11/2025 14:45:04,0.13636363636363635
04/11/2025 14:45:05,0.13636363636363635
04/11/2025 14:45:05,0.25
04/11/2025 14:45:05,0.3157894736842105
04/11/2025 14:45:05,0.08695652173913043
04/11/2025 14:45:05,0.13636363636363635
04/11/2025 14:45:05,0.25
04/11/2025 14:45:06,0.3157894736842105
04/11/2025 14:45:06,0.25
04/11/2025 14:45:06,0.19047619047619047
04/11/2025 14:45:06,0.08695652173913043
04/11/2025 14:45:06,0.08695652173913043
04/11/2025 14:45:06,0.08695652173913043
04/11/2025 14:45:06,0.19047619047619047
04/11/2025 14:45:07,0.19047619047619047
04/11/2025 14:45:07,0.08695652173913043
04/11/2025 14:45:07,0.041666666666666664
04/11/2025 14:45:07,0.13636363636363635
04/11/2025 14:45:07,0.08695652173913043
04/11/2025 14:45:07,0.08695652173913043
04/11/2025 14:45:08,0.08695652173913043
04/11/2025 14:45:08,0.13636363636363635
04/11/2025 14:45:08,0.19047619047619047
04/11/2025 14:45:08,0.13636363636363635
04/11/2025 14:45:08,0.13636363636363635
04/11/2025 14:45:08,0.3157894736842105
04/11/2025 14:45:08,0.13636363636363635
04/11/2025 14:45:09,0.13636363636363635
04/11/2025 14:45:09,0.13636363636363635
04/11/2025 14:45:09,0.19047619047619047
04/11/2025 14:45:09,0.13636363636363635
04/11/2025 14:45:09,0.25
04/11/2025 14:45:09,0.13636363636363635
04/11/2025 14:45:10,0.041666666666666664
04/11/2025 14:45:10,0.041666666666666664
04/11/2025 14:45:10,0.08695652173913043
04/11/2025 14:45:10,0.08695652173913043
04/11/2025 14:45:10,0.041666666666666664
04/11/2025 14:45:10,0.3157894736842105
04/11/2025 14:45:11,0.13636363636363635
04/11/2025 14:45:11,0.08695652173913043
04/11/2025 14:45:11,0.13636363636363635
04/11/2025 14:45:11,0.041666666666666664
04/11/2025 14:45:11,0.08695652173913043
04/11/2025 14:45:11,0.19047619047619047
04/11/2025 14:45:11,0.0
04/11/2025 14:45:12,0.19047619047619047
04/11/2025 14:45:12,0.25
04/11/2025 14:45:12,0.13636363636363635
04/11/2025 14:45:12,0.08695652173913043
04/11/2025 14:45:12,0.19047619047619047
04/11/2025 14:45:12,0.08695652173913043
04/11/2025 14:45:13,0.19047619047619047
04/11/2025 14:45:13,0.041666666666666664
04/11/2025 14:45:13,0.08695652173913043
04/11/2025 14:45:13,0.3157894736842105
04/11/2025 14:45:13,0.13636363636363635
04/11/2025 14:45:13,0.19047619047619047
04/11/2025 14:45:13,0.08695652173913043
04/11/2025 14:45:14,0.08695652173913043
04/11/2025 14:45:14,0.25
04/11/2025 14:45:14,0.13636363636363635
04/11/2025 14:45:14,0.13636363636363635
04/11/2025 14:45:14,0.041666666666666664
04/11/2025 14:45:14,0.08695652173913043
04/11/2025 14:45:15,0.25
04/11/2025 14:45:15,0.13636363636363635
04/11/2025 14:45:15,0.041666666666666664
04/11/2025 14:45:15,0.25
04/11/2025 14:45:15,0.19047619047619047
04/11/2025 14:45:15,0.08695652173913043
04/11/2025 14:45:16,0.13636363636363635
04/11/2025 14:45:16,0.13636363636363635
04/11/2025 14:45:16,0.08695652173913043
04/11/2025 14:45:16,0.08695652173913043
04/11/2025 14:45:16,0.25
04/11/2025 14:45:16,0.3157894736842105
04/11/2025 14:45:17,0.19047619047619047
04/11/2025 14:45:17,0.041666666666666664
04/11/2025 14:45:17,0.0
04/11/2025 14:45:17,0.3157894736842105
04/11/2025 14:45:17,0.13636363636363635
04/11/2025 14:45:17,0.13636363636363635
04/11/2025 14:45:17,0.13636363636363635
04/11/2025 14:45:18,0.3157894736842105
04/11/2025 14:45:18,0.041666666666666664
04/11/2025 14:45:18,0.13636363636363635
04/11/2025 14:45:18,0.08695652173913043
04/11/2025 14:45:18,0.08695652173913043
04/11/2025 14:45:18,0.08695652173913043
04/11/2025 14:45:19,0.0
04/11/2025 14:45:19,0.25
04/11/2025 14:45:19,0.25
04/11/2025 14:45:19,0.25
04/11/2025 14:45:19,0.19047619047619047
04/11/2025 14:45:19,0.13636363636363635
04/11/2025 14:45:19,0.13636363636363635
04/11/2025 14:45:20,0.08695652173913043
04/11/2025 14:45:20,0.13636363636363635
04/11/2025 14:45:20,0.19047619047619047
04/11/2025 14:45:20,0.19047619047619047
04/11/2025 14:45:20,0.13636363636363635
04/11/2025 14:45:20,0.13636363636363635
04/11/2025 14:45:21,0.25
04/11/2025 14:45:21,0.19047619047619047
04/11/2025 14:45:21,0.13636363636363635
04/11/2025 14:45:21,0.08695652173913043
04/11/2025 14:45:21,0.041666666666666664
04/11/2025 14:45:21,0.13636363636363635
04/11/2025 14:45:22,0.13636363636363635
04/11/2025 14:45:22,0.19047619047619047
04/11/2025 14:45:22,0.13636363636363635
04/11/2025 14:45:22,0.13636363636363635
04/11/2025 14:45:22,0.25
04/11/2025 14:45:22,0.08695652173913043
04/11/2025 14:45:22,0.19047619047619047
04/11/2025 14:45:23,0.08695652173913043
04/11/2025 14:45:23,0.13636363636363635
04/11/2025 14:45:23,0.08695652173913043
04/11/2025 14:45:23,0.3157894736842105
04/11/2025 14:45:23,0.25
04/11/2025 14:45:23,0.3888888888888889
04/11/2025 14:45:24,0.13636363636363635
04/11/2025 14:45:24,0.19047619047619047
04/11/2025 14:45:24,0.25
04/11/2025 14:45:24,0.041666666666666664
04/11/2025 14:45:24,0.19047619047619047
04/11/2025 14:45:24,0.08695652173913043
04/11/2025 14:45:25,0.08695652173913043
04/11/2025 14:45:25,0.25
04/11/2025 14:45:25,0.19047619047619047
04/11/2025 14:45:25,0.13636363636363635
04/11/2025 14:45:25,0.25
04/11/2025 14:45:25,0.08695652173913043
04/11/2025 14:45:25,0.08695652173913043
04/11/2025 14:45:26,0.08695652173913043
04/11/2025 14:45:26,0.13636363636363635
04/11/2025 14:45:26,0.08695652173913043
04/11/2025 14:45:26,0.13636363636363635
04/11/2025 14:45:26,0.13636363636363635
04/11/2025 14:45:26,0.19047619047619047
04/11/2025 14:45:27,0.041666666666666664
04/11/2025 14:45:27,0.13636363636363635
04/11/2025 14:45:27,0.13636363636363635
04/11/2025 14:45:27,0.13636363636363635
04/11/2025 14:45:27,0.08695652173913043
04/11/2025 14:45:27,0.19047619047619047
04/11/2025 14:45:28,0.19047619047619047
04/11/2025 14:45:28,0.041666666666666664
04/11/2025 14:45:28,0.19047619047619047
04/11/2025 14:45:28,0.19047619047619047
04/11/2025 14:45:28,0.25
04/11/2025 14:45:28,0.19047619047619047
04/11/2025 14:45:29,0.13636363636363635
04/11/2025 14:45:29,0.13636363636363635
04/11/2025 14:45:29,0.25
04/11/2025 14:45:29,0.13636363636363635
04/11/2025 14:45:29,0.25
04/11/2025 14:45:29,0.19047619047619047
04/11/2025 14:45:29,0.19047619047619047
04/11/2025 14:45:30,0.3157894736842105
04/11/2025 14:45:30,0.08695652173913043
04/11/2025 14:45:30,0.13636363636363635
04/11/2025 14:45:30,0.3888888888888889
04/11/2025 14:45:30,0.13636363636363635
04/11/2025 14:45:30,0.041666666666666664
04/11/2025 14:45:31,0.0
04/11/2025 14:45:31,0.19047619047619047
04/11/2025 14:45:31,0.08695652173913043
04/11/2025 14:45:31,0.13636363636363635
04/11/2025 14:45:31,0.08695652173913043
04/11/2025 14:45:31,0.08695652173913043
04/11/2025 14:45:32,0.08695652173913043
04/11/2025 14:45:32,0.13636363636363635
04/11/2025 14:45:32,0.19047619047619047
04/11/2025 14:45:32,0.13636363636363635
04/11/2025 14:45:32,0.08695652173913043
04/11/2025 14:45:32,0.25
04/11/2025 14:45:33,0.13636363636363635
04/11/2025 14:45:33,0.08695652173913043
04/11/2025 14:45:33,0.13636363636363635
04/11/2025 14:45:33,0.13636363636363635
04/11/2025 14:45:33,0.13636363636363635
04/11/2025 14:45:33,0.13636363636363635
04/11/2025 14:45:34,0.041666666666666664
04/11/2025 14:45:34,0.19047619047619047
04/11/2025 14:45:34,0.08695652173913043
04/11/2025 14:45:34,0.19047619047619047
04/11/2025 14:45:34,0.25
04/11/2025 14:45:34,0.08695652173913043
04/11/2025 14:45:35,0.13636363636363635
04/11/2025 14:45:35,0.19047619047619047
04/11/2025 14:45:35,0.19047619047619047
04/11/2025 14:45:35,0.041666666666666664
04/11/2025 14:45:35,0.041666666666666664
04/11/2025 14:45:35,0.0
04/11/2025 14:45:35,0.0
04/11/2025 14:45:36,0.13636363636363635
04/11/2025 14:45:36,0.08695652173913043
04/11/2025 14:45:36,0.08695652173913043
04/11/2025 14:45:36,0.19047619047619047
04/11/2025 14:45:36,0.13636363636363635
04/11/2025 14:45:36,0.08695652173913043
04/11/2025 14:45:37,0.13636363636363635
04/11/2025 14:45:37,0.08695652173913043
04/11/2025 14:45:37,0.08695652173913043
04/11/2025 14:45:37,0.13636363636363635
04/11/2025 14:45:37,0.19047619047619047
04/11/2025 14:45:37,0.19047619047619047
04/11/2025 14:45:38,0.08695652173913043
04/11/2025 14:45:38,0.13636363636363635
04/11/2025 14:45:38,0.13636363636363635
04/11/2025 14:45:38,0.19047619047619047
04/11/2025 14:45:38,0.19047619047619047
04/11/2025 14:45:38,0.08695652173913043
04/11/2025 14:45:39,0.041666666666666664
04/11/2025 14:45:39,0.13636363636363635
04/11/2025 14:45:39,0.13636363636363635
04/11/2025 14:45:39,0.19047619047619047
04/11/2025 14:45:39,0.19047619047619047
04/11/2025 14:45:39,0.19047619047619047
04/11/2025 14:45:39,0.08695652173913043
04/11/2025 14:45:40,0.0
04/11/2025 14:45:40,0.08695652173913043
04/11/2025 14:45:40,0.13636363636363635
04/11/2025 14:45:40,0.08695652173913043
04/11/2025 14:45:40,0.08695652173913043
04/11/2025 14:45:40,0.08695652173913043
04/11/2025 14:45:41,0.08695652173913043
04/11/2025 14:45:41,0.13636363636363635
04/11/2025 14:45:41,0.041666666666666664
04/11/2025 14:45:41,0.25
04/11/2025 14:45:41,0.041666666666666664
04/11/2025 14:45:41,0.13636363636363635
04/11/2025 14:45:41,0.19047619047619047
04/11/2025 14:45:42,0.13636363636363635
04/11/2025 14:45:42,0.08695652173913043
04/11/2025 14:45:42,0.08695652173913043
04/11/2025 14:45:42,0.08695652173913043
04/11/2025 14:45:42,0.08695652173913043
04/11/2025 14:45:42,0.13636363636363635
04/11/2025 14:45:43,0.19047619047619047
04/11/2025 14:45:43,0.13636363636363635
04/11/2025 14:45:43,0.13636363636363635
04/11/2025 14:45:43,0.13636363636363635
04/11/2025 14:45:43,0.08695652173913043
04/11/2025 14:45:43,0.13636363636363635
04/11/2025 14:45:44,0.13636363636363635
04/11/2025 14:45:44,0.13636363636363635
04/11/2025 14:45:44,0.25
04/11/2025 14:45:44,0.25
04/11/2025 14:45:44,0.08695652173913043
04/11/2025 14:45:44,0.19047619047619047
04/11/2025 14:45:45,0.0
04/11/2025 14:45:45,0.041666666666666664
04/11/2025 14:45:45,0.0
04/11/2025 14:45:45,0.19047619047619047
04/11/2025 14:45:45,0.25
04/11/2025 14:45:45,0.13636363636363635
04/11/2025 14:45:45,0.13636363636363635
04/11/2025 14:45:46,0.25
04/11/2025 14:45:46,0.08695652173913043
04/11/2025 14:45:46,0.08695652173913043
04/11/2025 14:45:46,0.19047619047619047
04/11/2025 14:45:46,0.19047619047619047
04/11/2025 14:45:46,0.08695652173913043
04/11/2025 14:45:47,0.13636363636363635
04/11/2025 14:45:47,0.041666666666666664
04/11/2025 14:45:47,0.08695652173913043
04/11/2025 14:45:47,0.041666666666666664
04/11/2025 14:45:47,0.25
04/11/2025 14:45:47,0.19047619047619047
04/11/2025 14:45:48,0.08695652173913043
04/11/2025 14:45:48,0.08695652173913043
04/11/2025 14:45:48,0.08695652173913043
04/11/2025 14:45:48,0.13636363636363635
04/11/2025 14:45:48,0.19047619047619047
04/11/2025 14:45:48,0.25
04/11/2025 14:45:48,0.08695652173913043
04/11/2025 14:45:49,0.25
04/11/2025 14:45:49,0.13636363636363635
04/11/2025 14:45:49,0.19047619047619047
04/11/2025 14:45:49,0.041666666666666664
04/11/2025 14:45:49,0.08695652173913043
04/11/2025 14:45:49,0.13636363636363635
04/11/2025 14:45:50,0.19047619047619047
04/11/2025 14:45:50,0.13636363636363635
04/11/2025 14:45:50,0.041666666666666664
04/11/2025 14:45:50,0.25
04/11/2025 14:45:50,0.041666666666666664
04/11/2025 14:45:50,0.08695652173913043
04/11/2025 14:45:51,0.19047619047619047
04/11/2025 14:45:51,0.0
04/11/2025 14:45:51,0.25
04/11/2025 14:45:51,0.25
04/11/2025 14:45:51,0.19047619047619047
04/11/2025 14:45:51,0.08695652173913043
04/11/2025 14:45:52,0.19047619047619047
04/11/2025 14:45:52,0.19047619047619047
04/11/2025 14:45:52,0.08695652173913043
04/11/2025 14:45:52,0.08695652173913043
04/11/2025 14:45:52,0.13636363636363635
04/11/2025 14:45:52,0.13636363636363635
04/11/2025 14:45:53,0.13636363636363635
04/11/2025 14:45:53,0.08695652173913043
04/11/2025 14:45:53,0.19047619047619047
04/11/2025 14:45:53,0.08695652173913043
04/11/2025 14:45:53,0.25
04/11/2025 14:45:53,0.041666666666666664
04/11/2025 14:45:53,0.08695652173913043
04/11/2025 14:45:54,0.19047619047619047
04/11/2025 14:45:54,0.08695652173913043
04/11/2025 14:45:54,0.13636363636363635
04/11/2025 14:45:54,0.13636363636363635
04/11/2025 14:45:54,0.13636363636363635
04/11/2025 14:45:54,0.19047619047619047
04/11/2025 14:45:55,0.13636363636363635
04/11/2025 14:45:55,0.25
04/11/2025 14:45:55,0.19047619047619047
04/11/2025 14:45:55,0.13636363636363635
04/11/2025 14:45:55,0.13636363636363635
04/11/2025 14:45:55,0.19047619047619047
04/11/2025 14:45:56,0.19047619047619047
04/11/2025 14:45:56,0.08695652173913043
04/11/2025 14:45:56,0.19047619047619047
04/11/2025 14:45:56,0.19047619047619047
04/11/2025 14:45:56,0.041666666666666664
04/11/2025 14:45:56,0.08695652173913043
04/11/2025 14:45:57,0.25
04/11/2025 14:45:57,0.13636363636363635
04/11/2025 14:45:57,0.13636363636363635
04/11/2025 14:45:57,0.08695652173913043
04/11/2025 14:45:57,0.25
04/11/2025 14:45:57,0.13636363636363635
04/11/2025 14:45:57,0.08695652173913043
04/11/2025 14:45:58,0.25
04/11/2025 14:45:58,0.08695652173913043
04/11/2025 14:45:58,0.25
04/11/2025 14:45:58,0.19047619047619047
04/11/2025 14:45:58,0.08695652173913043
04/11/2025 14:45:58,0.25
04/11/2025 14:45:59,0.19047619047619047
04/11/2025 14:45:59,0.08695652173913043
04/11/2025 14:45:59,0.3157894736842105
04/11/2025 14:45:59,0.13636363636363635
04/11/2025 14:45:59,0.08695652173913043
04/11/2025 14:45:59,0.041666666666666664
04/11/2025 14:46:00,0.13636363636363635
04/11/2025 14:46:00,0.19047619047619047
04/11/2025 14:46:00,0.19047619047619047
04/11/2025 14:46:00,0.08695652173913043
04/11/2025 14:46:00,0.041666666666666664
04/11/2025 14:46:00,0.041666666666666664
04/11/2025 14:46:00,0.19047619047619047
04/11/2025 14:46:01,0.08695652173913043
04/11/2025 14:46:01,0.19047619047619047
04/11/2025 14:46:01,0.13636363636363635
04/11/2025 14:46:01,0.13636363636363635
04/11/2025 14:46:01,0.041666666666666664
04/11/2025 14:46:01,0.041666666666666664
04/11/2025 14:46:02,0.13636363636363635
04/11/2025 14:46:02,0.13636363636363635
04/11/2025 14:46:02,0.25
04/11/2025 14:46:02,0.25
04/11/2025 14:46:02,0.19047619047619047
04/11/2025 14:46:02,0.08695652173913043
04/11/2025 14:46:03,0.13636363636363635
04/11/2025 14:46:03,0.25
04/11/2025 14:46:03,0.08695652173913043
04/11/2025 14:46:03,0.08695652173913043
04/11/2025 14:46:03,0.19047619047619047
04/11/2025 14:46:03,0.041666666666666664
04/11/2025 14:46:03,0.08695652173913043
04/11/2025 14:46:04,0.3157894736842105
04/11/2025 14:46:04,0.08695652173913043
04/11/2025 14:46:04,0.08695652173913043
04/11/2025 14:46:04,0.25
04/11/2025 14:46:04,0.13636363636363635
04/11/2025 14:46:04,0.19047619047619047
04/11/2025 14:46:05,0.13636363636363635
04/11/2025 14:46:05,0.13636363636363635
04/11/2025 14:46:05,0.25
04/11/2025 14:46:05,0.041666666666666664
04/11/2025 14:46:05,0.08695652173913043
04/11/2025 14:46:05,0.0
04/11/2025 14:46:05,0.13636363636363635
04/11/2025 14:46:06,0.19047619047619047
04/11/2025 14:46:06,0.19047619047619047
04/11/2025 14:46:06,0.08695652173913043
04/11/2025 14:46:06,0.25
04/11/2025 14:46:06,0.13636363636363635
04/11/2025 14:46:06,0.13636363636363635
04/11/2025 14:46:07,0.25
04/11/2025 14:46:07,0.08695652173913043
04/11/2025 14:46:07,0.041666666666666664
04/11/2025 14:46:07,0.08695652173913043
04/11/2025 14:46:07,0.08695652173913043
04/11/2025 14:46:07,0.19047619047619047
04/11/2025 14:46:07,0.13636363636363635
04/11/2025 14:46:08,0.25
04/11/2025 14:46:08,0.25
04/11/2025 14:46:08,0.13636363636363635
04/11/2025 14:46:08,0.08695652173913043
04/11/2025 14:46:08,0.13636363636363635
04/11/2025 14:46:08,0.13636363636363635
04/11/2025 14:46:09,0.08695652173913043
04/11/2025 14:46:09,0.13636363636363635
04/11/2025 14:46:09,0.13636363636363635
04/11/2025 14:46:09,0.08695652173913043
04/11/2025 14:46:09,0.08695652173913043
04/11/2025 14:46:09,0.08695652173913043
04/11/2025 14:46:10,0.13636363636363635
04/11/2025 14:46:10,0.3157894736842105
04/11/2025 14:46:10,0.08695652173913043
04/11/2025 14:46:10,0.08695652173913043
04/11/2025 14:46:10,0.13636363636363635
04/11/2025 14:46:10,0.08695652173913043
04/11/2025 14:46:11,0.08695652173913043
04/11/2025 14:46:11,0.13636363636363635
04/11/2025 14:46:11,0.041666666666666664
04/11/2025 14:46:11,0.13636363636363635
04/11/2025 14:46:11,0.08695652173913043
04/11/2025 14:46:11,0.08695652173913043
04/11/2025 14:46:11,0.13636363636363635
04/11/2025 14:46:12,0.13636363636363635
04/11/2025 14:46:12,0.08695652173913043
04/11/2025 14:46:12,0.13636363636363635
04/11/2025 14:46:12,0.08695652173913043
04/11/2025 14:46:12,0.13636363636363635
04/11/2025 14:46:12,0.19047619047619047
04/11/2025 14:46:13,0.13636363636363635
04/11/2025 14:46:13,0.08695652173913043
04/11/2025 14:46:13,0.13636363636363635
04/11/2025 14:46:13,0.08695652173913043
04/11/2025 14:46:13,0.25
04/11/2025 14:46:13,0.13636363636363635
04/11/2025 14:46:14,0.13636363636363635
04/11/2025 14:46:14,0.25
04/11/2025 14:46:14,0.08695652173913043
04/11/2025 14:46:14,0.13636363636363635
04/11/2025 14:46:14,0.13636363636363635
04/11/2025 14:46:14,0.08695652173913043
04/11/2025 14:46:14,0.3157894736842105
04/11/2025 14:46:15,0.08695652173913043
04/11/2025 14:46:15,0.041666666666666664
04/11/2025 14:46:15,0.19047619047619047
04/11/2025 14:46:15,0.19047619047619047
04/11/2025 14:46:15,0.19047619047619047
04/11/2025 14:46:15,0.08695652173913043
04/11/2025 14:46:16,0.13636363636363635
04/11/2025 14:46:16,0.13636363636363635
04/11/2025 14:46:16,0.041666666666666664
04/11/2025 14:46:16,0.3157894736842105
04/11/2025 14:46:16,0.19047619047619047
04/11/2025 14:46:16,0.19047619047619047
04/11/2025 14:46:17,0.19047619047619047
04/11/2025 14:46:17,0.13636363636363635
04/11/2025 14:46:17,0.08695652173913043
04/11/2025 14:46:17,0.08695652173913043
04/11/2025 14:46:17,0.19047619047619047
04/11/2025 14:46:17,0.13636363636363635
04/11/2025 14:46:18,0.25
04/11/2025 14:46:18,0.19047619047619047
04/11/2025 14:46:18,0.13636363636363635
04/11/2025 14:46:18,0.08695652173913043
04/11/2025 14:46:18,0.08695652173913043
04/11/2025 14:46:18,0.13636363636363635
04/11/2025 14:46:18,0.08695652173913043
04/11/2025 14:46:19,0.25
04/11/2025 14:46:19,0.041666666666666664
04/11/2025 14:46:19,0.08695652173913043
04/11/2025 14:46:19,0.13636363636363635
04/11/2025 14:46:19,0.0
04/11/2025 14:46:19,0.08695652173913043
04/11/2025 14:46:20,0.08695652173913043
04/11/2025 14:46:20,0.08695652173913043
04/11/2025 14:46:20,0.08695652173913043
04/11/2025 14:46:20,0.08695652173913043
04/11/2025 14:46:20,0.25
04/11/2025 14:46:20,0.13636363636363635
04/11/2025 14:46:20,0.3157894736842105
04/11/2025 14:46:21,0.13636363636363635
04/11/2025 14:46:21,0.13636363636363635
04/11/2025 14:46:21,0.25
04/11/2025 14:46:21,0.19047619047619047
04/11/2025 14:46:21,0.13636363636363635
04/11/2025 14:46:21,0.19047619047619047
04/11/2025 14:46:22,0.13636363636363635
04/11/2025 14:46:22,0.08695652173913043
04/11/2025 14:46:22,0.08695652173913043
04/11/2025 14:46:22,0.19047619047619047
04/11/2025 14:46:22,0.13636363636363635
04/11/2025 14:46:22,0.041666666666666664
04/11/2025 14:46:23,0.08695652173913043
04/11/2025 14:46:23,0.19047619047619047
04/11/2025 14:46:23,0.08695652173913043
04/11/2025 14:46:23,0.041666666666666664
04/11/2025 14:46:23,0.3157894736842105
04/11/2025 14:46:23,0.19047619047619047
04/11/2025 14:46:24,0.13636363636363635
04/11/2025 14:46:24,0.25
04/11/2025 14:46:24,0.08695652173913043
04/11/2025 14:46:24,0.3157894736842105
04/11/2025 14:46:24,0.08695652173913043
04/11/2025 14:46:24,0.13636363636363635
04/11/2025 14:46:25,0.08695652173913043
04/11/2025 14:46:25,0.19047619047619047
04/11/2025 14:46:25,0.3157894736842105
04/11/2025 14:46:25,0.25
04/11/2025 14:46:25,0.0
04/11/2025 14:46:25,0.19047619047619047
04/11/2025 14:46:26,0.19047619047619047
04/11/2025 14:46:26,0.19047619047619047
04/11/2025 14:46:26,0.13636363636363635
04/11/2025 14:46:26,0.13636363636363635
04/11/2025 14:46:26,0.13636363636363635
04/11/2025 14:46:26,0.13636363636363635
04/11/2025 14:46:26,0.25
04/11/2025 14:46:27,0.19047619047619047
04/11/2025 14:46:27,0.13636363636363635
04/11/2025 14:46:27,0.08695652173913043
04/11/2025 14:46:27,0.13636363636363635
04/11/2025 14:46:27,0.08695652173913043
04/11/2025 14:46:28,0.08695652173913043
04/11/2025 14:46:28,0.19047619047619047
04/11/2025 14:46:28,0.041666666666666664
04/11/2025 14:46:28,0.3157894736842105
04/11/2025 14:46:28,0.13636363636363635
04/11/2025 14:46:28,0.25
04/11/2025 14:46:28,0.08695652173913043
04/11/2025 14:46:29,0.13636363636363635
04/11/2025 14:46:29,0.13636363636363635
04/11/2025 14:46:29,0.19047619047619047
04/11/2025 14:46:29,0.08695652173913043
04/11/2025 14:46:29,0.041666666666666664
04/11/2025 14:46:29,0.19047619047619047
04/11/2025 14:46:30,0.08695652173913043
04/11/2025 14:46:30,0.041666666666666664
04/11/2025 14:46:30,0.13636363636363635
04/11/2025 14:46:30,0.0
04/11/2025 14:46:30,0.13636363636363635
04/11/2025 14:46:30,0.08695652173913043
04/11/2025 14:46:31,0.19047619047619047
04/11/2025 14:46:31,0.041666666666666664
04/11/2025 14:46:31,0.25
04/11/2025 14:46:31,0.3888888888888889
04/11/2025 14:46:31,0.13636363636363635
04/11/2025 14:46:31,0.041666666666666664
04/11/2025 14:46:32,0.19047619047619047
04/11/2025 14:46:32,0.041666666666666664
04/11/2025 14:46:32,0.19047619047619047
04/11/2025 14:46:32,0.25
04/11/2025 14:46:32,0.13636363636363635
04/11/2025 14:46:32,0.19047619047619047
04/11/2025 14:46:33,0.13636363636363635
04/11/2025 14:46:33,0.13636363636363635
04/11/2025 14:46:33,0.08695652173913043
04/11/2025 14:46:33,0.041666666666666664
04/11/2025 14:46:33,0.13636363636363635
04/11/2025 14:46:33,0.13636363636363635
04/11/2025 14:46:34,0.13636363636363635
04/11/2025 14:46:34,0.19047619047619047
04/11/2025 14:46:34,0.13636363636363635
04/11/2025 14:46:34,0.19047619047619047
04/11/2025 14:46:34,0.13636363636363635
04/11/2025 14:46:34,0.13636363636363635
04/11/2025 14:46:35,0.13636363636363635
04/11/2025 14:46:35,0.08695652173913043
04/11/2025 14:46:35,0.13636363636363635
04/11/2025 14:46:35,0.19047619047619047
04/11/2025 14:46:35,0.041666666666666664
04/11/2025 14:46:35,0.13636363636363635
04/11/2025 14:46:36,0.041666666666666664
04/11/2025 14:46:36,0.041666666666666664
04/11/2025 14:46:36,0.08695652173913043
04/11/2025 14:46:36,0.13636363636363635
04/11/2025 14:46:36,0.08695652173913043
04/11/2025 14:46:36,0.19047619047619047
04/11/2025 14:46:36,0.19047619047619047
04/11/2025 14:46:37,0.08695652173913043
04/11/2025 14:46:37,0.041666666666666664
04/11/2025 14:46:37,0.19047619047619047
04/11/2025 14:46:37,0.25
04/11/2025 14:46:37,0.19047619047619047
04/11/2025 14:46:37,0.08695652173913043
04/11/2025 14:46:38,0.13636363636363635
04/11/2025 14:46:38,0.13636363636363635
04/11/2025 14:46:38,0.25
04/11/2025 14:46:38,0.13636363636363635
04/11/2025 14:46:38,0.08695652173913043
04/11/2025 14:46:38,0.25
04/11/2025 14:46:39,0.19047619047619047
04/11/2025 14:46:39,0.041666666666666664
04/11/2025 14:46:39,0.08695652173913043
04/11/2025 14:46:39,0.08695652173913043
04/11/2025 14:46:39,0.13636363636363635
04/11/2025 14:46:39,0.08695652173913043
04/11/2025 14:46:40,0.13636363636363635
04/11/2025 14:46:40,0.25
04/11/2025 14:46:40,0.19047619047619047
04/11/2025 14:46:40,0.13636363636363635
04/11/2025 14:46:40,0.08695652173913043
04/11/2025 14:46:40,0.19047619047619047
04/11/2025 14:46:41,0.041666666666666664
04/11/2025 14:46:41,0.08695652173913043
04/11/2025 14:46:41,0.13636363636363635
04/11/2025 14:46:41,0.08695652173913043
04/11/2025 14:46:41,0.19047619047619047
04/11/2025 14:46:41,0.19047619047619047
04/11/2025 14:46:42,0.13636363636363635
04/11/2025 14:46:42,0.13636363636363635
04/11/2025 14:46:42,0.19047619047619047
04/11/2025 14:46:42,0.19047619047619047
04/11/2025 14:46:42,0.19047619047619047
04/11/2025 14:46:42,0.13636363636363635
04/11/2025 14:46:42,0.13636363636363635
04/11/2025 14:46:43,0.19047619047619047
04/11/2025 14:46:43,0.13636363636363635
04/11/2025 14:46:43,0.13636363636363635
04/11/2025 14:46:43,0.13636363636363635
04/11/2025 14:46:43,0.13636363636363635
04/11/2025 14:46:43,0.19047619047619047
04/11/2025 14:46:44,0.13636363636363635
04/11/2025 14:46:44,0.08695652173913043
04/11/2025 14:46:44,0.13636363636363635
04/11/2025 14:46:44,0.08695652173913043
04/11/2025 14:46:44,0.25
04/11/2025 14:46:44,0.19047619047619047
04/11/2025 14:46:44,0.08695652173913043
04/11/2025 14:46:45,0.041666666666666664
04/11/2025 14:46:45,0.13636363636363635
04/11/2025 14:46:45,0.25
04/11/2025 14:46:45,0.13636363636363635
04/11/2025 14:46:45,0.08695652173913043
04/11/2025 14:46:46,0.08695652173913043
04/11/2025 14:46:46,0.19047619047619047
04/11/2025 14:46:46,0.08695652173913043
04/11/2025 14:46:46,0.13636363636363635
04/11/2025 14:46:46,0.13636363636363635
04/11/2025 14:46:46,0.041666666666666664
04/11/2025 14:46:46,0.041666666666666664
04/11/2025 14:46:47,0.13636363636363635
04/11/2025 14:46:47,0.08695652173913043
04/11/2025 14:46:47,0.08695652173913043
04/11/2025 14:46:47,0.041666666666666664
04/11/2025 14:46:47,0.25
04/11/2025 14:46:47,0.19047619047619047
04/11/2025 14:46:48,0.13636363636363635
04/11/2025 14:46:48,0.13636363636363635
04/11/2025 14:46:48,0.25
04/11/2025 14:46:48,0.13636363636363635
04/11/2025 14:46:48,0.08695652173913043
04/11/2025 14:46:48,0.13636363636363635
04/11/2025 14:46:49,0.08695652173913043
04/11/2025 14:46:49,0.3157894736842105
04/11/2025 14:46:49,0.08695652173913043
04/11/2025 14:46:49,0.13636363636363635
04/11/2025 14:46:49,0.19047619047619047
04/11/2025 14:46:49,0.25
04/11/2025 14:46:49,0.08695652173913043
04/11/2025 14:46:50,0.041666666666666664
04/11/2025 14:46:50,0.19047619047619047
04/11/2025 14:46:50,0.25
04/11/2025 14:46:50,0.041666666666666664
04/11/2025 14:46:50,0.08695652173913043
04/11/2025 14:46:50,0.08695652173913043
04/11/2025 14:46:51,0.19047619047619047
04/11/2025 14:46:51,0.25
04/11/2025 14:46:51,0.08695652173913043
04/11/2025 14:46:51,0.25
04/11/2025 14:46:51,0.08695652173913043
04/11/2025 14:46:51,0.08695652173913043
04/11/2025 14:46:52,0.25
04/11/2025 14:46:52,0.25
04/11/2025 14:46:52,0.08695652173913043
04/11/2025 14:46:52,0.19047619047619047
04/11/2025 14:46:52,0.19047619047619047
04/11/2025 14:46:52,0.13636363636363635
04/11/2025 14:46:53,0.25
04/11/2025 14:46:53,0.08695652173913043
04/11/2025 14:46:53,0.19047619047619047
04/11/2025 14:46:53,0.19047619047619047
04/11/2025 14:46:53,0.19047619047619047
04/11/2025 14:46:53,0.19047619047619047
04/11/2025 14:46:54,0.13636363636363635
04/11/2025 14:46:54,0.19047619047619047
04/11/2025 14:46:54,0.19047619047619047
04/11/2025 14:46:54,0.19047619047619047
04/11/2025 14:46:54,0.08695652173913043
04/11/2025 14:46:54,0.25
04/11/2025 14:46:55,0.13636363636363635
04/11/2025 14:46:55,0.25
04/11/2025 14:46:55,0.19047619047619047
04/11/2025 14:46:55,0.08695652173913043
04/11/2025 14:46:55,0.13636363636363635
04/11/2025 14:46:55,0.13636363636363635
04/11/2025 14:46:55,0.25
04/11/2025 14:46:56,0.13636363636363635
04/11/2025 14:46:56,0.25
04/11/2025 14:46:56,0.041666666666666664
04/11/2025 14:46:56,0.041666666666666664
04/11/2025 14:46:56,0.19047619047619047
04/11/2025 14:46:56,0.19047619047619047
04/11/2025 14:46:57,0.13636363636363635
04/11/2025 14:46:57,0.25
04/11/2025 14:46:57,0.3157894736842105
04/11/2025 14:46:57,0.08695652173913043
04/11/2025 14:46:57,0.13636363636363635
04/11/2025 14:46:57,0.08695652173913043
04/11/2025 14:46:57,0.08695652173913043
04/11/2025 14:46:58,0.13636363636363635
04/11/2025 14:46:58,0.13636363636363635
04/11/2025 14:46:58,0.041666666666666664
04/11/2025 14:46:58,0.25
04/11/2025 14:46:58,0.08695652173913043
04/11/2025 14:46:58,0.13636363636363635
04/11/2025 14:46:59,0.13636363636363635
04/11/2025 14:46:59,0.13636363636363635
04/11/2025 14:46:59,0.13636363636363635
04/11/2025 14:46:59,0.25
04/11/2025 14:46:59,0.13636363636363635
04/11/2025 14:46:59,0.13636363636363635
04/11/2025 14:47:00,0.19047619047619047
04/11/2025 14:47:00,0.19047619047619047
04/11/2025 14:47:00,0.08695652173913043
04/11/2025 14:47:00,0.041666666666666664
04/11/2025 14:47:00,0.13636363636363635
04/11/2025 14:47:00,0.08695652173913043
04/11/2025 14:47:01,0.19047619047619047
04/11/2025 14:47:01,0.08695652173913043
04/11/2025 14:47:01,0.19047619047619047
04/11/2025 14:47:01,0.08695652173913043
04/11/2025 14:47:01,0.13636363636363635
04/11/2025 14:47:01,0.08695652173913043
04/11/2025 14:47:01,0.19047619047619047
04/11/2025 14:47:02,0.19047619047619047
04/11/2025 14:47:02,0.08695652173913043
04/11/2025 14:47:02,0.19047619047619047
04/11/2025 14:47:02,0.08695652173913043
04/11/2025 14:47:02,0.041666666666666664
04/11/2025 14:47:02,0.041666666666666664
04/11/2025 14:47:03,0.13636363636363635
04/11/2025 14:47:03,0.041666666666666664
04/11/2025 14:47:03,0.08695652173913043
04/11/2025 14:47:03,0.041666666666666664
04/11/2025 14:47:03,0.041666666666666664
04/11/2025 14:47:03,0.041666666666666664
04/11/2025 14:47:04,0.25
04/11/2025 14:47:04,0.13636363636363635
04/11/2025 14:47:04,0.19047619047619047
04/11/2025 14:47:04,0.041666666666666664
04/11/2025 14:47:04,0.19047619047619047
04/11/2025 14:47:04,0.19047619047619047
04/11/2025 14:47:05,0.13636363636363635
04/11/2025 14:47:05,0.08695652173913043
04/11/2025 14:47:05,0.041666666666666664
04/11/2025 14:47:05,0.08695652173913043
04/11/2025 14:47:05,0.25
04/11/2025 14:47:05,0.19047619047619047
04/11/2025 14:47:05,0.08695652173913043
04/11/2025 14:47:06,0.13636363636363635
04/11/2025 14:47:06,0.19047619047619047
04/11/2025 14:47:06,0.25
04/11/2025 14:47:06,0.08695652173913043
04/11/2025 14:47:06,0.25
04/11/2025 14:47:06,0.08695652173913043
04/11/2025 14:47:07,0.19047619047619047
04/11/2025 14:47:07,0.13636363636363635
04/11/2025 14:47:07,0.25
04/11/2025 14:47:07,0.041666666666666664
04/11/2025 14:47:07,0.08695652173913043
04/11/2025 14:47:07,0.3157894736842105
04/11/2025 14:47:07,0.19047619047619047
04/11/2025 14:47:08,0.13636363636363635
04/11/2025 14:47:08,0.13636363636363635
04/11/2025 14:47:08,0.13636363636363635
04/11/2025 14:47:08,0.25
04/11/2025 14:47:08,0.041666666666666664
04/11/2025 14:47:08,0.13636363636363635
04/11/2025 14:47:09,0.25
04/11/2025 14:47:09,0.19047619047619047
04/11/2025 14:47:09,0.041666666666666664
04/11/2025 14:47:09,0.19047619047619047
04/11/2025 14:47:09,0.19047619047619047
04/11/2025 14:47:09,0.3157894736842105
04/11/2025 14:47:10,0.25
04/11/2025 14:47:10,0.19047619047619047
04/11/2025 14:47:10,0.13636363636363635
04/11/2025 14:47:10,0.19047619047619047
04/11/2025 14:47:10,0.08695652173913043
04/11/2025 14:47:10,0.08695652173913043
04/11/2025 14:47:10,0.25
04/11/2025 14:47:11,0.13636363636363635
04/11/2025 14:47:11,0.13636363636363635
04/11/2025 14:47:11,0.041666666666666664
04/11/2025 14:47:11,0.13636363636363635
04/11/2025 14:47:11,0.08695652173913043
04/11/2025 14:47:11,0.08695652173913043
04/11/2025 14:47:12,0.08695652173913043
04/11/2025 14:47:12,0.19047619047619047
04/11/2025 14:47:12,0.13636363636363635
04/11/2025 14:47:12,0.19047619047619047
04/11/2025 14:47:12,0.13636363636363635
04/11/2025 14:47:12,0.13636363636363635
04/11/2025 14:47:13,0.13636363636363635
04/11/2025 14:47:13,0.13636363636363635
04/11/2025 14:47:13,0.25
04/11/2025 14:47:13,0.08695652173913043
04/11/2025 14:47:13,0.19047619047619047
04/11/2025 14:47:13,0.0
04/11/2025 14:47:13,0.13636363636363635
04/11/2025 14:47:14,0.13636363636363635
04/11/2025 14:47:14,0.19047619047619047
04/11/2025 14:47:14,0.08695652173913043
04/11/2025 14:47:14,0.13636363636363635
04/11/2025 14:47:14,0.041666666666666664
04/11/2025 14:47:14,0.041666666666666664
04/11/2025 14:47:15,0.19047619047619047
04/11/2025 14:47:15,0.19047619047619047
04/11/2025 14:47:15,0.13636363636363635
04/11/2025 14:47:15,0.13636363636363635
04/11/2025 14:47:15,0.08695652173913043
04/11/2025 14:47:15,0.19047619047619047
04/11/2025 14:47:16,0.13636363636363635
04/11/2025 14:47:16,0.19047619047619047
04/11/2025 14:47:16,0.19047619047619047
04/11/2025 14:47:16,0.19047619047619047
04/11/2025 14:47:16,0.041666666666666664
04/11/2025 14:47:16,0.08695652173913043
04/11/2025 14:47:16,0.19047619047619047
04/11/2025 14:47:17,0.08695652173913043
04/11/2025 14:47:17,0.08695652173913043
04/11/2025 14:47:17,0.13636363636363635
04/11/2025 14:47:17,0.0
04/11/2025 14:47:17,0.041666666666666664
04/11/2025 14:47:17,0.19047619047619047
04/11/2025 14:47:18,0.13636363636363635
04/11/2025 14:47:18,0.08695652173913043
04/11/2025 14:47:18,0.08695652173913043
04/11/2025 14:47:18,0.25
04/11/2025 14:47:18,0.13636363636363635
04/11/2025 14:47:18,0.19047619047619047
04/11/2025 14:47:19,0.041666666666666664
04/11/2025 14:47:19,0.13636363636363635
04/11/2025 14:47:19,0.13636363636363635
04/11/2025 14:47:19,0.13636363636363635
04/11/2025 14:47:19,0.13636363636363635
04/11/2025 14:47:19,0.19047619047619047
04/11/2025 14:47:20,0.19047619047619047
04/11/2025 14:47:20,0.13636363636363635
04/11/2025 14:47:20,0.08695652173913043
04/11/2025 14:47:20,0.13636363636363635
04/11/2025 14:47:20,0.08695652173913043
04/11/2025 14:47:20,0.0
04/11/2025 14:47:21,0.08695652173913043
04/11/2025 14:47:21,0.041666666666666664
04/11/2025 14:47:21,0.3157894736842105
04/11/2025 14:47:21,0.13636363636363635
04/11/2025 14:47:21,0.13636363636363635
04/11/2025 14:47:21,0.13636363636363635
04/11/2025 14:47:21,0.19047619047619047
04/11/2025 14:47:22,0.13636363636363635
04/11/2025 14:47:22,0.19047619047619047
04/11/2025 14:47:22,0.13636363636363635
04/11/2025 14:47:22,0.19047619047619047
04/11/2025 14:47:22,0.25
04/11/2025 14:47:22,0.13636363636363635
04/11/2025 14:47:23,0.19047619047619047
04/11/2025 14:47:23,0.041666666666666664
04/11/2025 14:47:23,0.13636363636363635
04/11/2025 14:47:23,0.08695652173913043
04/11/2025 14:47:23,0.19047619047619047
04/11/2025 14:47:23,0.041666666666666664
04/11/2025 14:47:24,0.19047619047619047
04/11/2025 14:47:24,0.13636363636363635
04/11/2025 14:47:24,0.08695652173913043
04/11/2025 14:47:24,0.08695652173913043
04/11/2025 14:47:24,0.19047619047619047
04/11/2025 14:47:24,0.08695652173913043
04/11/2025 14:47:24,0.08695652173913043
04/11/2025 14:47:25,0.19047619047619047
04/11/2025 14:47:25,0.08695652173913043
04/11/2025 14:47:25,0.13636363636363635
04/11/2025 14:47:25,0.08695652173913043
04/11/2025 14:47:25,0.08695652173913043
04/11/2025 14:47:25,0.08695652173913043
04/11/2025 14:47:26,0.13636363636363635
04/11/2025 14:47:26,0.19047619047619047
04/11/2025 14:47:26,0.25
04/11/2025 14:47:26,0.19047619047619047
04/11/2025 14:47:26,0.08695652173913043
04/11/2025 14:47:26,0.3157894736842105
04/11/2025 14:47:27,0.13636363636363635
04/11/2025 14:47:27,0.08695652173913043
04/11/2025 14:47:27,0.041666666666666664
04/11/2025 14:47:27,0.08695652173913043
04/11/2025 14:47:27,0.25
04/11/2025 14:47:27,0.3157894736842105
04/11/2025 14:47:27,0.08695652173913043
04/11/2025 14:47:28,0.3157894736842105
04/11/2025 14:47:28,0.041666666666666664
04/11/2025 14:47:28,0.08695652173913043
04/11/2025 14:47:28,0.041666666666666664
04/11/2025 14:47:28,0.08695652173913043
04/11/2025 14:47:28,0.041666666666666664
04/11/2025 14:47:29,0.13636363636363635
04/11/2025 14:47:29,0.13636363636363635
04/11/2025 14:47:29,0.13636363636363635
04/11/2025 14:47:29,0.08695652173913043
04/11/2025 14:47:29,0.13636363636363635
04/11/2025 14:47:29,0.13636363636363635
04/11/2025 14:47:30,0.08695652173913043
04/11/2025 14:47:30,0.19047619047619047
04/11/2025 14:47:30,0.19047619047619047
04/11/2025 14:47:30,0.13636363636363635
04/11/2025 14:47:30,0.13636363636363635
04/11/2025 14:47:30,0.19047619047619047
04/11/2025 14:47:31,0.08695652173913043
04/11/2025 14:47:31,0.13636363636363635
04/11/2025 14:47:31,0.13636363636363635
04/11/2025 14:47:31,0.3157894736842105
04/11/2025 14:47:31,0.13636363636363635
04/11/2025 14:47:31,0.08695652173913043
04/11/2025 14:47:32,0.19047619047619047
04/11/2025 14:47:32,0.041666666666666664
04/11/2025 14:47:32,0.041666666666666664
04/11/2025 14:47:32,0.13636363636363635
04/11/2025 14:47:32,0.19047619047619047
04/11/2025 14:47:32,0.13636363636363635
04/11/2025 14:47:33,0.19047619047619047
04/11/2025 14:47:33,0.13636363636363635
04/11/2025 14:47:33,0.25
04/11/2025 14:47:33,0.19047619047619047
04/11/2025 14:47:33,0.13636363636363635
04/11/2025 14:47:33,0.25
04/11/2025 14:47:33,0.13636363636363635
04/11/2025 14:47:34,0.08695652173913043
04/11/2025 14:47:34,0.19047619047619047
04/11/2025 14:47:34,0.041666666666666664
04/11/2025 14:47:34,0.13636363636363635
04/11/2025 14:47:34,0.08695652173913043
04/11/2025 14:47:34,0.08695652173913043
04/11/2025 14:47:35,0.08695652173913043
04/11/2025 14:47:35,0.13636363636363635
04/11/2025 14:47:35,0.19047619047619047
04/11/2025 14:47:35,0.13636363636363635
04/11/2025 14:47:35,0.19047619047619047
04/11/2025 14:47:35,0.0
04/11/2025 14:47:35,0.08695652173913043
04/11/2025 14:47:36,0.0
04/11/2025 14:47:36,0.08695652173913043
04/11/2025 14:47:36,0.041666666666666664
04/11/2025 14:47:36,0.19047619047619047
04/11/2025 14:47:36,0.19047619047619047
04/11/2025 14:47:36,0.13636363636363635
04/11/2025 14:47:37,0.19047619047619047
04/11/2025 14:47:37,0.08695652173913043
04/11/2025 14:47:37,0.19047619047619047
04/11/2025 14:47:37,0.08695652173913043
04/11/2025 14:47:37,0.13636363636363635
04/11/2025 14:47:37,0.08695652173913043
04/11/2025 14:47:38,0.13636363636363635
04/11/2025 14:47:38,0.13636363636363635
04/11/2025 14:47:38,0.13636363636363635
04/11/2025 14:47:38,0.08695652173913043
04/11/2025 14:47:38,0.13636363636363635
04/11/2025 14:47:38,0.19047619047619047
04/11/2025 14:47:39,0.13636363636363635
04/11/2025 14:47:39,0.13636363636363635
04/11/2025 14:47:39,0.13636363636363635
04/11/2025 14:47:39,0.25
04/11/2025 14:47:39,0.19047619047619047
04/11/2025 14:47:39,0.13636363636363635
04/11/2025 14:47:40,0.3157894736842105
04/11/2025 14:47:40,0.19047619047619047
04/11/2025 14:47:40,0.041666666666666664
04/11/2025 14:47:40,0.13636363636363635
04/11/2025 14:47:40,0.08695652173913043
04/11/2025 14:47:40,0.13636363636363635
04/11/2025 14:47:40,0.13636363636363635
04/11/2025 14:47:41,0.13636363636363635
04/11/2025 14:47:41,0.3157894736842105
04/11/2025 14:47:41,0.13636363636363635
04/11/2025 14:47:41,0.19047619047619047
04/11/2025 14:47:41,0.19047619047619047
04/11/2025 14:47:42,0.19047619047619047
04/11/2025 14:47:42,0.13636363636363635
04/11/2025 14:47:42,0.13636363636363635
04/11/2025 14:47:42,0.19047619047619047
04/11/2025 14:47:42,0.13636363636363635
04/11/2025 14:47:42,0.19047619047619047
04/11/2025 14:47:42,0.19047619047619047
04/11/2025 14:47:43,0.3157894736842105
04/11/2025 14:47:43,0.08695652173913043
04/11/2025 14:47:43,0.13636363636363635
04/11/2025 14:47:43,0.3157894736842105
04/11/2025 14:47:43,0.041666666666666664
04/11/2025 14:47:43,0.13636363636363635
04/11/2025 14:47:44,0.13636363636363635
04/11/2025 14:47:44,0.13636363636363635
04/11/2025 14:47:44,0.19047619047619047
04/11/2025 14:47:44,0.13636363636363635
04/11/2025 14:47:44,0.19047619047619047
04/11/2025 14:47:44,0.19047619047619047
04/11/2025 14:47:45,0.25
04/11/2025 14:47:45,0.13636363636363635
04/11/2025 14:47:45,0.13636363636363635
04/11/2025 14:47:45,0.08695652173913043
04/11/2025 14:47:45,0.19047619047619047
04/11/2025 14:47:45,0.08695652173913043
04/11/2025 14:47:46,0.13636363636363635
04/11/2025 14:47:46,0.13636363636363635
04/11/2025 14:47:46,0.041666666666666664
04/11/2025 14:47:46,0.08695652173913043
04/11/2025 14:47:46,0.19047619047619047
04/11/2025 14:47:46,0.13636363636363635
04/11/2025 14:47:47,0.041666666666666664
04/11/2025 14:47:47,0.13636363636363635
04/11/2025 14:47:47,0.3157894736842105
04/11/2025 14:47:47,0.041666666666666664
04/11/2025 14:47:47,0.041666666666666664
04/11/2025 14:47:47,0.25
04/11/2025 14:47:48,0.13636363636363635
04/11/2025 14:47:48,0.25
04/11/2025 14:47:48,0.13636363636363635
04/11/2025 14:47:48,0.041666666666666664
04/11/2025 14:47:48,0.13636363636363635
04/11/2025 14:47:48,0.3157894736842105
04/11/2025 14:47:49,0.08695652173913043
04/11/2025 14:47:49,0.041666666666666664
04/11/2025 14:47:49,0.13636363636363635
04/11/2025 14:47:49,0.041666666666666664
04/11/2025 14:47:49,0.08695652173913043
04/11/2025 14:47:49,0.08695652173913043
04/11/2025 14:47:50,0.0
04/11/2025 14:47:50,0.19047619047619047
04/11/2025 14:47:50,0.19047619047619047
04/11/2025 14:47:50,0.19047619047619047
04/11/2025 14:47:50,0.19047619047619047
04/11/2025 14:47:50,0.13636363636363635
04/11/2025 14:47:50,0.08695652173913043
04/11/2025 14:47:51,0.13636363636363635
04/11/2025 14:47:51,0.13636363636363635
04/11/2025 14:47:51,0.19047619047619047
04/11/2025 14:47:51,0.19047619047619047
04/11/2025 14:47:51,0.041666666666666664
04/11/2025 14:47:51,0.3157894736842105
04/11/2025 14:47:52,0.08695652173913043
04/11/2025 14:47:52,0.19047619047619047
04/11/2025 14:47:52,0.13636363636363635
04/11/2025 14:47:52,0.13636363636363635
04/11/2025 14:47:52,0.25
04/11/2025 14:47:52,0.19047619047619047
04/11/2025 14:47:53,0.08695652173913043
04/11/2025 14:47:53,0.13636363636363635
04/11/2025 14:47:53,0.19047619047619047
04/11/2025 14:47:53,0.19047619047619047
04/11/2025 14:47:53,0.19047619047619047
04/11/2025 14:47:53,0.13636363636363635
04/11/2025 14:47:54,0.25
04/11/2025 14:47:54,0.13636363636363635
04/11/2025 14:47:54,0.3157894736842105
04/11/2025 14:47:54,0.19047619047619047
04/11/2025 14:47:54,0.13636363636363635
04/11/2025 14:47:54,0.13636363636363635
04/11/2025 14:47:55,0.13636363636363635
04/11/2025 14:47:55,0.08695652173913043
04/11/2025 14:47:55,0.25
04/11/2025 14:47:55,0.08695652173913043
04/11/2025 14:47:55,0.13636363636363635
04/11/2025 14:47:55,0.19047619047619047
04/11/2025 14:47:55,0.3157894736842105
04/11/2025 14:47:56,0.19047619047619047
04/11/2025 14:47:56,0.19047619047619047
04/11/2025 14:47:56,0.3157894736842105
04/11/2025 14:47:56,0.13636363636363635
04/11/2025 14:47:56,0.19047619047619047
04/11/2025 14:47:56,0.08695652173913043
04/11/2025 14:47:57,0.13636363636363635
04/11/2025 14:47:57,0.08695652173913043
04/11/2025 14:47:57,0.08695652173913043
04/11/2025 14:47:57,0.08695652173913043
04/11/2025 14:47:57,0.19047619047619047
04/11/2025 14:47:57,0.13636363636363635
04/11/2025 14:47:58,0.08695652173913043
04/11/2025 14:47:58,0.041666666666666664
04/11/2025 14:47:58,0.13636363636363635
04/11/2025 14:47:58,0.13636363636363635
04/11/2025 14:47:58,0.19047619047619047
04/11/2025 14:47:58,0.19047619047619047
04/11/2025 14:47:59,0.13636363636363635
04/11/2025 14:47:59,0.08695652173913043
04/11/2025 14:47:59,0.19047619047619047
04/11/2025 14:47:59,0.13636363636363635
04/11/2025 14:47:59,0.25
04/11/2025 14:47:59,0.08695652173913043
04/11/2025 14:47:59,0.25
04/11/2025 14:48:00,0.19047619047619047
04/11/2025 14:48:00,0.25
04/11/2025 14:48:00,0.13636363636363635
04/11/2025 14:48:00,0.19047619047619047
04/11/2025 14:48:00,0.13636363636363635
04/11/2025 14:48:00,0.13636363636363635
04/11/2025 14:48:01,0.13636363636363635
04/11/2025 14:48:01,0.13636363636363635
04/11/2025 14:48:01,0.041666666666666664
04/11/2025 14:48:01,0.25
04/11/2025 14:48:01,0.19047619047619047
04/11/2025 14:48:01,0.041666666666666664
04/11/2025 14:48:02,0.3157894736842105
04/11/2025 14:48:02,0.13636363636363635
04/11/2025 14:48:02,0.13636363636363635
04/11/2025 14:48:02,0.08695652173913043
04/11/2025 14:48:02,0.08695652173913043
04/11/2025 14:48:02,0.25
04/11/2025 14:48:03,0.08695652173913043
04/11/2025 14:48:03,0.08695652173913043
04/11/2025 14:48:03,0.041666666666666664
04/11/2025 14:48:03,0.08695652173913043
04/11/2025 14:48:03,0.08695652173913043
04/11/2025 14:48:03,0.25
04/11/2025 14:48:03,0.19047619047619047
04/11/2025 14:48:04,0.19047619047619047
04/11/2025 14:48:04,0.19047619047619047
04/11/2025 14:48:04,0.041666666666666664
04/11/2025 14:48:04,0.25
04/11/2025 14:48:04,0.13636363636363635
04/11/2025 14:48:04,0.08695652173913043
04/11/2025 14:48:05,0.25
04/11/2025 14:48:05,0.13636363636363635
04/11/2025 14:48:05,0.25
04/11/2025 14:48:05,0.19047619047619047
04/11/2025 14:48:05,0.19047619047619047
04/11/2025 14:48:05,0.19047619047619047
04/11/2025 14:48:06,0.19047619047619047
04/11/2025 14:48:06,0.19047619047619047
04/11/2025 14:48:06,0.08695652173913043
04/11/2025 14:48:06,0.041666666666666664
04/11/2025 14:48:06,0.25
04/11/2025 14:48:06,0.19047619047619047
04/11/2025 14:48:07,0.08695652173913043
04/11/2025 14:48:07,0.08695652173913043
04/11/2025 14:48:07,0.25
04/11/2025 14:48:07,0.19047619047619047
04/11/2025 14:48:07,0.25
04/11/2025 14:48:07,0.13636363636363635
04/11/2025 14:48:07,0.13636363636363635
04/11/2025 14:48:08,0.19047619047619047
04/11/2025 14:48:08,0.13636363636363635
04/11/2025 14:48:08,0.041666666666666664
04/11/2025 14:48:08,0.041666666666666664
04/11/2025 14:48:08,0.08695652173913043
04/11/2025 14:48:08,0.13636363636363635
04/11/2025 14:48:09,0.47058823529411764
04/11/2025 14:48:09,0.08695652173913043
04/11/2025 14:48:09,0.19047619047619047
04/11/2025 14:48:09,0.13636363636363635
04/11/2025 14:48:09,0.13636363636363635
04/11/2025 14:48:09,0.08695652173913043
04/11/2025 14:48:10,0.19047619047619047
04/11/2025 14:48:10,0.13636363636363635
04/11/2025 14:48:10,0.19047619047619047
04/11/2025 14:48:10,0.08695652173913043
04/11/2025 14:48:10,0.3157894736842105
04/11/2025 14:48:10,0.13636363636363635
04/11/2025 14:48:10,0.13636363636363635
04/11/2025 14:48:11,0.25
04/11/2025 14:48:11,0.13636363636363635
04/11/2025 14:48:11,0.08695652173913043
04/11/2025 14:48:11,0.13636363636363635
04/11/2025 14:48:11,0.13636363636363635
04/11/2025 14:48:11,0.13636363636363635
04/11/2025 14:48:12,0.13636363636363635
04/11/2025 14:48:12,0.13636363636363635
04/11/2025 14:48:12,0.13636363636363635
04/11/2025 14:48:12,0.041666666666666664
04/11/2025 14:48:12,0.08695652173913043
04/11/2025 14:48:12,0.3157894736842105
04/11/2025 14:48:12,0.08695652173913043
04/11/2025 14:48:13,0.08695652173913043
04/11/2025 14:48:13,0.08695652173913043
04/11/2025 14:48:13,0.19047619047619047
04/11/2025 14:48:13,0.041666666666666664
04/11/2025 14:48:13,0.08695652173913043
04/11/2025 14:48:13,0.13636363636363635
04/11/2025 14:48:14,0.08695652173913043
04/11/2025 14:48:14,0.08695652173913043
04/11/2025 14:48:14,0.041666666666666664
04/11/2025 14:48:14,0.08695652173913043
04/11/2025 14:48:14,0.19047619047619047
04/11/2025 14:48:14,0.041666666666666664
04/11/2025 14:48:14,0.08695652173913043
04/11/2025 14:48:15,0.13636363636363635
04/11/2025 14:48:15,0.08695652173913043
04/11/2025 14:48:15,0.19047619047619047
04/11/2025 14:48:15,0.041666666666666664
04/11/2025 14:48:15,0.0
04/11/2025 14:48:15,0.13636363636363635
04/11/2025 14:48:16,0.08695652173913043
04/11/2025 14:48:16,0.08695652173913043
04/11/2025 14:48:16,0.08695652173913043
04/11/2025 14:48:16,0.19047619047619047
04/11/2025 14:48:16,0.19047619047619047
04/11/2025 14:48:16,0.25
04/11/2025 14:48:16,0.19047619047619047
04/11/2025 14:48:17,0.041666666666666664
04/11/2025 14:48:17,0.13636363636363635
04/11/2025 14:48:17,0.25
04/11/2025 14:48:17,0.041666666666666664
04/11/2025 14:48:17,0.13636363636363635
04/11/2025 14:48:17,0.19047619047619047
04/11/2025 14:48:18,0.25
04/11/2025 14:48:18,0.3157894736842105
04/11/2025 14:48:18,0.25
04/11/2025 14:48:18,0.13636363636363635
04/11/2025 14:48:18,0.08695652173913043
04/11/2025 14:48:18,0.13636363636363635
04/11/2025 14:48:19,0.13636363636363635
04/11/2025 14:48:19,0.08695652173913043
04/11/2025 14:48:19,0.25
04/11/2025 14:48:19,0.0
04/11/2025 14:48:19,0.25
04/11/2025 14:48:19,0.13636363636363635
04/11/2025 14:48:20,0.08695652173913043
04/11/2025 14:48:20,0.08695652173913043
04/11/2025 14:48:20,0.08695652173913043
04/11/2025 14:48:20,0.13636363636363635
04/11/2025 14:48:20,0.13636363636363635
04/11/2025 14:48:20,0.08695652173913043
04/11/2025 14:48:21,0.13636363636363635
04/11/2025 14:48:21,0.25
04/11/2025 14:48:21,0.19047619047619047
04/11/2025 14:48:21,0.041666666666666664
04/11/2025 14:48:21,0.19047619047619047
04/11/2025 14:48:21,0.08695652173913043
04/11/2025 14:48:21,0.19047619047619047
04/11/2025 14:48:22,0.19047619047619047
04/11/2025 14:48:22,0.0
04/11/2025 14:48:22,0.13636363636363635
04/11/2025 14:48:22,0.3157894736842105
04/11/2025 14:48:22,0.08695652173913043
04/11/2025 14:48:22,0.13636363636363635
04/11/2025 14:48:23,0.13636363636363635
04/11/2025 14:48:23,0.19047619047619047
04/11/2025 14:48:23,0.08695652173913043
04/11/2025 14:48:23,0.13636363636363635
04/11/2025 14:48:23,0.08695652173913043
04/11/2025 14:48:23,0.3157894736842105
04/11/2025 14:48:24,0.13636363636363635
04/11/2025 14:48:24,0.0
04/11/2025 14:48:24,0.19047619047619047
04/11/2025 14:48:24,0.19047619047619047
04/11/2025 14:48:24,0.13636363636363635
04/11/2025 14:48:24,0.08695652173913043
04/11/2025 14:48:25,0.041666666666666664
04/11/2025 14:48:25,0.19047619047619047
04/11/2025 14:48:25,0.08695652173913043
04/11/2025 14:48:25,0.08695652173913043
04/11/2025 14:48:25,0.13636363636363635
04/11/2025 14:48:25,0.19047619047619047
04/11/2025 14:48:25,0.25
04/11/2025 14:48:26,0.08695652173913043
04/11/2025 14:48:26,0.13636363636363635
04/11/2025 14:48:26,0.19047619047619047
04/11/2025 14:48:26,0.19047619047619047
04/11/2025 14:48:26,0.13636363636363635
04/11/2025 14:48:26,0.19047619047619047
04/11/2025 14:48:27,0.19047619047619047
04/11/2025 14:48:27,0.13636363636363635
04/11/2025 14:48:27,0.19047619047619047
04/11/2025 14:48:27,0.25
04/11/2025 14:48:27,0.19047619047619047
04/11/2025 14:48:27,0.08695652173913043
04/11/2025 14:48:28,0.08695652173913043
04/11/2025 14:48:28,0.13636363636363635
04/11/2025 14:48:28,0.19047619047619047
04/11/2025 14:48:28,0.08695652173913043
04/11/2025 14:48:28,0.19047619047619047
04/11/2025 14:48:28,0.041666666666666664
04/11/2025 14:48:29,0.25
04/11/2025 14:48:29,0.19047619047619047
04/11/2025 14:48:29,0.19047619047619047
04/11/2025 14:48:29,0.08695652173913043
04/11/2025 14:48:29,0.08695652173913043
04/11/2025 14:48:29,0.041666666666666664
04/11/2025 14:48:30,0.13636363636363635
04/11/2025 14:48:30,0.08695652173913043
04/11/2025 14:48:30,0.25
04/11/2025 14:48:30,0.19047619047619047
04/11/2025 14:48:30,0.08695652173913043
04/11/2025 14:48:30,0.08695652173913043
04/11/2025 14:48:30,0.13636363636363635
04/11/2025 14:48:31,0.13636363636363635
04/11/2025 14:48:31,0.041666666666666664
04/11/2025 14:48:31,0.25
04/11/2025 14:48:31,0.13636363636363635
04/11/2025 14:48:31,0.13636363636363635
04/11/2025 14:48:31,0.08695652173913043
04/11/2025 14:48:32,0.08695652173913043
04/11/2025 14:48:32,0.13636363636363635
04/11/2025 14:48:32,0.13636363636363635
04/11/2025 14:48:32,0.13636363636363635
04/11/2025 14:48:32,0.0
04/11/2025 14:48:32,0.13636363636363635
04/11/2025 14:48:33,0.13636363636363635
04/11/2025 14:48:33,0.08695652173913043
04/11/2025 14:48:33,0.25
04/11/2025 14:48:33,0.13636363636363635
04/11/2025 14:48:33,0.08695652173913043
04/11/2025 14:48:33,0.13636363636363635
04/11/2025 14:48:34,0.19047619047619047
04/11/2025 14:48:34,0.08695652173913043
04/11/2025 14:48:34,0.13636363636363635
04/11/2025 14:48:34,0.08695652173913043
04/11/2025 14:48:34,0.08695652173913043
04/11/2025 14:48:34,0.08695652173913043
04/11/2025 14:48:34,0.19047619047619047
04/11/2025 14:48:35,0.25
04/11/2025 14:48:35,0.13636363636363635
04/11/2025 14:48:35,0.19047619047619047
04/11/2025 14:48:35,0.08695652173913043
04/11/2025 14:48:35,0.19047619047619047
04/11/2025 14:48:36,0.13636363636363635
04/11/2025 14:48:36,0.19047619047619047
04/11/2025 14:48:36,0.25
04/11/2025 14:48:36,0.13636363636363635
04/11/2025 14:48:36,0.08695652173913043
04/11/2025 14:48:36,0.13636363636363635
04/11/2025 14:48:36,0.19047619047619047
04/11/2025 14:48:37,0.25
04/11/2025 14:48:37,0.13636363636363635
04/11/2025 14:48:37,0.13636363636363635
04/11/2025 14:48:37,0.08695652173913043
04/11/2025 14:48:37,0.08695652173913043
04/11/2025 14:48:37,0.19047619047619047
04/11/2025 14:48:38,0.0
04/11/2025 14:48:38,0.041666666666666664
04/11/2025 14:48:38,0.13636363636363635
04/11/2025 14:48:38,0.25
04/11/2025 14:48:38,0.08695652173913043
04/11/2025 14:48:38,0.08695652173913043
04/11/2025 14:48:38,0.19047619047619047
04/11/2025 14:48:39,0.19047619047619047
04/11/2025 14:48:39,0.25
04/11/2025 14:48:39,0.19047619047619047
04/11/2025 14:48:39,0.041666666666666664
04/11/2025 14:48:39,0.041666666666666664
04/11/2025 14:48:39,0.13636363636363635
04/11/2025 14:48:40,0.08695652173913043
04/11/2025 14:48:40,0.19047619047619047
04/11/2025 14:48:40,0.041666666666666664
04/11/2025 14:48:40,0.041666666666666664
04/11/2025 14:48:40,0.08695652173913043
04/11/2025 14:48:40,0.08695652173913043
04/11/2025 14:48:41,0.13636363636363635
04/11/2025 14:48:41,0.19047619047619047
04/11/2025 14:48:41,0.13636363636363635
04/11/2025 14:48:41,0.13636363636363635
04/11/2025 14:48:41,0.08695652173913043
04/11/2025 14:48:41,0.041666666666666664
04/11/2025 14:48:41,0.041666666666666664
04/11/2025 14:48:42,0.19047619047619047
04/11/2025 14:48:42,0.13636363636363635
04/11/2025 14:48:42,0.19047619047619047
04/11/2025 14:48:42,0.25
04/11/2025 14:48:42,0.19047619047619047
04/11/2025 14:48:42,0.25
04/11/2025 14:48:43,0.13636363636363635
04/11/2025 14:48:43,0.3157894736842105
04/11/2025 14:48:43,0.19047619047619047
04/11/2025 14:48:43,0.19047619047619047
04/11/2025 14:48:43,0.08695652173913043
04/11/2025 14:48:43,0.041666666666666664
04/11/2025 14:48:43,0.25
04/11/2025 14:48:44,0.08695652173913043
04/11/2025 14:48:44,0.25
04/11/2025 14:48:44,0.13636363636363635
04/11/2025 14:48:44,0.08695652173913043
04/11/2025 14:48:44,0.19047619047619047
04/11/2025 14:48:44,0.041666666666666664
04/11/2025 14:48:45,0.13636363636363635
04/11/2025 14:48:45,0.3157894736842105
04/11/2025 14:48:45,0.13636363636363635
04/11/2025 14:48:45,0.25
04/11/2025 14:48:45,0.19047619047619047
04/11/2025 14:48:45,0.13636363636363635
04/11/2025 14:48:45,0.08695652173913043
04/11/2025 14:48:46,0.08695652173913043
04/11/2025 14:48:46,0.13636363636363635
04/11/2025 14:48:46,0.13636363636363635
04/11/2025 14:48:46,0.13636363636363635
04/11/2025 14:48:46,0.13636363636363635
04/11/2025 14:48:46,0.13636363636363635
04/11/2025 14:48:47,0.08695652173913043
04/11/2025 14:48:47,0.25
04/11/2025 14:48:47,0.19047619047619047
04/11/2025 14:48:47,0.08695652173913043
04/11/2025 14:48:47,0.19047619047619047
04/11/2025 14:48:47,0.13636363636363635
04/11/2025 14:48:48,0.041666666666666664
04/11/2025 14:48:48,0.13636363636363635
04/11/2025 14:48:48,0.08695652173913043
04/11/2025 14:48:48,0.13636363636363635
04/11/2025 14:48:48,0.08695652173913043
04/11/2025 14:48:48,0.19047619047619047
04/11/2025 14:48:49,0.08695652173913043
04/11/2025 14:48:49,0.13636363636363635
04/11/2025 14:48:49,0.13636363636363635
04/11/2025 14:48:49,0.19047619047619047
04/11/2025 14:48:49,0.13636363636363635
04/11/2025 14:48:49,0.13636363636363635
04/11/2025 14:48:49,0.08695652173913043
04/11/2025 14:48:50,0.19047619047619047
04/11/2025 14:48:50,0.19047619047619047
04/11/2025 14:48:50,0.13636363636363635
04/11/2025 14:48:50,0.19047619047619047
04/11/2025 14:48:50,0.19047619047619047
04/11/2025 14:48:50,0.08695652173913043
04/11/2025 14:48:51,0.19047619047619047
04/11/2025 14:48:51,0.13636363636363635
04/11/2025 14:48:51,0.19047619047619047
04/11/2025 14:48:51,0.19047619047619047
04/11/2025 14:48:51,0.19047619047619047
04/11/2025 14:48:51,0.13636363636363635
04/11/2025 14:48:52,0.19047619047619047
04/11/2025 14:48:52,0.08695652173913043
04/11/2025 14:48:52,0.13636363636363635
04/11/2025 14:48:52,0.19047619047619047
04/11/2025 14:48:52,0.13636363636363635
04/11/2025 14:48:52,0.041666666666666664
04/11/2025 14:48:52,0.13636363636363635
04/11/2025 14:48:53,0.13636363636363635
04/11/2025 14:48:53,0.25
04/11/2025 14:48:53,0.13636363636363635
04/11/2025 14:48:53,0.19047619047619047
04/11/2025 14:48:53,0.13636363636363635
04/11/2025 14:48:53,0.08695652173913043
04/11/2025 14:48:54,0.13636363636363635
04/11/2025 14:48:54,0.13636363636363635
04/11/2025 14:48:54,0.3157894736842105
04/11/2025 14:48:54,0.08695652173913043
04/11/2025 14:48:54,0.08695652173913043
04/11/2025 14:48:54,0.13636363636363635
04/11/2025 14:48:55,0.041666666666666664
04/11/2025 14:48:55,0.13636363636363635
04/11/2025 14:48:55,0.19047619047619047
04/11/2025 14:48:55,0.19047619047619047
04/11/2025 14:48:55,0.19047619047619047
04/11/2025 14:48:55,0.19047619047619047
04/11/2025 14:48:56,0.041666666666666664
04/11/2025 14:48:56,0.13636363636363635
04/11/2025 14:48:56,0.08695652173913043
04/11/2025 14:48:56,0.08695652173913043
04/11/2025 14:48:56,0.25
04/11/2025 14:48:56,0.13636363636363635
04/11/2025 14:48:56,0.041666666666666664
04/11/2025 14:48:57,0.08695652173913043
04/11/2025 14:48:57,0.13636363636363635
04/11/2025 14:48:57,0.25
04/11/2025 14:48:57,0.08695652173913043
04/11/2025 14:48:57,0.13636363636363635
04/11/2025 14:48:57,0.19047619047619047
04/11/2025 14:48:58,0.041666666666666664
04/11/2025 14:48:58,0.19047619047619047
04/11/2025 14:48:58,0.041666666666666664
04/11/2025 14:48:58,0.19047619047619047
04/11/2025 14:48:58,0.13636363636363635
04/11/2025 14:48:58,0.3157894736842105
04/11/2025 14:48:59,0.19047619047619047
04/11/2025 14:48:59,0.08695652173913043
04/11/2025 14:48:59,0.19047619047619047
04/11/2025 14:48:59,0.25
04/11/2025 14:48:59,0.19047619047619047
04/11/2025 14:48:59,0.08695652173913043
04/11/2025 14:49:00,0.08695652173913043
04/11/2025 14:49:00,0.25
04/11/2025 14:49:00,0.3157894736842105
04/11/2025 14:49:00,0.13636363636363635
04/11/2025 14:49:00,0.13636363636363635
04/11/2025 14:49:00,0.13636363636363635
04/11/2025 14:49:00,0.13636363636363635
04/11/2025 14:49:01,0.19047619047619047
04/11/2025 14:49:01,0.13636363636363635
04/11/2025 14:49:01,0.13636363636363635
04/11/2025 14:49:01,0.041666666666666664
04/11/2025 14:49:01,0.13636363636363635
04/11/2025 14:49:01,0.13636363636363635
04/11/2025 14:49:02,0.13636363636363635
04/11/2025 14:49:02,0.19047619047619047
04/11/2025 14:49:02,0.08695652173913043
04/11/2025 14:49:02,0.19047619047619047
04/11/2025 14:49:02,0.19047619047619047
04/11/2025 14:49:02,0.19047619047619047
04/11/2025 14:49:03,0.041666666666666664
04/11/2025 14:49:03,0.13636363636363635
04/11/2025 14:49:03,0.3888888888888889
04/11/2025 14:49:03,0.13636363636363635
04/11/2025 14:49:03,0.0
04/11/2025 14:49:03,0.13636363636363635
04/11/2025 14:49:04,0.041666666666666664
04/11/2025 14:49:04,0.13636363636363635
04/11/2025 14:49:04,0.13636363636363635
04/11/2025 14:49:04,0.041666666666666664
04/11/2025 14:49:04,0.13636363636363635
04/11/2025 14:49:04,0.13636363636363635
04/11/2025 14:49:05,0.08695652173913043
04/11/2025 14:49:05,0.19047619047619047
04/11/2025 14:49:05,0.19047619047619047
04/11/2025 14:49:05,0.19047619047619047
04/11/2025 14:49:05,0.3157894736842105
04/11/2025 14:49:05,0.19047619047619047
04/11/2025 14:49:05,0.08695652173913043
04/11/2025 14:49:06,0.08695652173913043
04/11/2025 14:49:06,0.13636363636363635
04/11/2025 14:49:06,0.13636363636363635
04/11/2025 14:49:06,0.19047619047619047
04/11/2025 14:49:06,0.19047619047619047
04/11/2025 14:49:06,0.13636363636363635
04/11/2025 14:49:07,0.08695652173913043
04/11/2025 14:49:07,0.041666666666666664
04/11/2025 14:49:07,0.13636363636363635
04/11/2025 14:49:07,0.08695652173913043
04/11/2025 14:49:07,0.08695652173913043
04/11/2025 14:49:07,0.25
04/11/2025 14:49:08,0.041666666666666664
04/11/2025 14:49:08,0.13636363636363635
04/11/2025 14:49:08,0.25
04/11/2025 14:49:08,0.13636363636363635
04/11/2025 14:49:08,0.08695652173913043
04/11/2025 14:49:08,0.25
04/11/2025 14:49:09,0.19047619047619047
04/11/2025 14:49:09,0.19047619047619047
04/11/2025 14:49:09,0.08695652173913043
04/11/2025 14:49:09,0.08695652173913043
04/11/2025 14:49:09,0.041666666666666664
04/11/2025 14:49:09,0.13636363636363635
04/11/2025 14:49:10,0.13636363636363635
04/11/2025 14:49:10,0.041666666666666664
04/11/2025 14:49:10,0.08695652173913043
04/11/2025 14:49:10,0.08695652173913043
04/11/2025 14:49:10,0.13636363636363635
04/11/2025 14:49:10,0.19047619047619047
04/11/2025 14:49:11,0.13636363636363635
04/11/2025 14:49:11,0.19047619047619047
04/11/2025 14:49:11,0.08695652173913043
04/11/2025 14:49:11,0.13636363636363635
04/11/2025 14:49:11,0.041666666666666664
04/11/2025 14:49:11,0.08695652173913043
04/11/2025 14:49:12,0.13636363636363635
04/11/2025 14:49:12,0.19047619047619047
04/11/2025 14:49:12,0.19047619047619047
04/11/2025 14:49:12,0.08695652173913043
04/11/2025 14:49:12,0.19047619047619047
04/11/2025 14:49:12,0.13636363636363635
04/11/2025 14:49:13,0.19047619047619047
04/11/2025 14:49:13,0.041666666666666664
04/11/2025 14:49:13,0.041666666666666664
04/11/2025 14:49:13,0.08695652173913043
04/11/2025 14:49:13,0.25
04/11/2025 14:49:13,0.13636363636363635
04/11/2025 14:49:14,0.08695652173913043
04/11/2025 14:49:14,0.13636363636363635
04/11/2025 14:49:14,0.19047619047619047
04/11/2025 14:49:14,0.08695652173913043
04/11/2025 14:49:14,0.08695652173913043
04/11/2025 14:49:14,0.13636363636363635
04/11/2025 14:49:14,0.3157894736842105
04/11/2025 14:49:15,0.3888888888888889
04/11/2025 14:49:15,0.13636363636363635
04/11/2025 14:49:15,0.13636363636363635
04/11/2025 14:49:15,0.19047619047619047
04/11/2025 14:49:15,0.25
04/11/2025 14:49:15,0.19047619047619047
04/11/2025 14:49:16,0.13636363636363635
04/11/2025 14:49:16,0.08695652173913043
04/11/2025 14:49:16,0.041666666666666664
04/11/2025 14:49:16,0.19047619047619047
04/11/2025 14:49:16,0.041666666666666664
04/11/2025 14:49:16,0.19047619047619047
04/11/2025 14:49:17,0.041666666666666664
04/11/2025 14:49:17,0.08695652173913043
04/11/2025 14:49:17,0.041666666666666664
04/11/2025 14:49:17,0.13636363636363635
04/11/2025 14:49:17,0.19047619047619047
04/11/2025 14:49:17,0.13636363636363635
04/11/2025 14:49:17,0.19047619047619047
04/11/2025 14:49:18,0.19047619047619047
04/11/2025 14:49:18,0.13636363636363635
04/11/2025 14:49:18,0.13636363636363635
04/11/2025 14:49:18,0.041666666666666664
04/11/2025 14:49:18,0.0
04/11/2025 14:49:18,0.13636363636363635
04/11/2025 14:49:19,0.13636363636363635
04/11/2025 14:49:19,0.13636363636363635
04/11/2025 14:49:19,0.13636363636363635
04/11/2025 14:49:19,0.041666666666666664
04/11/2025 14:49:19,0.041666666666666664
04/11/2025 14:49:19,0.19047619047619047
04/11/2025 14:49:20,0.19047619047619047
04/11/2025 14:49:20,0.19047619047619047
04/11/2025 14:49:20,0.041666666666666664
04/11/2025 14:49:20,0.08695652173913043
04/11/2025 14:49:20,0.19047619047619047
04/11/2025 14:49:20,0.13636363636363635
04/11/2025 14:49:20,0.13636363636363635
04/11/2025 14:49:21,0.13636363636363635
04/11/2025 14:49:21,0.08695652173913043
04/11/2025 14:49:21,0.19047619047619047
04/11/2025 14:49:21,0.08695652173913043
04/11/2025 14:49:21,0.0
04/11/2025 14:49:21,0.19047619047619047
04/11/2025 14:49:22,0.08695652173913043
04/11/2025 14:49:22,0.19047619047619047
04/11/2025 14:49:22,0.13636363636363635
04/11/2025 14:49:22,0.13636363636363635
04/11/2025 14:49:22,0.19047619047619047
04/11/2025 14:49:22,0.3157894736842105
04/11/2025 14:49:23,0.13636363636363635
04/11/2025 14:49:23,0.0
04/11/2025 14:49:23,0.08695652173913043
04/11/2025 14:49:23,0.19047619047619047
04/11/2025 14:49:23,0.13636363636363635
04/11/2025 14:49:23,0.08695652173913043
04/11/2025 14:49:24,0.19047619047619047
04/11/2025 14:49:24,0.08695652173913043
04/11/2025 14:49:24,0.08695652173913043
04/11/2025 14:49:24,0.13636363636363635
04/11/2025 14:49:24,0.0
04/11/2025 14:49:24,0.25
04/11/2025 14:49:24,0.13636363636363635
04/11/2025 14:49:25,0.0
04/11/2025 14:49:25,0.08695652173913043
04/11/2025 14:49:25,0.08695652173913043
04/11/2025 14:49:25,0.25
04/11/2025 14:49:25,0.13636363636363635
04/11/2025 14:49:25,0.08695652173913043
04/11/2025 14:49:26,0.13636363636363635
04/11/2025 14:49:26,0.19047619047619047
04/11/2025 14:49:26,0.08695652173913043
04/11/2025 14:49:26,0.25
04/11/2025 14:49:26,0.08695652173913043
04/11/2025 14:49:26,0.08695652173913043
04/11/2025 14:49:27,0.08695652173913043
04/11/2025 14:49:27,0.19047619047619047
04/11/2025 14:49:27,0.19047619047619047
04/11/2025 14:49:27,0.041666666666666664
04/11/2025 14:49:27,0.13636363636363635
04/11/2025 14:49:27,0.25
04/11/2025 14:49:28,0.13636363636363635
04/11/2025 14:49:28,0.13636363636363635
04/11/2025 14:49:28,0.13636363636363635
04/11/2025 14:49:28,0.13636363636363635
04/11/2025 14:49:28,0.08695652173913043
04/11/2025 14:49:28,0.25
04/11/2025 14:49:29,0.13636363636363635
04/11/2025 14:49:29,0.13636363636363635
04/11/2025 14:49:29,0.13636363636363635
04/11/2025 14:49:29,0.08695652173913043
04/11/2025 14:49:29,0.13636363636363635
04/11/2025 14:49:29,0.13636363636363635
04/11/2025 14:49:29,0.08695652173913043
04/11/2025 14:49:30,0.19047619047619047
04/11/2025 14:49:30,0.041666666666666664
04/11/2025 14:49:30,0.08695652173913043
04/11/2025 14:49:30,0.041666666666666664
04/11/2025 14:49:30,0.08695652173913043
04/11/2025 14:49:30,0.08695652173913043
04/11/2025 14:49:31,0.041666666666666664
04/11/2025 14:49:31,0.25
04/11/2025 14:49:31,0.19047619047619047
04/11/2025 14:49:31,0.041666666666666664
04/11/2025 14:49:31,0.19047619047619047
04/11/2025 14:49:31,0.08695652173913043
04/11/2025 14:49:32,0.08695652173913043
04/11/2025 14:49:32,0.041666666666666664
04/11/2025 14:49:32,0.13636363636363635
04/11/2025 14:49:32,0.08695652173913043
04/11/2025 14:49:32,0.08695652173913043
04/11/2025 14:49:32,0.25
04/11/2025 14:49:33,0.041666666666666664
04/11/2025 14:49:33,0.08695652173913043
04/11/2025 14:49:33,0.19047619047619047
04/11/2025 14:49:33,0.13636363636363635
04/11/2025 14:49:33,0.19047619047619047
04/11/2025 14:49:33,0.13636363636363635
04/11/2025 14:49:33,0.25
04/11/2025 14:49:34,0.19047619047619047
04/11/2025 14:49:34,0.13636363636363635
04/11/2025 14:49:34,0.0
04/11/2025 14:49:34,0.19047619047619047
04/11/2025 14:49:34,0.08695652173913043
04/11/2025 14:49:34,0.08695652173913043
04/11/2025 14:49:35,0.13636363636363635
04/11/2025 14:49:35,0.13636363636363635
04/11/2025 14:49:35,0.041666666666666664
04/11/2025 14:49:35,0.041666666666666664
04/11/2025 14:49:35,0.19047619047619047
04/11/2025 14:49:35,0.3157894736842105
04/11/2025 14:49:36,0.08695652173913043
04/11/2025 14:49:36,0.13636363636363635
04/11/2025 14:49:36,0.19047619047619047
04/11/2025 14:49:36,0.041666666666666664
04/11/2025 14:49:36,0.13636363636363635
04/11/2025 14:49:36,0.25
04/11/2025 14:49:37,0.041666666666666664
04/11/2025 14:49:37,0.19047619047619047
04/11/2025 14:49:37,0.25
04/11/2025 14:49:37,0.13636363636363635
04/11/2025 14:49:37,0.08695652173913043
04/11/2025 14:49:37,0.08695652173913043
04/11/2025 14:49:37,0.25
04/11/2025 14:49:38,0.25
04/11/2025 14:49:38,0.25
04/11/2025 14:49:38,0.13636363636363635
04/11/2025 14:49:38,0.19047619047619047
04/11/2025 14:49:38,0.08695652173913043
04/11/2025 14:49:38,0.08695652173913043
04/11/2025 14:49:39,0.13636363636363635
04/11/2025 14:49:39,0.25
04/11/2025 14:49:39,0.08695652173913043
04/11/2025 14:49:39,0.19047619047619047
04/11/2025 14:49:39,0.041666666666666664
04/11/2025 14:49:39,0.041666666666666664
04/11/2025 14:49:39,0.19047619047619047
04/11/2025 14:49:40,0.19047619047619047
04/11/2025 14:49:40,0.13636363636363635
04/11/2025 14:49:40,0.08695652173913043
04/11/2025 14:49:40,0.13636363636363635
04/11/2025 14:49:40,0.08695652173913043
04/11/2025 14:49:40,0.041666666666666664
04/11/2025 14:49:41,0.19047619047619047
04/11/2025 14:49:41,0.041666666666666664
04/11/2025 14:49:41,0.13636363636363635
04/11/2025 14:49:41,0.13636363636363635
04/11/2025 14:49:41,0.19047619047619047
04/11/2025 14:49:41,0.041666666666666664
04/11/2025 14:49:42,0.19047619047619047
04/11/2025 14:49:42,0.041666666666666664
04/11/2025 14:49:42,0.08695652173913043
04/11/2025 14:49:42,0.08695652173913043
04/11/2025 14:49:42,0.25
04/11/2025 14:49:42,0.13636363636363635
04/11/2025 14:49:43,0.13636363636363635
04/11/2025 14:49:43,0.3157894736842105
04/11/2025 14:49:43,0.19047619047619047
04/11/2025 14:49:43,0.13636363636363635
04/11/2025 14:49:43,0.041666666666666664
04/11/2025 14:49:43,0.13636363636363635
04/11/2025 14:49:44,0.3157894736842105
04/11/2025 14:49:44,0.19047619047619047
04/11/2025 14:49:44,0.13636363636363635
04/11/2025 14:49:44,0.3888888888888889
04/11/2025 14:49:44,0.13636363636363635
04/11/2025 14:49:44,0.13636363636363635
04/11/2025 14:49:45,0.13636363636363635
04/11/2025 14:49:45,0.08695652173913043
04/11/2025 14:49:45,0.0
04/11/2025 14:49:45,0.19047619047619047
04/11/2025 14:49:45,0.13636363636363635
04/11/2025 14:49:45,0.13636363636363635
04/11/2025 14:49:46,0.25
04/11/2025 14:49:46,0.08695652173913043
04/11/2025 14:49:46,0.19047619047619047
04/11/2025 14:49:46,0.25
04/11/2025 14:49:46,0.25
04/11/2025 14:49:46,0.25
04/11/2025 14:49:46,0.19047619047619047
04/11/2025 14:49:47,0.13636363636363635
04/11/2025 14:49:47,0.041666666666666664
04/11/2025 14:49:47,0.13636363636363635
04/11/2025 14:49:47,0.08695652173913043
04/11/2025 14:49:47,0.08695652173913043
04/11/2025 14:49:47,0.041666666666666664
04/11/2025 14:49:48,0.13636363636363635
04/11/2025 14:49:48,0.19047619047619047
04/11/2025 14:49:48,0.25
04/11/2025 14:49:48,0.25
04/11/2025 14:49:48,0.13636363636363635
04/11/2025 14:49:48,0.19047619047619047
04/11/2025 14:49:49,0.19047619047619047
04/11/2025 14:49:49,0.13636363636363635
04/11/2025 14:49:49,0.041666666666666664
04/11/2025 14:49:49,0.13636363636363635
04/11/2025 14:49:49,0.19047619047619047
04/11/2025 14:49:49,0.25
04/11/2025 14:49:50,0.08695652173913043
04/11/2025 14:49:50,0.19047619047619047
04/11/2025 14:49:50,0.08695652173913043
04/11/2025 14:49:50,0.13636363636363635
04/11/2025 14:49:50,0.08695652173913043
04/11/2025 14:49:50,0.25
04/11/2025 14:49:51,0.08695652173913043
04/11/2025 14:49:51,0.041666666666666664
04/11/2025 14:49:51,0.08695652173913043
04/11/2025 14:49:51,0.041666666666666664
04/11/2025 14:49:51,0.08695652173913043
04/11/2025 14:49:51,0.13636363636363635
04/11/2025 14:49:51,0.13636363636363635
04/11/2025 14:49:52,0.041666666666666664
04/11/2025 14:49:52,0.041666666666666664
04/11/2025 14:49:52,0.13636363636363635
04/11/2025 14:49:52,0.041666666666666664
04/11/2025 14:49:52,0.041666666666666664
04/11/2025 14:49:52,0.13636363636363635
04/11/2025 14:49:53,0.19047619047619047
04/11/2025 14:49:53,0.19047619047619047
04/11/2025 14:49:53,0.19047619047619047
04/11/2025 14:49:53,0.08695652173913043
04/11/2025 14:49:53,0.08695652173913043
04/11/2025 14:49:53,0.13636363636363635
04/11/2025 14:49:54,0.13636363636363635
04/11/2025 14:49:54,0.19047619047619047
04/11/2025 14:49:54,0.08695652173913043
04/11/2025 14:49:54,0.13636363636363635
04/11/2025 14:49:54,0.13636363636363635
04/11/2025 14:49:54,0.13636363636363635
04/11/2025 14:49:55,0.25
04/11/2025 14:49:55,0.3157894736842105
04/11/2025 14:49:55,0.19047619047619047
04/11/2025 14:49:55,0.0
04/11/2025 14:49:55,0.13636363636363635
04/11/2025 14:49:55,0.08695652173913043
04/11/2025 14:49:55,0.13636363636363635
04/11/2025 14:49:56,0.25
04/11/2025 14:49:56,0.19047619047619047
04/11/2025 14:49:56,0.19047619047619047
04/11/2025 14:49:56,0.041666666666666664
04/11/2025 14:49:56,0.0
04/11/2025 14:49:56,0.13636363636363635
04/11/2025 14:49:57,0.13636363636363635
04/11/2025 14:49:57,0.25
04/11/2025 14:49:57,0.13636363636363635
04/11/2025 14:49:57,0.08695652173913043
04/11/2025 14:49:57,0.13636363636363635
04/11/2025 14:49:57,0.041666666666666664
04/11/2025 14:49:57,0.19047619047619047
04/11/2025 14:49:58,0.041666666666666664
04/11/2025 14:49:58,0.13636363636363635
04/11/2025 14:49:58,0.13636363636363635
04/11/2025 14:49:58,0.041666666666666664
04/11/2025 14:49:58,0.13636363636363635
04/11/2025 14:49:58,0.19047619047619047
04/11/2025 14:49:59,0.25
04/11/2025 14:49:59,0.19047619047619047
04/11/2025 14:49:59,0.08695652173913043
04/11/2025 14:49:59,0.13636363636363635
04/11/2025 14:49:59,0.08695652173913043
04/11/2025 14:49:59,0.13636363636363635
04/11/2025 14:50:00,0.13636363636363635
04/11/2025 14:50:00,0.25
04/11/2025 14:50:00,0.3157894736842105
04/11/2025 14:50:00,0.08695652173913043
04/11/2025 14:50:00,0.3157894736842105
04/11/2025 14:50:00,0.19047619047619047
04/11/2025 14:50:01,0.13636363636363635
04/11/2025 14:50:01,0.3157894736842105
04/11/2025 14:50:01,0.041666666666666664
04/11/2025 14:50:01,0.19047619047619047
04/11/2025 14:50:01,0.13636363636363635
04/11/2025 14:50:01,0.08695652173913043
04/11/2025 14:50:01,0.0
04/11/2025 14:50:02,0.19047619047619047
04/11/2025 14:50:02,0.08695652173913043
04/11/2025 14:50:02,0.08695652173913043
04/11/2025 14:50:02,0.13636363636363635
04/11/2025 14:50:02,0.08695652173913043
04/11/2025 14:50:02,0.19047619047619047
04/11/2025 14:50:03,0.3157894736842105
04/11/2025 14:50:03,0.13636363636363635
04/11/2025 14:50:03,0.19047619047619047
04/11/2025 14:50:03,0.19047619047619047
04/11/2025 14:50:03,0.08695652173913043
04/11/2025 14:50:03,0.19047619047619047
04/11/2025 14:50:04,0.19047619047619047
04/11/2025 14:50:04,0.13636363636363635
04/11/2025 14:50:04,0.041666666666666664
04/11/2025 14:50:04,0.13636363636363635
04/11/2025 14:50:04,0.19047619047619047
04/11/2025 14:50:04,0.13636363636363635
04/11/2025 14:50:05,0.0
04/11/2025 14:50:05,0.041666666666666664
04/11/2025 14:50:05,0.25
04/11/2025 14:50:05,0.13636363636363635
04/11/2025 14:50:05,0.08695652173913043
04/11/2025 14:50:05,0.19047619047619047
04/11/2025 14:50:05,0.19047619047619047
04/11/2025 14:50:06,0.041666666666666664
04/11/2025 14:50:06,0.041666666666666664
04/11/2025 14:50:06,0.13636363636363635
04/11/2025 14:50:06,0.19047619047619047
04/11/2025 14:50:06,0.08695652173913043
04/11/2025 14:50:06,0.08695652173913043
04/11/2025 14:50:07,0.041666666666666664
04/11/2025 14:50:07,0.25
04/11/2025 14:50:07,0.13636363636363635
04/11/2025 14:50:07,0.08695652173913043
04/11/2025 14:50:07,0.13636363636363635
04/11/2025 14:50:07,0.25
04/11/2025 14:50:08,0.19047619047619047
04/11/2025 14:50:08,0.041666666666666664
04/11/2025 14:50:08,0.13636363636363635
04/11/2025 14:50:08,0.13636363636363635
04/11/2025 14:50:08,0.13636363636363635
04/11/2025 14:50:08,0.13636363636363635
04/11/2025 14:50:09,0.13636363636363635
04/11/2025 14:50:09,0.3157894736842105
04/11/2025 14:50:09,0.19047619047619047
04/11/2025 14:50:09,0.13636363636363635
04/11/2025 14:50:09,0.19047619047619047
04/11/2025 14:50:09,0.13636363636363635
04/11/2025 14:50:10,0.19047619047619047
04/11/2025 14:50:10,0.19047619047619047
04/11/2025 14:50:10,0.08695652173913043
04/11/2025 14:50:10,0.13636363636363635
04/11/2025 14:50:10,0.08695652173913043
04/11/2025 14:50:10,0.0
04/11/2025 14:50:10,0.041666666666666664
04/11/2025 14:50:11,0.13636363636363635
04/11/2025 14:50:11,0.08695652173913043
04/11/2025 14:50:11,0.19047619047619047
04/11/2025 14:50:11,0.041666666666666664
04/11/2025 14:50:11,0.13636363636363635
04/11/2025 14:50:11,0.13636363636363635
04/11/2025 14:50:12,0.19047619047619047
04/11/2025 14:50:12,0.3157894736842105
04/11/2025 14:50:12,0.13636363636363635
04/11/2025 14:50:12,0.08695652173913043
04/11/2025 14:50:12,0.19047619047619047
04/11/2025 14:50:12,0.08695652173913043
04/11/2025 14:50:13,0.19047619047619047
04/11/2025 14:50:13,0.08695652173913043
04/11/2025 14:50:13,0.041666666666666664
04/11/2025 14:50:13,0.25
04/11/2025 14:50:13,0.25
04/11/2025 14:50:13,0.19047619047619047
04/11/2025 14:50:13,0.08695652173913043
04/11/2025 14:50:14,0.13636363636363635
04/11/2025 14:50:14,0.08695652173913043
04/11/2025 14:50:14,0.13636363636363635
04/11/2025 14:50:14,0.0
04/11/2025 14:50:14,0.13636363636363635
04/11/2025 14:50:14,0.13636363636363635
04/11/2025 14:50:15,0.13636363636363635
04/11/2025 14:50:15,0.25
04/11/2025 14:50:15,0.13636363636363635
04/11/2025 14:50:15,0.13636363636363635
04/11/2025 14:50:15,0.13636363636363635
04/11/2025 14:50:15,0.3157894736842105
04/11/2025 14:50:16,0.08695652173913043
04/11/2025 14:50:16,0.13636363636363635
04/11/2025 14:50:16,0.25
04/11/2025 14:50:16,0.08695652173913043
04/11/2025 14:50:16,0.08695652173913043
04/11/2025 14:50:16,0.25
04/11/2025 14:50:17,0.041666666666666664
04/11/2025 14:50:17,0.041666666666666664
04/11/2025 14:50:17,0.13636363636363635
04/11/2025 14:50:17,0.25
04/11/2025 14:50:17,0.08695652173913043
04/11/2025 14:50:17,0.19047619047619047
04/11/2025 14:50:17,0.08695652173913043
04/11/2025 14:50:18,0.08695652173913043
04/11/2025 14:50:18,0.19047619047619047
04/11/2025 14:50:18,0.08695652173913043
04/11/2025 14:50:18,0.08695652173913043
04/11/2025 14:50:18,0.08695652173913043
04/11/2025 14:50:18,0.13636363636363635
04/11/2025 14:50:19,0.25
04/11/2025 14:50:19,0.041666666666666664
04/11/2025 14:50:19,0.041666666666666664
04/11/2025 14:50:19,0.25
04/11/2025 14:50:19,0.19047619047619047
04/11/2025 14:50:19,0.19047619047619047
04/11/2025 14:50:20,0.19047619047619047
04/11/2025 14:50:20,0.19047619047619047
04/11/2025 14:50:20,0.13636363636363635
04/11/2025 14:50:20,0.041666666666666664
04/11/2025 14:50:20,0.041666666666666664
04/11/2025 14:50:20,0.13636363636363635
04/11/2025 14:50:21,0.08695652173913043
04/11/2025 14:50:21,0.19047619047619047
04/11/2025 14:50:21,0.041666666666666664
04/11/2025 14:50:21,0.19047619047619047
04/11/2025 14:50:21,0.08695652173913043
04/11/2025 14:50:21,0.041666666666666664
04/11/2025 14:50:21,0.25
04/11/2025 14:50:22,0.19047619047619047
04/11/2025 14:50:22,0.13636363636363635
04/11/2025 14:50:22,0.19047619047619047
04/11/2025 14:50:22,0.13636363636363635
04/11/2025 14:50:22,0.19047619047619047
04/11/2025 14:50:22,0.19047619047619047
04/11/2025 14:50:23,0.3157894736842105
04/11/2025 14:50:23,0.08695652173913043
04/11/2025 14:50:23,0.19047619047619047
04/11/2025 14:50:23,0.041666666666666664
04/11/2025 14:50:23,0.0
04/11/2025 14:50:23,0.08695652173913043
04/11/2025 14:50:24,0.25
04/11/2025 14:50:24,0.13636363636363635
04/11/2025 14:50:24,0.25
04/11/2025 14:50:24,0.08695652173913043
04/11/2025 14:50:24,0.19047619047619047
04/11/2025 14:50:24,0.0
04/11/2025 14:50:24,0.13636363636363635
04/11/2025 14:50:25,0.3157894736842105
04/11/2025 14:50:25,0.25
04/11/2025 14:50:25,0.13636363636363635
04/11/2025 14:50:25,0.19047619047619047
04/11/2025 14:50:25,0.13636363636363635
04/11/2025 14:50:25,0.19047619047619047
04/11/2025 14:50:26,0.041666666666666664
04/11/2025 14:50:26,0.3157894736842105
04/11/2025 14:50:26,0.19047619047619047
04/11/2025 14:50:26,0.19047619047619047
04/11/2025 14:50:26,0.13636363636363635
04/11/2025 14:50:26,0.25
04/11/2025 14:50:27,0.13636363636363635
04/11/2025 14:50:27,0.13636363636363635
04/11/2025 14:50:27,0.08695652173913043
04/11/2025 14:50:27,0.19047619047619047
04/11/2025 14:50:27,0.041666666666666664
04/11/2025 14:50:27,0.19047619047619047
04/11/2025 14:50:28,0.13636363636363635
04/11/2025 14:50:28,0.13636363636363635
04/11/2025 14:50:28,0.25
04/11/2025 14:50:28,0.13636363636363635
04/11/2025 14:50:28,0.25
04/11/2025 14:50:28,0.13636363636363635
04/11/2025 14:50:29,0.25
04/11/2025 14:50:29,0.3157894736842105
04/11/2025 14:50:29,0.19047619047619047
04/11/2025 14:50:29,0.13636363636363635
04/11/2025 14:50:29,0.08695652173913043
04/11/2025 14:50:29,0.13636363636363635
04/11/2025 14:50:29,0.19047619047619047
04/11/2025 14:50:30,0.041666666666666664
04/11/2025 14:50:30,0.13636363636363635
04/11/2025 14:50:30,0.08695652173913043
04/11/2025 14:50:30,0.3157894736842105
04/11/2025 14:50:30,0.13636363636363635
04/11/2025 14:50:30,0.19047619047619047
04/11/2025 14:50:31,0.19047619047619047
04/11/2025 14:50:31,0.041666666666666664
04/11/2025 14:50:31,0.13636363636363635
04/11/2025 14:50:31,0.19047619047619047
04/11/2025 14:50:31,0.25
04/11/2025 14:50:31,0.041666666666666664
04/11/2025 14:50:31,0.25
04/11/2025 14:50:32,0.08695652173913043
04/11/2025 14:50:32,0.25
04/11/2025 14:50:32,0.13636363636363635
04/11/2025 14:50:32,0.13636363636363635
04/11/2025 14:50:32,0.13636363636363635
04/11/2025 14:50:32,0.19047619047619047
04/11/2025 14:50:33,0.13636363636363635
04/11/2025 14:50:33,0.13636363636363635
04/11/2025 14:50:33,0.19047619047619047
04/11/2025 14:50:33,0.25
04/11/2025 14:50:33,0.13636363636363635
04/11/2025 14:50:33,0.13636363636363635
04/11/2025 14:50:34,0.13636363636363635
04/11/2025 14:50:34,0.3157894736842105
04/11/2025 14:50:34,0.041666666666666664
04/11/2025 14:50:34,0.19047619047619047
04/11/2025 14:50:34,0.19047619047619047
04/11/2025 14:50:34,0.19047619047619047
04/11/2025 14:50:35,0.08695652173913043
04/11/2025 14:50:35,0.19047619047619047
04/11/2025 14:50:35,0.19047619047619047
04/11/2025 14:50:35,0.08695652173913043
04/11/2025 14:50:35,0.19047619047619047
04/11/2025 14:50:35,0.041666666666666664
04/11/2025 14:50:36,0.08695652173913043
04/11/2025 14:50:36,0.13636363636363635
04/11/2025 14:50:36,0.13636363636363635
04/11/2025 14:50:36,0.13636363636363635
04/11/2025 14:50:36,0.13636363636363635
04/11/2025 14:50:36,0.08695652173913043
04/11/2025 14:50:37,0.13636363636363635
04/11/2025 14:50:37,0.13636363636363635
04/11/2025 14:50:37,0.19047619047619047
04/11/2025 14:50:37,0.19047619047619047
04/11/2025 14:50:37,0.13636363636363635
04/11/2025 14:50:37,0.13636363636363635
04/11/2025 14:50:37,0.19047619047619047
04/11/2025 14:50:38,0.19047619047619047
04/11/2025 14:50:38,0.13636363636363635
04/11/2025 14:50:38,0.13636363636363635
04/11/2025 14:50:38,0.08695652173913043
04/11/2025 14:50:38,0.13636363636363635
04/11/2025 14:50:38,0.08695652173913043
04/11/2025 14:50:39,0.08695652173913043
04/11/2025 14:50:39,0.0
04/11/2025 14:50:39,0.08695652173913043
04/11/2025 14:50:39,0.13636363636363635
04/11/2025 14:50:39,0.13636363636363635
04/11/2025 14:50:39,0.13636363636363635
04/11/2025 14:50:40,0.041666666666666664
04/11/2025 14:50:40,0.25
04/11/2025 14:50:40,0.13636363636363635
04/11/2025 14:50:40,0.08695652173913043
04/11/2025 14:50:40,0.19047619047619047
04/11/2025 14:50:40,0.08695652173913043
04/11/2025 14:50:41,0.19047619047619047
04/11/2025 14:50:41,0.19047619047619047
04/11/2025 14:50:41,0.08695652173913043
04/11/2025 14:50:41,0.08695652173913043
04/11/2025 14:50:41,0.041666666666666664
04/11/2025 14:50:41,0.13636363636363635
04/11/2025 14:50:41,0.08695652173913043
04/11/2025 14:50:42,0.08695652173913043
04/11/2025 14:50:42,0.08695652173913043
04/11/2025 14:50:42,0.08695652173913043
04/11/2025 14:50:42,0.13636363636363635
04/11/2025 14:50:42,0.19047619047619047
04/11/2025 14:50:42,0.25
04/11/2025 14:50:43,0.08695652173913043
04/11/2025 14:50:43,0.08695652173913043
04/11/2025 14:50:43,0.041666666666666664
04/11/2025 14:50:43,0.13636363636363635
04/11/2025 14:50:43,0.13636363636363635
04/11/2025 14:50:43,0.13636363636363635
04/11/2025 14:50:44,0.13636363636363635
04/11/2025 14:50:44,0.19047619047619047
04/11/2025 14:50:44,0.13636363636363635
04/11/2025 14:50:44,0.25
04/11/2025 14:50:44,0.08695652173913043
04/11/2025 14:50:44,0.25
04/11/2025 14:50:45,0.13636363636363635
04/11/2025 14:50:45,0.19047619047619047
04/11/2025 14:50:45,0.0
04/11/2025 14:50:45,0.13636363636363635
04/11/2025 14:50:45,0.0
04/11/2025 14:50:45,0.08695652173913043
04/11/2025 14:50:46,0.08695652173913043
04/11/2025 14:50:46,0.3157894736842105
04/11/2025 14:50:46,0.041666666666666664
04/11/2025 14:50:46,0.25
04/11/2025 14:50:46,0.08695652173913043
04/11/2025 14:50:46,0.13636363636363635
04/11/2025 14:50:47,0.3157894736842105
04/11/2025 14:50:47,0.13636363636363635
04/11/2025 14:50:47,0.041666666666666664
04/11/2025 14:50:47,0.25
04/11/2025 14:50:47,0.13636363636363635
04/11/2025 14:50:47,0.041666666666666664
04/11/2025 14:50:47,0.13636363636363635
04/11/2025 14:50:48,0.3157894736842105
04/11/2025 14:50:48,0.19047619047619047
04/11/2025 14:50:48,0.08695652173913043
04/11/2025 14:50:48,0.13636363636363635
04/11/2025 14:50:48,0.13636363636363635
04/11/2025 14:50:48,0.25
04/11/2025 14:50:49,0.19047619047619047
04/11/2025 14:50:49,0.08695652173913043
04/11/2025 14:50:49,0.041666666666666664
04/11/2025 14:50:49,0.19047619047619047
04/11/2025 14:50:49,0.19047619047619047
04/11/2025 14:50:49,0.08695652173913043
04/11/2025 14:50:50,0.041666666666666664
04/11/2025 14:50:50,0.08695652173913043
04/11/2025 14:50:50,0.19047619047619047
04/11/2025 14:50:50,0.25
04/11/2025 14:50:50,0.13636363636363635
04/11/2025 14:50:50,0.25
04/11/2025 14:50:50,0.19047619047619047
04/11/2025 14:50:51,0.13636363636363635
04/11/2025 14:50:51,0.25
04/11/2025 14:50:51,0.19047619047619047
04/11/2025 14:50:51,0.25
04/11/2025 14:50:51,0.13636363636363635
04/11/2025 14:50:51,0.13636363636363635
04/11/2025 14:50:52,0.08695652173913043
04/11/2025 14:50:52,0.19047619047619047
04/11/2025 14:50:52,0.25
04/11/2025 14:50:52,0.19047619047619047
04/11/2025 14:50:52,0.25
04/11/2025 14:50:52,0.13636363636363635
04/11/2025 14:50:53,0.19047619047619047
04/11/2025 14:50:53,0.08695652173913043
04/11/2025 14:50:53,0.19047619047619047
04/11/2025 14:50:53,0.3157894736842105
04/11/2025 14:50:53,0.19047619047619047
04/11/2025 14:50:53,0.13636363636363635
04/11/2025 14:50:53,0.041666666666666664
04/11/2025 14:50:54,0.13636363636363635
04/11/2025 14:50:54,0.13636363636363635
04/11/2025 14:50:54,0.19047619047619047
04/11/2025 14:50:54,0.25
04/11/2025 14:50:54,0.13636363636363635
04/11/2025 14:50:54,0.25
04/11/2025 14:50:55,0.19047619047619047
04/11/2025 14:50:55,0.19047619047619047
04/11/2025 14:50:55,0.25
04/11/2025 14:50:55,0.25
04/11/2025 14:50:55,0.08695652173913043
04/11/2025 14:50:55,0.08695652173913043
04/11/2025 14:50:56,0.19047619047619047
04/11/2025 14:50:56,0.13636363636363635
04/11/2025 14:50:56,0.13636363636363635
04/11/2025 14:50:56,0.25
04/11/2025 14:50:56,0.19047619047619047
04/11/2025 14:50:56,0.25
04/11/2025 14:50:56,0.041666666666666664
04/11/2025 14:50:57,0.08695652173913043
04/11/2025 14:50:57,0.3157894736842105
04/11/2025 14:50:57,0.08695652173913043
04/11/2025 14:50:57,0.08695652173913043
04/11/2025 14:50:57,0.08695652173913043
04/11/2025 14:50:57,0.19047619047619047
04/11/2025 14:50:58,0.08695652173913043
04/11/2025 14:50:58,0.041666666666666664
04/11/2025 14:50:58,0.08695652173913043
04/11/2025 14:50:58,0.13636363636363635
04/11/2025 14:50:58,0.19047619047619047
04/11/2025 14:50:58,0.13636363636363635
04/11/2025 14:50:59,0.08695652173913043
04/11/2025 14:50:59,0.25
04/11/2025 14:50:59,0.08695652173913043
04/11/2025 14:50:59,0.25
04/11/2025 14:50:59,0.19047619047619047
04/11/2025 14:50:59,0.0
04/11/2025 14:51:00,0.13636363636363635
04/11/2025 14:51:00,0.08695652173913043
04/11/2025 14:51:00,0.3157894736842105
04/11/2025 14:51:00,0.08695652173913043
04/11/2025 14:51:00,0.25
04/11/2025 14:51:00,0.08695652173913043
04/11/2025 14:51:00,0.041666666666666664
04/11/2025 14:51:01,0.25
04/11/2025 14:51:01,0.041666666666666664
04/11/2025 14:51:01,0.08695652173913043
04/11/2025 14:51:01,0.25
04/11/2025 14:51:01,0.13636363636363635
04/11/2025 14:51:01,0.13636363636363635
04/11/2025 14:51:02,0.25
04/11/2025 14:51:02,0.08695652173913043
04/11/2025 14:51:02,0.041666666666666664
04/11/2025 14:51:02,0.13636363636363635
04/11/2025 14:51:02,0.08695652173913043
04/11/2025 14:51:02,0.13636363636363635
04/11/2025 14:51:03,0.13636363636363635
04/11/2025 14:51:03,0.19047619047619047
04/11/2025 14:51:03,0.08695652173913043
04/11/2025 14:51:03,0.13636363636363635
04/11/2025 14:51:03,0.13636363636363635
04/11/2025 14:51:03,0.041666666666666664
04/11/2025 14:51:04,0.041666666666666664
04/11/2025 14:51:04,0.3157894736842105
04/11/2025 14:51:04,0.13636363636363635
04/11/2025 14:51:04,0.041666666666666664
04/11/2025 14:51:04,0.08695652173913043
04/11/2025 14:51:04,0.13636363636363635
04/11/2025 14:51:05,0.19047619047619047
04/11/2025 14:51:05,0.08695652173913043
04/11/2025 14:51:05,0.08695652173913043
04/11/2025 14:51:05,0.13636363636363635
04/11/2025 14:51:05,0.08695652173913043
04/11/2025 14:51:05,0.19047619047619047
04/11/2025 14:51:05,0.041666666666666664
04/11/2025 14:51:06,0.041666666666666664
04/11/2025 14:51:06,0.25
04/11/2025 14:51:06,0.041666666666666664
04/11/2025 14:51:06,0.08695652173913043
04/11/2025 14:51:06,0.19047619047619047
04/11/2025 14:51:06,0.13636363636363635
04/11/2025 14:51:07,0.13636363636363635
04/11/2025 14:51:07,0.041666666666666664
04/11/2025 14:51:07,0.25
04/11/2025 14:51:07,0.08695652173913043
04/11/2025 14:51:07,0.13636363636363635
04/11/2025 14:51:07,0.08695652173913043
04/11/2025 14:51:08,0.25
04/11/2025 14:51:08,0.08695652173913043
04/11/2025 14:51:08,0.13636363636363635
04/11/2025 14:51:08,0.25
04/11/2025 14:51:08,0.19047619047619047
04/11/2025 14:51:08,0.13636363636363635
04/11/2025 14:51:08,0.041666666666666664
04/11/2025 14:51:09,0.25
04/11/2025 14:51:09,0.08695652173913043
04/11/2025 14:51:09,0.08695652173913043
04/11/2025 14:51:09,0.13636363636363635
04/11/2025 14:51:09,0.13636363636363635
04/11/2025 14:51:09,0.13636363636363635
04/11/2025 14:51:10,0.13636363636363635
04/11/2025 14:51:10,0.25
04/11/2025 14:51:10,0.25
04/11/2025 14:51:10,0.08695652173913043
04/11/2025 14:51:10,0.25
04/11/2025 14:51:10,0.08695652173913043
04/11/2025 14:51:11,0.13636363636363635
04/11/2025 14:51:11,0.08695652173913043
04/11/2025 14:51:11,0.19047619047619047
04/11/2025 14:51:11,0.041666666666666664
04/11/2025 14:51:11,0.25
04/11/2025 14:51:11,0.08695652173913043
04/11/2025 14:51:12,0.08695652173913043
04/11/2025 14:51:12,0.13636363636363635
04/11/2025 14:51:12,0.19047619047619047
04/11/2025 14:51:12,0.08695652173913043
04/11/2025 14:51:12,0.041666666666666664
04/11/2025 14:51:12,0.08695652173913043
04/11/2025 14:51:13,0.13636363636363635
04/11/2025 14:51:13,0.25
04/11/2025 14:51:13,0.19047619047619047
04/11/2025 14:51:13,0.19047619047619047
04/11/2025 14:51:13,0.25
04/11/2025 14:51:13,0.13636363636363635
04/11/2025 14:51:14,0.19047619047619047
04/11/2025 14:51:14,0.19047619047619047
04/11/2025 14:51:14,0.08695652173913043
04/11/2025 14:51:14,0.25
04/11/2025 14:51:14,0.19047619047619047
04/11/2025 14:51:14,0.19047619047619047
04/11/2025 14:51:15,0.08695652173913043
04/11/2025 14:51:15,0.25
04/11/2025 14:51:15,0.08695652173913043
04/11/2025 14:51:15,0.13636363636363635
04/11/2025 14:51:15,0.08695652173913043
04/11/2025 14:51:15,0.19047619047619047
04/11/2025 14:51:16,0.13636363636363635
04/11/2025 14:51:16,0.13636363636363635
04/11/2025 14:51:16,0.08695652173913043
04/11/2025 14:51:16,0.13636363636363635
04/11/2025 14:51:16,0.19047619047619047
04/11/2025 14:51:16,0.13636363636363635
04/11/2025 14:51:17,0.08695652173913043
04/11/2025 14:51:17,0.19047619047619047
04/11/2025 14:51:17,0.08695652173913043
04/11/2025 14:51:17,0.13636363636363635
04/11/2025 14:51:17,0.25
04/11/2025 14:51:17,0.13636363636363635
04/11/2025 14:51:17,0.08695652173913043
04/11/2025 14:51:18,0.19047619047619047
04/11/2025 14:51:18,0.041666666666666664
04/11/2025 14:51:18,0.25
04/11/2025 14:51:18,0.041666666666666664
04/11/2025 14:51:18,0.041666666666666664
04/11/2025 14:51:18,0.25
04/11/2025 14:51:19,0.08695652173913043
04/11/2025 14:51:19,0.19047619047619047
04/11/2025 14:51:19,0.25
04/11/2025 14:51:19,0.08695652173913043
04/11/2025 14:51:19,0.13636363636363635
04/11/2025 14:51:19,0.08695652173913043
04/11/2025 14:51:20,0.08695652173913043
04/11/2025 14:51:20,0.08695652173913043
04/11/2025 14:51:20,0.041666666666666664
04/11/2025 14:51:20,0.08695652173913043
04/11/2025 14:51:20,0.13636363636363635
04/11/2025 14:51:20,0.13636363636363635
04/11/2025 14:51:21,0.13636363636363635
04/11/2025 14:51:21,0.13636363636363635
04/11/2025 14:51:21,0.041666666666666664
04/11/2025 14:51:21,0.19047619047619047
04/11/2025 14:51:21,0.19047619047619047
04/11/2025 14:51:21,0.08695652173913043
04/11/2025 14:51:22,0.19047619047619047
04/11/2025 14:51:22,0.19047619047619047
04/11/2025 14:51:22,0.3157894736842105
04/11/2025 14:51:22,0.13636363636363635
04/11/2025 14:51:22,0.19047619047619047
04/11/2025 14:51:22,0.13636363636363635
04/11/2025 14:51:23,0.19047619047619047
04/11/2025 14:51:23,0.13636363636363635
04/11/2025 14:51:23,0.13636363636363635
04/11/2025 14:51:23,0.08695652173913043
04/11/2025 14:51:23,0.08695652173913043
04/11/2025 14:51:23,0.13636363636363635
04/11/2025 14:51:23,0.13636363636363635
04/11/2025 14:51:24,0.041666666666666664
04/11/2025 14:51:24,0.25
04/11/2025 14:51:24,0.13636363636363635
04/11/2025 14:51:24,0.041666666666666664
04/11/2025 14:51:24,0.25
04/11/2025 14:51:24,0.13636363636363635
04/11/2025 14:51:25,0.19047619047619047
04/11/2025 14:51:25,0.08695652173913043
04/11/2025 14:51:25,0.13636363636363635
04/11/2025 14:51:25,0.25
04/11/2025 14:51:25,0.08695652173913043
04/11/2025 14:51:25,0.13636363636363635
04/11/2025 14:51:26,0.08695652173913043
04/11/2025 14:51:26,0.13636363636363635
04/11/2025 14:51:26,0.13636363636363635
04/11/2025 14:51:26,0.13636363636363635
04/11/2025 14:51:26,0.08695652173913043
04/11/2025 14:51:26,0.3157894736842105
04/11/2025 14:51:26,0.08695652173913043
04/11/2025 14:51:27,0.13636363636363635
04/11/2025 14:51:27,0.19047619047619047
04/11/2025 14:51:27,0.13636363636363635
04/11/2025 14:51:27,0.041666666666666664
04/11/2025 14:51:27,0.041666666666666664
04/11/2025 14:51:27,0.13636363636363635
04/11/2025 14:51:28,0.19047619047619047
04/11/2025 14:51:28,0.08695652173913043
04/11/2025 14:51:28,0.13636363636363635
04/11/2025 14:51:28,0.08695652173913043
04/11/2025 14:51:28,0.19047619047619047
04/11/2025 14:51:28,0.08695652173913043
04/11/2025 14:51:28,0.13636363636363635
04/11/2025 14:51:29,0.19047619047619047
04/11/2025 14:51:29,0.13636363636363635
04/11/2025 14:51:29,0.19047619047619047
04/11/2025 14:51:29,0.041666666666666664
04/11/2025 14:51:29,0.13636363636363635
04/11/2025 14:51:29,0.08695652173913043
04/11/2025 14:51:30,0.13636363636363635
04/11/2025 14:51:30,0.13636363636363635
04/11/2025 14:51:30,0.25
04/11/2025 14:51:30,0.13636363636363635
04/11/2025 14:51:30,0.13636363636363635
04/11/2025 14:51:30,0.08695652173913043
04/11/2025 14:51:31,0.19047619047619047
04/11/2025 14:51:31,0.13636363636363635
04/11/2025 14:51:31,0.25
04/11/2025 14:51:31,0.13636363636363635
04/11/2025 14:51:31,0.19047619047619047
04/11/2025 14:51:31,0.3157894736842105
04/11/2025 14:51:32,0.08695652173913043
04/11/2025 14:51:32,0.041666666666666664
04/11/2025 14:51:32,0.13636363636363635
04/11/2025 14:51:32,0.19047619047619047
04/11/2025 14:51:32,0.19047619047619047
04/11/2025 14:51:32,0.08695652173913043
04/11/2025 14:51:33,0.19047619047619047
04/11/2025 14:51:33,0.08695652173913043
04/11/2025 14:51:33,0.13636363636363635
04/11/2025 14:51:33,0.19047619047619047
04/11/2025 14:51:33,0.3157894736842105
04/11/2025 14:51:33,0.19047619047619047
04/11/2025 14:51:34,0.19047619047619047
04/11/2025 14:51:34,0.3157894736842105
04/11/2025 14:51:34,0.08695652173913043
04/11/2025 14:51:34,0.19047619047619047
04/11/2025 14:51:34,0.3157894736842105
04/11/2025 14:51:34,0.08695652173913043
04/11/2025 14:51:34,0.19047619047619047
04/11/2025 14:51:35,0.13636363636363635
04/11/2025 14:51:35,0.13636363636363635
04/11/2025 14:51:35,0.13636363636363635
04/11/2025 14:51:35,0.13636363636363635
04/11/2025 14:51:35,0.19047619047619047
04/11/2025 14:51:35,0.19047619047619047
04/11/2025 14:51:36,0.041666666666666664
04/11/2025 14:51:36,0.13636363636363635
04/11/2025 14:51:36,0.25
04/11/2025 14:51:36,0.13636363636363635
04/11/2025 14:51:36,0.041666666666666664
04/11/2025 14:51:36,0.19047619047619047
04/11/2025 14:51:37,0.041666666666666664
04/11/2025 14:51:37,0.19047619047619047
04/11/2025 14:51:37,0.13636363636363635
04/11/2025 14:51:37,0.041666666666666664
04/11/2025 14:51:37,0.13636363636363635
04/11/2025 14:51:37,0.08695652173913043
04/11/2025 14:51:38,0.13636363636363635
04/11/2025 14:51:38,0.08695652173913043
04/11/2025 14:51:38,0.041666666666666664
04/11/2025 14:51:38,0.25
04/11/2025 14:51:38,0.13636363636363635
04/11/2025 14:51:38,0.3888888888888889
04/11/2025 14:51:38,0.13636363636363635
04/11/2025 14:51:39,0.19047619047619047
04/11/2025 14:51:39,0.08695652173913043
04/11/2025 14:51:39,0.13636363636363635
04/11/2025 14:51:39,0.19047619047619047
04/11/2025 14:51:39,0.19047619047619047
04/11/2025 14:51:39,0.19047619047619047
04/11/2025 14:51:40,0.041666666666666664
04/11/2025 14:51:40,0.13636363636363635
04/11/2025 14:51:40,0.08695652173913043
04/11/2025 14:51:40,0.041666666666666664
04/11/2025 14:51:40,0.19047619047619047
04/11/2025 14:51:40,0.19047619047619047
04/11/2025 14:51:41,0.19047619047619047
04/11/2025 14:51:41,0.13636363636363635
04/11/2025 14:51:41,0.08695652173913043
04/11/2025 14:51:41,0.13636363636363635
04/11/2025 14:51:41,0.13636363636363635
04/11/2025 14:51:41,0.08695652173913043
04/11/2025 14:51:41,0.13636363636363635
04/11/2025 14:51:42,0.19047619047619047
04/11/2025 14:51:42,0.25
04/11/2025 14:51:42,0.25
04/11/2025 14:51:42,0.25
04/11/2025 14:51:42,0.3888888888888889
04/11/2025 14:51:42,0.08695652173913043
04/11/2025 14:51:43,0.041666666666666664
04/11/2025 14:51:43,0.0
04/11/2025 14:51:43,0.08695652173913043
04/11/2025 14:51:43,0.13636363636363635
04/11/2025 14:51:43,0.0
04/11/2025 14:51:43,0.19047619047619047
04/11/2025 14:51:44,0.13636363636363635
04/11/2025 14:51:44,0.13636363636363635
04/11/2025 14:51:44,0.041666666666666664
04/11/2025 14:51:44,0.19047619047619047
04/11/2025 14:51:44,0.25
04/11/2025 14:51:44,0.13636363636363635
04/11/2025 14:51:45,0.08695652173913043
04/11/2025 14:51:45,0.13636363636363635
04/11/2025 14:51:45,0.041666666666666664
04/11/2025 14:51:45,0.13636363636363635
04/11/2025 14:51:45,0.13636363636363635
04/11/2025 14:51:45,0.08695652173913043
04/11/2025 14:51:46,0.13636363636363635
04/11/2025 14:51:46,0.19047619047619047
04/11/2025 14:51:46,0.19047619047619047
04/11/2025 14:51:46,0.19047619047619047
04/11/2025 14:51:46,0.13636363636363635
04/11/2025 14:51:46,0.08695652173913043
04/11/2025 14:51:47,0.3157894736842105
04/11/2025 14:51:47,0.19047619047619047
04/11/2025 14:51:47,0.041666666666666664
04/11/2025 14:51:47,0.08695652173913043
04/11/2025 14:51:47,0.19047619047619047
04/11/2025 14:51:47,0.08695652173913043
04/11/2025 14:51:47,0.25
04/11/2025 14:51:48,0.08695652173913043
04/11/2025 14:51:48,0.19047619047619047
04/11/2025 14:51:48,0.13636363636363635
04/11/2025 14:51:48,0.13636363636363635
04/11/2025 14:51:48,0.13636363636363635
04/11/2025 14:51:48,0.25
04/11/2025 14:51:49,0.08695652173913043
04/11/2025 14:51:49,0.13636363636363635
04/11/2025 14:51:49,0.13636363636363635
04/11/2025 14:51:49,0.19047619047619047
04/11/2025 14:51:49,0.041666666666666664
04/11/2025 14:51:49,0.08695652173913043
04/11/2025 14:51:50,0.25
04/11/2025 14:51:50,0.13636363636363635
04/11/2025 14:51:50,0.19047619047619047
04/11/2025 14:51:50,0.13636363636363635
04/11/2025 14:51:50,0.13636363636363635
04/11/2025 14:51:50,0.08695652173913043
04/11/2025 14:51:50,0.08695652173913043
04/11/2025 14:51:51,0.13636363636363635
04/11/2025 14:51:51,0.13636363636363635
04/11/2025 14:51:51,0.19047619047619047
04/11/2025 14:51:51,0.041666666666666664
04/11/2025 14:51:51,0.25
04/11/2025 14:51:51,0.08695652173913043
04/11/2025 14:51:52,0.13636363636363635
04/11/2025 14:51:52,0.041666666666666664
04/11/2025 14:51:52,0.041666666666666664
04/11/2025 14:51:52,0.13636363636363635
04/11/2025 14:51:52,0.13636363636363635
04/11/2025 14:51:52,0.08695652173913043
04/11/2025 14:51:53,0.19047619047619047
04/11/2025 14:51:53,0.13636363636363635
04/11/2025 14:51:53,0.13636363636363635
04/11/2025 14:51:53,0.041666666666666664
04/11/2025 14:51:53,0.041666666666666664
04/11/2025 14:51:53,0.13636363636363635
04/11/2025 14:51:54,0.08695652173913043
04/11/2025 14:51:54,0.041666666666666664
04/11/2025 14:51:54,0.19047619047619047
04/11/2025 14:51:54,0.25
04/11/2025 14:51:54,0.13636363636363635
04/11/2025 14:51:54,0.041666666666666664
04/11/2025 14:51:54,0.19047619047619047
04/11/2025 14:51:55,0.19047619047619047
04/11/2025 14:51:55,0.13636363636363635
04/11/2025 14:51:55,0.13636363636363635
04/11/2025 14:51:55,0.041666666666666664
04/11/2025 14:51:55,0.13636363636363635
04/11/2025 14:51:55,0.08695652173913043
04/11/2025 14:51:56,0.08695652173913043
04/11/2025 14:51:56,0.19047619047619047
04/11/2025 14:51:56,0.13636363636363635
04/11/2025 14:51:56,0.041666666666666664
04/11/2025 14:51:56,0.08695652173913043
04/11/2025 14:51:56,0.19047619047619047
04/11/2025 14:51:57,0.08695652173913043
04/11/2025 14:51:57,0.08695652173913043
04/11/2025 14:51:57,0.25
04/11/2025 14:51:57,0.08695652173913043
04/11/2025 14:51:57,0.08695652173913043
04/11/2025 14:51:57,0.08695652173913043
04/11/2025 14:51:57,0.13636363636363635
04/11/2025 14:51:58,0.13636363636363635
04/11/2025 14:51:58,0.19047619047619047
04/11/2025 14:51:58,0.08695652173913043
04/11/2025 14:51:58,0.19047619047619047
04/11/2025 14:51:58,0.08695652173913043
04/11/2025 14:51:58,0.08695652173913043
04/11/2025 14:51:59,0.08695652173913043
04/11/2025 14:51:59,0.19047619047619047
04/11/2025 14:51:59,0.08695652173913043
04/11/2025 14:51:59,0.19047619047619047
04/11/2025 14:51:59,0.13636363636363635
04/11/2025 14:51:59,0.08695652173913043
04/11/2025 14:52:00,0.041666666666666664
04/11/2025 14:52:00,0.19047619047619047
04/11/2025 14:52:00,0.13636363636363635
04/11/2025 14:52:00,0.08695652173913043
04/11/2025 14:52:00,0.19047619047619047
04/11/2025 14:52:00,0.13636363636363635
04/11/2025 14:52:01,0.041666666666666664
04/11/2025 14:52:01,0.19047619047619047
04/11/2025 14:52:01,0.19047619047619047
04/11/2025 14:52:01,0.041666666666666664
04/11/2025 14:52:01,0.08695652173913043
04/11/2025 14:52:01,0.3157894736842105
04/11/2025 14:52:02,0.19047619047619047
04/11/2025 14:52:02,0.13636363636363635
04/11/2025 14:52:02,0.0
04/11/2025 14:52:02,0.08695652173913043
04/11/2025 14:52:02,0.08695652173913043
04/11/2025 14:52:02,0.041666666666666664
04/11/2025 14:52:03,0.13636363636363635
04/11/2025 14:52:03,0.25
04/11/2025 14:52:03,0.041666666666666664
04/11/2025 14:52:03,0.13636363636363635
04/11/2025 14:52:03,0.25
04/11/2025 14:52:03,0.0
04/11/2025 14:52:04,0.08695652173913043
04/11/2025 14:52:04,0.041666666666666664
04/11/2025 14:52:04,0.19047619047619047
04/11/2025 14:52:04,0.13636363636363635
04/11/2025 14:52:04,0.08695652173913043
04/11/2025 14:52:04,0.25
04/11/2025 14:52:04,0.13636363636363635
04/11/2025 14:52:05,0.13636363636363635
04/11/2025 14:52:05,0.19047619047619047
04/11/2025 14:52:05,0.3157894736842105
04/11/2025 14:52:05,0.13636363636363635
04/11/2025 14:52:05,0.13636363636363635
04/11/2025 14:52:05,0.13636363636363635
04/11/2025 14:52:06,0.13636363636363635
04/11/2025 14:52:06,0.08695652173913043
04/11/2025 14:52:06,0.13636363636363635
04/11/2025 14:52:06,0.13636363636363635
04/11/2025 14:52:06,0.08695652173913043
04/11/2025 14:52:06,0.19047619047619047
04/11/2025 14:52:07,0.25
04/11/2025 14:52:07,0.08695652173913043
04/11/2025 14:52:07,0.08695652173913043
04/11/2025 14:52:07,0.19047619047619047
04/11/2025 14:52:07,0.13636363636363635
04/11/2025 14:52:07,0.08695652173913043
04/11/2025 14:52:07,0.13636363636363635
04/11/2025 14:52:08,0.13636363636363635
04/11/2025 14:52:08,0.19047619047619047
04/11/2025 14:52:08,0.0
04/11/2025 14:52:08,0.13636363636363635
04/11/2025 14:52:08,0.0
04/11/2025 14:52:08,0.041666666666666664
04/11/2025 14:52:09,0.19047619047619047
04/11/2025 14:52:09,0.19047619047619047
04/11/2025 14:52:09,0.041666666666666664
04/11/2025 14:52:09,0.13636363636363635
04/11/2025 14:52:09,0.13636363636363635
04/11/2025 14:52:09,0.08695652173913043
04/11/2025 14:52:10,0.041666666666666664
04/11/2025 14:52:10,0.13636363636363635
04/11/2025 14:52:10,0.08695652173913043
04/11/2025 14:52:10,0.13636363636363635
04/11/2025 14:52:10,0.13636363636363635
04/11/2025 14:52:10,0.08695652173913043
04/11/2025 14:52:11,0.13636363636363635
04/11/2025 14:52:11,0.13636363636363635
04/11/2025 14:52:11,0.3888888888888889
04/11/2025 14:52:11,0.041666666666666664
04/11/2025 14:52:11,0.13636363636363635
04/11/2025 14:52:11,0.19047619047619047
04/11/2025 14:52:11,0.08695652173913043
04/11/2025 14:52:12,0.13636363636363635
04/11/2025 14:52:12,0.08695652173913043
04/11/2025 14:52:12,0.13636363636363635
04/11/2025 14:52:12,0.19047619047619047
04/11/2025 14:52:12,0.25
04/11/2025 14:52:12,0.13636363636363635
04/11/2025 14:52:13,0.13636363636363635
04/11/2025 14:52:13,0.13636363636363635
04/11/2025 14:52:13,0.13636363636363635
04/11/2025 14:52:13,0.041666666666666664
04/11/2025 14:52:13,0.3157894736842105
04/11/2025 14:52:13,0.19047619047619047
04/11/2025 14:52:14,0.08695652173913043
04/11/2025 14:52:14,0.08695652173913043
04/11/2025 14:52:14,0.08695652173913043
04/11/2025 14:52:14,0.13636363636363635
04/11/2025 14:52:14,0.19047619047619047
04/11/2025 14:52:14,0.13636363636363635
04/11/2025 14:52:15,0.08695652173913043
04/11/2025 14:52:15,0.08695652173913043
04/11/2025 14:52:15,0.25
04/11/2025 14:52:15,0.19047619047619047
04/11/2025 14:52:15,0.08695652173913043
04/11/2025 14:52:15,0.13636363636363635
04/11/2025 14:52:15,0.19047619047619047
04/11/2025 14:52:16,0.13636363636363635
04/11/2025 14:52:16,0.08695652173913043
04/11/2025 14:52:16,0.08695652173913043
04/11/2025 14:52:16,0.19047619047619047
04/11/2025 14:52:16,0.19047619047619047
04/11/2025 14:52:16,0.19047619047619047
04/11/2025 14:52:17,0.13636363636363635
04/11/2025 14:52:17,0.19047619047619047
04/11/2025 14:52:17,0.0
04/11/2025 14:52:17,0.3157894736842105
04/11/2025 14:52:17,0.08695652173913043
04/11/2025 14:52:17,0.25
04/11/2025 14:52:17,0.041666666666666664
04/11/2025 14:52:18,0.19047619047619047
04/11/2025 14:52:18,0.041666666666666664
04/11/2025 14:52:18,0.13636363636363635
04/11/2025 14:52:18,0.13636363636363635
04/11/2025 14:52:18,0.0
04/11/2025 14:52:18,0.08695652173913043
04/11/2025 14:52:19,0.25
04/11/2025 14:52:19,0.13636363636363635
04/11/2025 14:52:19,0.041666666666666664
04/11/2025 14:52:19,0.13636363636363635
04/11/2025 14:52:19,0.19047619047619047
04/11/2025 14:52:19,0.08695652173913043
04/11/2025 14:52:20,0.19047619047619047
04/11/2025 14:52:20,0.13636363636363635
04/11/2025 14:52:20,0.08695652173913043
04/11/2025 14:52:20,0.08695652173913043
04/11/2025 14:52:20,0.3157894736842105
04/11/2025 14:52:20,0.19047619047619047
04/11/2025 14:52:20,0.19047619047619047
04/11/2025 14:52:21,0.25
04/11/2025 14:52:21,0.25
04/11/2025 14:52:21,0.08695652173913043
04/11/2025 14:52:21,0.08695652173913043
04/11/2025 14:52:21,0.19047619047619047
04/11/2025 14:52:21,0.19047619047619047
04/11/2025 14:52:22,0.19047619047619047
04/11/2025 14:52:22,0.19047619047619047
04/11/2025 14:52:22,0.47058823529411764
04/11/2025 14:52:22,0.041666666666666664
04/11/2025 14:52:22,0.19047619047619047
04/11/2025 14:52:22,0.13636363636363635
04/11/2025 14:52:23,0.08695652173913043
04/11/2025 14:52:23,0.25
04/11/2025 14:52:23,0.25
04/11/2025 14:52:23,0.08695652173913043
04/11/2025 14:52:23,0.13636363636363635
04/11/2025 14:52:23,0.041666666666666664
04/11/2025 14:52:24,0.13636363636363635
04/11/2025 14:52:24,0.13636363636363635
04/11/2025 14:52:24,0.19047619047619047
04/11/2025 14:52:24,0.13636363636363635
04/11/2025 14:52:24,0.19047619047619047
04/11/2025 14:52:24,0.13636363636363635
04/11/2025 14:52:25,0.19047619047619047
04/11/2025 14:52:25,0.08695652173913043
04/11/2025 14:52:25,0.13636363636363635
04/11/2025 14:52:25,0.041666666666666664
04/11/2025 14:52:25,0.13636363636363635
04/11/2025 14:52:25,0.13636363636363635
04/11/2025 14:52:26,0.19047619047619047
04/11/2025 14:52:26,0.13636363636363635
04/11/2025 14:52:26,0.08695652173913043
04/11/2025 14:52:26,0.13636363636363635
04/11/2025 14:52:26,0.19047619047619047
04/11/2025 14:52:26,0.13636363636363635
04/11/2025 14:52:27,0.19047619047619047
04/11/2025 14:52:27,0.19047619047619047
04/11/2025 14:52:27,0.08695652173913043
04/11/2025 14:52:27,0.08695652173913043
04/11/2025 14:52:27,0.13636363636363635
04/11/2025 14:52:27,0.19047619047619047
04/11/2025 14:52:27,0.041666666666666664
04/11/2025 14:52:28,0.13636363636363635
04/11/2025 14:52:28,0.19047619047619047
04/11/2025 14:52:28,0.25
04/11/2025 14:52:28,0.08695652173913043
04/11/2025 14:52:28,0.13636363636363635
04/11/2025 14:52:28,0.0
04/11/2025 14:52:29,0.041666666666666664
04/11/2025 14:52:29,0.13636363636363635
04/11/2025 14:52:29,0.041666666666666664
04/11/2025 14:52:29,0.3157894736842105
04/11/2025 14:52:29,0.08695652173913043
04/11/2025 14:52:29,0.13636363636363635
04/11/2025 14:52:29,0.19047619047619047
04/11/2025 14:52:30,0.08695652173913043
04/11/2025 14:52:30,0.19047619047619047
04/11/2025 14:52:30,0.25
04/11/2025 14:52:30,0.19047619047619047
04/11/2025 14:52:30,0.041666666666666664
04/11/2025 14:52:30,0.041666666666666664
04/11/2025 14:52:31,0.041666666666666664
04/11/2025 14:52:31,0.19047619047619047
04/11/2025 14:52:31,0.19047619047619047
04/11/2025 14:52:31,0.19047619047619047
04/11/2025 14:52:31,0.08695652173913043
04/11/2025 14:52:31,0.19047619047619047
04/11/2025 14:52:32,0.19047619047619047
04/11/2025 14:52:32,0.08695652173913043
04/11/2025 14:52:32,0.13636363636363635
04/11/2025 14:52:32,0.08695652173913043
04/11/2025 14:52:32,0.041666666666666664
04/11/2025 14:52:32,0.13636363636363635
04/11/2025 14:52:33,0.19047619047619047
04/11/2025 14:52:33,0.041666666666666664
04/11/2025 14:52:33,0.19047619047619047
04/11/2025 14:52:33,0.08695652173913043
04/11/2025 14:52:33,0.13636363636363635
04/11/2025 14:52:33,0.13636363636363635
04/11/2025 14:52:33,0.08695652173913043
04/11/2025 14:52:34,0.08695652173913043
04/11/2025 14:52:34,0.08695652173913043
04/11/2025 14:52:34,0.19047619047619047
04/11/2025 14:52:34,0.08695652173913043
04/11/2025 14:52:34,0.13636363636363635
04/11/2025 14:52:34,0.13636363636363635
04/11/2025 14:52:35,0.041666666666666664
04/11/2025 14:52:35,0.3157894736842105
04/11/2025 14:52:35,0.19047619047619047
04/11/2025 14:52:35,0.25
04/11/2025 14:52:35,0.19047619047619047
04/11/2025 14:52:35,0.08695652173913043
04/11/2025 14:52:36,0.08695652173913043
04/11/2025 14:52:36,0.19047619047619047
04/11/2025 14:52:36,0.25
04/11/2025 14:52:36,0.25
04/11/2025 14:52:36,0.19047619047619047
04/11/2025 14:52:36,0.13636363636363635
04/11/2025 14:52:37,0.25
04/11/2025 14:52:37,0.08695652173913043
04/11/2025 14:52:37,0.08695652173913043
04/11/2025 14:52:37,0.19047619047619047
04/11/2025 14:52:37,0.25
04/11/2025 14:52:37,0.08695652173913043
04/11/2025 14:52:37,0.13636363636363635
04/11/2025 14:52:38,0.13636363636363635
04/11/2025 14:52:38,0.08695652173913043
04/11/2025 14:52:38,0.13636363636363635
04/11/2025 14:52:38,0.25
04/11/2025 14:52:38,0.041666666666666664
04/11/2025 14:52:38,0.13636363636363635
04/11/2025 14:52:39,0.041666666666666664
04/11/2025 14:52:39,0.08695652173913043
04/11/2025 14:52:39,0.08695652173913043
04/11/2025 14:52:39,0.13636363636363635
04/11/2025 14:52:39,0.13636363636363635
04/11/2025 14:52:39,0.041666666666666664
04/11/2025 14:52:40,0.041666666666666664
04/11/2025 14:52:40,0.19047619047619047
04/11/2025 14:52:40,0.19047619047619047
04/11/2025 14:52:40,0.08695652173913043
04/11/2025 14:52:40,0.25
04/11/2025 14:52:40,0.041666666666666664
04/11/2025 14:52:41,0.19047619047619047
04/11/2025 14:52:41,0.25
04/11/2025 14:52:41,0.19047619047619047
04/11/2025 14:52:41,0.19047619047619047
04/11/2025 14:52:41,0.19047619047619047
04/11/2025 14:52:41,0.13636363636363635
04/11/2025 14:52:41,0.13636363636363635
04/11/2025 14:52:42,0.13636363636363635
04/11/2025 14:52:42,0.041666666666666664
04/11/2025 14:52:42,0.25
04/11/2025 14:52:42,0.19047619047619047
04/11/2025 14:52:42,0.041666666666666664
04/11/2025 14:52:42,0.19047619047619047
04/11/2025 14:52:43,0.25
04/11/2025 14:52:43,0.13636363636363635
04/11/2025 14:52:43,0.19047619047619047
04/11/2025 14:52:43,0.25
04/11/2025 14:52:43,0.13636363636363635
04/11/2025 14:52:43,0.13636363636363635
04/11/2025 14:52:44,0.25
04/11/2025 14:52:44,0.041666666666666664
04/11/2025 14:52:44,0.19047619047619047
04/11/2025 14:52:44,0.13636363636363635
04/11/2025 14:52:44,0.08695652173913043
04/11/2025 14:52:44,0.041666666666666664
04/11/2025 14:52:44,0.13636363636363635
04/11/2025 14:52:45,0.041666666666666664
04/11/2025 14:52:45,0.13636363636363635
04/11/2025 14:52:45,0.08695652173913043
04/11/2025 14:52:45,0.08695652173913043
04/11/2025 14:52:45,0.13636363636363635
04/11/2025 14:52:45,0.08695652173913043
04/11/2025 14:52:46,0.19047619047619047
04/11/2025 14:52:46,0.19047619047619047
04/11/2025 14:52:46,0.13636363636363635
04/11/2025 14:52:46,0.19047619047619047
04/11/2025 14:52:46,0.3157894736842105
04/11/2025 14:52:46,0.041666666666666664
04/11/2025 14:52:47,0.08695652173913043
04/11/2025 14:52:47,0.08695652173913043
04/11/2025 14:52:47,0.08695652173913043
04/11/2025 14:52:47,0.25
04/11/2025 14:52:47,0.13636363636363635
04/11/2025 14:52:47,0.041666666666666664
04/11/2025 14:52:47,0.08695652173913043
04/11/2025 14:52:48,0.3157894736842105
04/11/2025 14:52:48,0.13636363636363635
04/11/2025 14:52:48,0.08695652173913043
04/11/2025 14:52:48,0.19047619047619047
04/11/2025 14:52:48,0.13636363636363635
04/11/2025 14:52:48,0.08695652173913043
04/11/2025 14:52:49,0.08695652173913043
04/11/2025 14:52:49,0.19047619047619047
04/11/2025 14:52:49,0.19047619047619047
04/11/2025 14:52:49,0.08695652173913043
04/11/2025 14:52:49,0.13636363636363635
04/11/2025 14:52:49,0.13636363636363635
04/11/2025 14:52:50,0.19047619047619047
04/11/2025 14:52:50,0.08695652173913043
04/11/2025 14:52:50,0.08695652173913043
04/11/2025 14:52:50,0.08695652173913043
04/11/2025 14:52:50,0.13636363636363635
04/11/2025 14:52:50,0.08695652173913043
04/11/2025 14:52:51,0.19047619047619047
04/11/2025 14:52:51,0.25
04/11/2025 14:52:51,0.13636363636363635
04/11/2025 14:52:51,0.19047619047619047
04/11/2025 14:52:51,0.041666666666666664
04/11/2025 14:52:51,0.19047619047619047
04/11/2025 14:52:51,0.3157894736842105
04/11/2025 14:52:52,0.19047619047619047
04/11/2025 14:52:52,0.25
04/11/2025 14:52:52,0.08695652173913043
04/11/2025 14:52:52,0.13636363636363635
04/11/2025 14:52:52,0.13636363636363635
04/11/2025 14:52:52,0.041666666666666664
04/11/2025 14:52:53,0.13636363636363635
04/11/2025 14:52:53,0.3157894736842105
04/11/2025 14:52:53,0.19047619047619047
04/11/2025 14:52:53,0.13636363636363635
04/11/2025 14:52:53,0.13636363636363635
04/11/2025 14:52:53,0.19047619047619047
04/11/2025 14:52:54,0.19047619047619047
04/11/2025 14:52:54,0.25
04/11/2025 14:52:54,0.13636363636363635
04/11/2025 14:52:54,0.19047619047619047
04/11/2025 14:52:54,0.13636363636363635
04/11/2025 14:52:54,0.041666666666666664
04/11/2025 14:52:55,0.19047619047619047
04/11/2025 14:52:55,0.13636363636363635
04/11/2025 14:52:55,0.19047619047619047
04/11/2025 14:52:55,0.041666666666666664
04/11/2025 14:52:55,0.041666666666666664
04/11/2025 14:52:55,0.13636363636363635
04/11/2025 14:52:56,0.041666666666666664
04/11/2025 14:52:56,0.041666666666666664
04/11/2025 14:52:56,0.19047619047619047
04/11/2025 14:52:56,0.13636363636363635
04/11/2025 14:52:56,0.13636363636363635
04/11/2025 14:52:56,0.08695652173913043
04/11/2025 14:52:57,0.08695652173913043
04/11/2025 14:52:57,0.041666666666666664
04/11/2025 14:52:57,0.25
04/11/2025 14:52:57,0.041666666666666664
04/11/2025 14:52:57,0.25
04/11/2025 14:52:57,0.13636363636363635
04/11/2025 14:52:58,0.13636363636363635
04/11/2025 14:52:58,0.19047619047619047
04/11/2025 14:52:58,0.25
04/11/2025 14:52:58,0.0
04/11/2025 14:52:58,0.041666666666666664
04/11/2025 14:52:58,0.25
04/11/2025 14:52:58,0.13636363636363635
04/11/2025 14:52:59,0.13636363636363635
04/11/2025 14:52:59,0.041666666666666664
04/11/2025 14:52:59,0.19047619047619047
04/11/2025 14:52:59,0.19047619047619047
04/11/2025 14:52:59,0.041666666666666664
04/11/2025 14:52:59,0.13636363636363635
04/11/2025 14:53:00,0.041666666666666664
04/11/2025 14:53:00,0.19047619047619047
04/11/2025 14:53:00,0.13636363636363635
04/11/2025 14:53:00,0.08695652173913043
04/11/2025 14:53:00,0.13636363636363635
04/11/2025 14:53:00,0.08695652173913043
04/11/2025 14:53:01,0.19047619047619047
04/11/2025 14:53:01,0.13636363636363635
04/11/2025 14:53:01,0.13636363636363635
04/11/2025 14:53:01,0.19047619047619047
04/11/2025 14:53:01,0.08695652173913043
04/11/2025 14:53:01,0.041666666666666664
04/11/2025 14:53:02,0.13636363636363635
04/11/2025 14:53:02,0.19047619047619047
04/11/2025 14:53:02,0.13636363636363635
04/11/2025 14:53:02,0.041666666666666664
04/11/2025 14:53:02,0.08695652173913043
04/11/2025 14:53:02,0.25
04/11/2025 14:53:03,0.08695652173913043
04/11/2025 14:53:03,0.08695652173913043
04/11/2025 14:53:03,0.25
04/11/2025 14:53:03,0.041666666666666664
04/11/2025 14:53:03,0.25
04/11/2025 14:53:03,0.08695652173913043
04/11/2025 14:53:04,0.08695652173913043
04/11/2025 14:53:04,0.25
04/11/2025 14:53:04,0.08695652173913043
04/11/2025 14:53:04,0.08695652173913043
04/11/2025 14:53:04,0.08695652173913043
04/11/2025 14:53:04,0.0
04/11/2025 14:53:04,0.19047619047619047
04/11/2025 14:53:05,0.08695652173913043
04/11/2025 14:53:05,0.19047619047619047
04/11/2025 14:53:05,0.13636363636363635
04/11/2025 14:53:05,0.25
04/11/2025 14:53:05,0.041666666666666664
04/11/2025 14:53:05,0.13636363636363635
04/11/2025 14:53:06,0.13636363636363635
04/11/2025 14:53:06,0.13636363636363635
04/11/2025 14:53:06,0.13636363636363635
04/11/2025 14:53:06,0.08695652173913043
04/11/2025 14:53:06,0.13636363636363635
04/11/2025 14:53:06,0.08695652173913043
04/11/2025 14:53:07,0.08695652173913043
04/11/2025 14:53:07,0.19047619047619047
04/11/2025 14:53:07,0.13636363636363635
04/11/2025 14:53:07,0.13636363636363635
04/11/2025 14:53:07,0.13636363636363635
04/11/2025 14:53:07,0.19047619047619047
04/11/2025 14:53:08,0.041666666666666664
04/11/2025 14:53:08,0.13636363636363635
04/11/2025 14:53:08,0.19047619047619047
04/11/2025 14:53:08,0.13636363636363635
04/11/2025 14:53:08,0.19047619047619047
04/11/2025 14:53:08,0.19047619047619047
04/11/2025 14:53:08,0.08695652173913043
04/11/2025 14:53:09,0.13636363636363635
04/11/2025 14:53:09,0.13636363636363635
04/11/2025 14:53:09,0.08695652173913043
04/11/2025 14:53:09,0.041666666666666664
04/11/2025 14:53:09,0.13636363636363635
04/11/2025 14:53:09,0.19047619047619047
04/11/2025 14:53:10,0.08695652173913043
04/11/2025 14:53:10,0.13636363636363635
04/11/2025 14:53:10,0.19047619047619047
04/11/2025 14:53:10,0.19047619047619047
04/11/2025 14:53:10,0.13636363636363635
04/11/2025 14:53:10,0.19047619047619047
04/11/2025 14:53:10,0.08695652173913043
04/11/2025 14:53:11,0.041666666666666664
04/11/2025 14:53:11,0.13636363636363635
04/11/2025 14:53:11,0.25
04/11/2025 14:53:11,0.25
04/11/2025 14:53:11,0.08695652173913043
04/11/2025 14:53:11,0.041666666666666664
04/11/2025 14:53:12,0.19047619047619047
04/11/2025 14:53:12,0.08695652173913043
04/11/2025 14:53:12,0.08695652173913043
04/11/2025 14:53:12,0.19047619047619047
04/11/2025 14:53:12,0.19047619047619047
04/11/2025 14:53:12,0.041666666666666664
04/11/2025 14:53:13,0.13636363636363635
04/11/2025 14:53:13,0.08695652173913043
04/11/2025 14:53:13,0.25
04/11/2025 14:53:13,0.13636363636363635
04/11/2025 14:53:13,0.08695652173913043
04/11/2025 14:53:13,0.08695652173913043
04/11/2025 14:53:14,0.08695652173913043
04/11/2025 14:53:14,0.13636363636363635
04/11/2025 14:53:14,0.25
04/11/2025 14:53:14,0.08695652173913043
04/11/2025 14:53:14,0.13636363636363635
04/11/2025 14:53:14,0.13636363636363635
04/11/2025 14:53:15,0.13636363636363635
04/11/2025 14:53:15,0.08695652173913043
04/11/2025 14:53:15,0.13636363636363635
04/11/2025 14:53:15,0.13636363636363635
04/11/2025 14:53:15,0.08695652173913043
04/11/2025 14:53:15,0.25
04/11/2025 14:53:15,0.041666666666666664
04/11/2025 14:53:16,0.08695652173913043
04/11/2025 14:53:16,0.08695652173913043
04/11/2025 14:53:16,0.08695652173913043
04/11/2025 14:53:16,0.041666666666666664
04/11/2025 14:53:16,0.08695652173913043
04/11/2025 14:53:16,0.19047619047619047
04/11/2025 14:53:17,0.08695652173913043
04/11/2025 14:53:17,0.13636363636363635
04/11/2025 14:53:17,0.08695652173913043
04/11/2025 14:53:17,0.3157894736842105
04/11/2025 14:53:17,0.19047619047619047
04/11/2025 14:53:17,0.3157894736842105
04/11/2025 14:53:18,0.19047619047619047
04/11/2025 14:53:18,0.25
04/11/2025 14:53:18,0.08695652173913043
04/11/2025 14:53:18,0.25
04/11/2025 14:53:18,0.041666666666666664
04/11/2025 14:53:18,0.041666666666666664
04/11/2025 14:53:19,0.19047619047619047
04/11/2025 14:53:19,0.13636363636363635
04/11/2025 14:53:19,0.25
04/11/2025 14:53:19,0.25
04/11/2025 14:53:19,0.13636363636363635
04/11/2025 14:53:19,0.08695652173913043
04/11/2025 14:53:19,0.13636363636363635
04/11/2025 14:53:20,0.08695652173913043
04/11/2025 14:53:20,0.19047619047619047
04/11/2025 14:53:20,0.08695652173913043
04/11/2025 14:53:20,0.25
04/11/2025 14:53:20,0.08695652173913043
04/11/2025 14:53:20,0.19047619047619047
04/11/2025 14:53:21,0.19047619047619047
04/11/2025 14:53:21,0.19047619047619047
04/11/2025 14:53:21,0.25
04/11/2025 14:53:21,0.041666666666666664
04/11/2025 14:53:21,0.08695652173913043
04/11/2025 14:53:21,0.25
04/11/2025 14:53:22,0.08695652173913043
04/11/2025 14:53:22,0.13636363636363635
04/11/2025 14:53:22,0.13636363636363635
04/11/2025 14:53:22,0.041666666666666664
04/11/2025 14:53:22,0.041666666666666664
04/11/2025 14:53:22,0.19047619047619047
04/11/2025 14:53:23,0.08695652173913043
04/11/2025 14:53:23,0.08695652173913043
04/11/2025 14:53:23,0.13636363636363635
04/11/2025 14:53:23,0.13636363636363635
04/11/2025 14:53:23,0.25
04/11/2025 14:53:23,0.25
04/11/2025 14:53:24,0.25
04/11/2025 14:53:24,0.08695652173913043
04/11/2025 14:53:24,0.13636363636363635
04/11/2025 14:53:24,0.0
04/11/2025 14:53:24,0.13636363636363635
04/11/2025 14:53:24,0.13636363636363635
04/11/2025 14:53:24,0.13636363636363635
04/11/2025 14:53:25,0.19047619047619047
04/11/2025 14:53:25,0.13636363636363635
04/11/2025 14:53:25,0.19047619047619047
04/11/2025 14:53:25,0.041666666666666664
04/11/2025 14:53:25,0.25
04/11/2025 14:53:25,0.041666666666666664
04/11/2025 14:53:26,0.19047619047619047
04/11/2025 14:53:26,0.19047619047619047
04/11/2025 14:53:26,0.08695652173913043
04/11/2025 14:53:26,0.13636363636363635
04/11/2025 14:53:26,0.25
04/11/2025 14:53:26,0.08695652173913043
04/11/2025 14:53:27,0.3157894736842105
04/11/2025 14:53:27,0.13636363636363635
04/11/2025 14:53:27,0.08695652173913043
04/11/2025 14:53:27,0.19047619047619047
04/11/2025 14:53:27,0.08695652173913043
04/11/2025 14:53:27,0.13636363636363635
04/11/2025 14:53:27,0.08695652173913043
04/11/2025 14:53:28,0.19047619047619047
04/11/2025 14:53:28,0.13636363636363635
04/11/2025 14:53:28,0.041666666666666664
04/11/2025 14:53:28,0.13636363636363635
04/11/2025 14:53:28,0.19047619047619047
04/11/2025 14:53:28,0.08695652173913043
04/11/2025 14:53:29,0.19047619047619047
04/11/2025 14:53:29,0.041666666666666664
04/11/2025 14:53:29,0.25
04/11/2025 14:53:29,0.19047619047619047
04/11/2025 14:53:29,0.13636363636363635
04/11/2025 14:53:29,0.08695652173913043
04/11/2025 14:53:30,0.13636363636363635
04/11/2025 14:53:30,0.08695652173913043
04/11/2025 14:53:30,0.041666666666666664
04/11/2025 14:53:30,0.13636363636363635
04/11/2025 14:53:30,0.19047619047619047
04/11/2025 14:53:30,0.19047619047619047
04/11/2025 14:53:30,0.3157894736842105
04/11/2025 14:53:31,0.08695652173913043
04/11/2025 14:53:31,0.08695652173913043
04/11/2025 14:53:31,0.08695652173913043
04/11/2025 14:53:31,0.13636363636363635
04/11/2025 14:53:31,0.19047619047619047
04/11/2025 14:53:31,0.19047619047619047
04/11/2025 14:53:32,0.041666666666666664
04/11/2025 14:53:32,0.19047619047619047
04/11/2025 14:53:32,0.13636363636363635
04/11/2025 14:53:32,0.08695652173913043
04/11/2025 14:53:32,0.13636363636363635
04/11/2025 14:53:32,0.041666666666666664
04/11/2025 14:53:33,0.13636363636363635
04/11/2025 14:53:33,0.08695652173913043
04/11/2025 14:53:33,0.041666666666666664
04/11/2025 14:53:33,0.08695652173913043
04/11/2025 14:53:33,0.19047619047619047
04/11/2025 14:53:33,0.08695652173913043
04/11/2025 14:53:34,0.08695652173913043
04/11/2025 14:53:34,0.08695652173913043
04/11/2025 14:53:34,0.041666666666666664
04/11/2025 14:53:34,0.08695652173913043
04/11/2025 14:53:34,0.25
04/11/2025 14:53:34,0.08695652173913043
04/11/2025 14:53:34,0.08695652173913043
04/11/2025 14:53:35,0.08695652173913043
04/11/2025 14:53:35,0.19047619047619047
04/11/2025 14:53:35,0.19047619047619047
04/11/2025 14:53:35,0.19047619047619047
04/11/2025 14:53:35,0.08695652173913043
04/11/2025 14:53:35,0.08695652173913043
04/11/2025 14:53:36,0.13636363636363635
04/11/2025 14:53:36,0.13636363636363635
04/11/2025 14:53:36,0.25
04/11/2025 14:53:36,0.08695652173913043
04/11/2025 14:53:36,0.13636363636363635
04/11/2025 14:53:36,0.13636363636363635
04/11/2025 14:53:37,0.19047619047619047
04/11/2025 14:53:37,0.13636363636363635
04/11/2025 14:53:37,0.13636363636363635
04/11/2025 14:53:37,0.08695652173913043
04/11/2025 14:53:37,0.13636363636363635
04/11/2025 14:53:37,0.08695652173913043
04/11/2025 14:53:38,0.13636363636363635
04/11/2025 14:53:38,0.25
04/11/2025 14:53:38,0.0
04/11/2025 14:53:38,0.08695652173913043
04/11/2025 14:53:38,0.08695652173913043
04/11/2025 14:53:38,0.08695652173913043
04/11/2025 14:53:38,0.08695652173913043
04/11/2025 14:53:39,0.13636363636363635
04/11/2025 14:53:39,0.08695652173913043
04/11/2025 14:53:39,0.08695652173913043
04/11/2025 14:53:39,0.13636363636363635
04/11/2025 14:53:39,0.19047619047619047
04/11/2025 14:53:39,0.13636363636363635
04/11/2025 14:53:40,0.08695652173913043
04/11/2025 14:53:40,0.19047619047619047
04/11/2025 14:53:40,0.13636363636363635
04/11/2025 14:53:40,0.19047619047619047
04/11/2025 14:53:40,0.08695652173913043
04/11/2025 14:53:40,0.13636363636363635
04/11/2025 14:53:41,0.13636363636363635
04/11/2025 14:53:41,0.041666666666666664
04/11/2025 14:53:41,0.25
04/11/2025 14:53:41,0.25
04/11/2025 14:53:41,0.041666666666666664
04/11/2025 14:53:41,0.13636363636363635
04/11/2025 14:53:42,0.13636363636363635
04/11/2025 14:53:42,0.041666666666666664
04/11/2025 14:53:42,0.08695652173913043
04/11/2025 14:53:42,0.08695652173913043
04/11/2025 14:53:42,0.08695652173913043
04/11/2025 14:53:42,0.13636363636363635
04/11/2025 14:53:43,0.041666666666666664
04/11/2025 14:53:43,0.25
04/11/2025 14:53:43,0.19047619047619047
04/11/2025 14:53:43,0.08695652173913043
04/11/2025 14:53:43,0.13636363636363635
04/11/2025 14:53:43,0.19047619047619047
04/11/2025 14:53:43,0.13636363636363635
04/11/2025 14:53:44,0.13636363636363635
04/11/2025 14:53:44,0.08695652173913043
04/11/2025 14:53:44,0.3888888888888889
04/11/2025 14:53:44,0.041666666666666664
04/11/2025 14:53:44,0.13636363636363635
04/11/2025 14:53:44,0.08695652173913043
04/11/2025 14:53:45,0.3157894736842105
04/11/2025 14:53:45,0.19047619047619047
04/11/2025 14:53:45,0.08695652173913043
04/11/2025 14:53:45,0.25
04/11/2025 14:53:45,0.08695652173913043
04/11/2025 14:53:45,0.19047619047619047
04/11/2025 14:53:46,0.13636363636363635
04/11/2025 14:53:46,0.041666666666666664
04/11/2025 14:53:46,0.13636363636363635
04/11/2025 14:53:46,0.13636363636363635
04/11/2025 14:53:46,0.25
04/11/2025 14:53:46,0.25
04/11/2025 14:53:47,0.25
04/11/2025 14:53:47,0.08695652173913043
04/11/2025 14:53:47,0.19047619047619047
04/11/2025 14:53:47,0.13636363636363635
04/11/2025 14:53:47,0.08695652173913043
04/11/2025 14:53:47,0.08695652173913043
04/11/2025 14:53:48,0.08695652173913043
04/11/2025 14:53:48,0.08695652173913043
04/11/2025 14:53:48,0.19047619047619047
04/11/2025 14:53:48,0.13636363636363635
04/11/2025 14:53:48,0.13636363636363635
04/11/2025 14:53:48,0.19047619047619047
04/11/2025 14:53:49,0.08695652173913043
04/11/2025 14:53:49,0.19047619047619047
04/11/2025 14:53:49,0.08695652173913043
04/11/2025 14:53:49,0.041666666666666664
04/11/2025 14:53:49,0.08695652173913043
04/11/2025 14:53:49,0.041666666666666664
04/11/2025 14:53:50,0.13636363636363635
04/11/2025 14:53:50,0.08695652173913043
04/11/2025 14:53:50,0.08695652173913043
04/11/2025 14:53:50,0.19047619047619047
04/11/2025 14:53:50,0.25
04/11/2025 14:53:50,0.13636363636363635
04/11/2025 14:53:51,0.08695652173913043
04/11/2025 14:53:51,0.08695652173913043
04/11/2025 14:53:51,0.0
04/11/2025 14:53:51,0.13636363636363635
04/11/2025 14:53:51,0.25
04/11/2025 14:53:51,0.08695652173913043
04/11/2025 14:53:52,0.041666666666666664
04/11/2025 14:53:52,0.13636363636363635
04/11/2025 14:53:52,0.13636363636363635
04/11/2025 14:53:52,0.041666666666666664
04/11/2025 14:53:52,0.13636363636363635
04/11/2025 14:53:52,0.25
04/11/2025 14:53:53,0.08695652173913043
04/11/2025 14:53:53,0.25
04/11/2025 14:53:53,0.19047619047619047
04/11/2025 14:53:53,0.25
04/11/2025 14:53:53,0.08695652173913043
04/11/2025 14:53:53,0.08695652173913043
04/11/2025 14:53:54,0.13636363636363635
04/11/2025 14:53:54,0.041666666666666664
04/11/2025 14:53:54,0.13636363636363635
04/11/2025 14:53:54,0.13636363636363635
04/11/2025 14:53:54,0.19047619047619047
04/11/2025 14:53:54,0.08695652173913043
04/11/2025 14:53:55,0.08695652173913043
04/11/2025 14:53:55,0.19047619047619047
04/11/2025 14:53:55,0.13636363636363635
04/11/2025 14:53:55,0.13636363636363635
04/11/2025 14:53:55,0.13636363636363635
04/11/2025 14:53:55,0.25
04/11/2025 14:53:56,0.19047619047619047
04/11/2025 14:53:56,0.13636363636363635
04/11/2025 14:53:56,0.19047619047619047
04/11/2025 14:53:56,0.08695652173913043
04/11/2025 14:53:56,0.19047619047619047
04/11/2025 14:53:56,0.19047619047619047
04/11/2025 14:53:57,0.19047619047619047
04/11/2025 14:53:57,0.25
04/11/2025 14:53:57,0.19047619047619047
04/11/2025 14:53:57,0.25
04/11/2025 14:53:57,0.08695652173913043
04/11/2025 14:53:57,0.08695652173913043
04/11/2025 14:53:58,0.041666666666666664
04/11/2025 14:53:58,0.25
04/11/2025 14:53:58,0.19047619047619047
04/11/2025 14:53:58,0.08695652173913043
04/11/2025 14:53:58,0.13636363636363635
04/11/2025 14:53:58,0.041666666666666664
04/11/2025 14:53:59,0.19047619047619047
04/11/2025 14:53:59,0.19047619047619047
04/11/2025 14:53:59,0.08695652173913043
04/11/2025 14:53:59,0.13636363636363635
04/11/2025 14:53:59,0.08695652173913043
04/11/2025 14:53:59,0.08695652173913043
04/11/2025 14:54:00,0.13636363636363635
04/11/2025 14:54:00,0.19047619047619047
04/11/2025 14:54:00,0.13636363636363635
04/11/2025 14:54:00,0.08695652173913043
04/11/2025 14:54:00,0.19047619047619047
04/11/2025 14:54:00,0.041666666666666664
04/11/2025 14:54:01,0.3157894736842105
04/11/2025 14:54:01,0.13636363636363635
04/11/2025 14:54:01,0.19047619047619047
04/11/2025 14:54:01,0.13636363636363635
04/11/2025 14:54:01,0.25
04/11/2025 14:54:01,0.13636363636363635
04/11/2025 14:54:01,0.13636363636363635
04/11/2025 14:54:02,0.08695652173913043
04/11/2025 14:54:02,0.08695652173913043
04/11/2025 14:54:02,0.13636363636363635
04/11/2025 14:54:02,0.13636363636363635
04/11/2025 14:54:02,0.08695652173913043
04/11/2025 14:54:02,0.19047619047619047
04/11/2025 14:54:03,0.19047619047619047
04/11/2025 14:54:03,0.13636363636363635
04/11/2025 14:54:03,0.08695652173913043
04/11/2025 14:54:03,0.041666666666666664
04/11/2025 14:54:03,0.08695652173913043
04/11/2025 14:54:03,0.08695652173913043
04/11/2025 14:54:04,0.25
04/11/2025 14:54:04,0.25
04/11/2025 14:54:04,0.08695652173913043
04/11/2025 14:54:04,0.08695652173913043
04/11/2025 14:54:04,0.13636363636363635
04/11/2025 14:54:04,0.19047619047619047
04/11/2025 14:54:05,0.08695652173913043
04/11/2025 14:54:05,0.08695652173913043
04/11/2025 14:54:05,0.13636363636363635
04/11/2025 14:54:05,0.25
04/11/2025 14:54:05,0.13636363636363635
04/11/2025 14:54:06,0.19047619047619047
04/11/2025 14:54:06,0.13636363636363635
04/11/2025 14:54:06,0.19047619047619047
04/11/2025 14:54:06,0.041666666666666664
04/11/2025 14:54:06,0.08695652173913043
04/11/2025 14:54:06,0.19047619047619047
04/11/2025 14:54:07,0.08695652173913043
04/11/2025 14:54:07,0.3157894736842105
04/11/2025 14:54:07,0.19047619047619047
04/11/2025 14:54:07,0.08695652173913043
04/11/2025 14:54:07,0.19047619047619047
04/11/2025 14:54:07,0.08695652173913043
04/11/2025 14:54:08,0.19047619047619047
04/11/2025 14:54:08,0.13636363636363635
04/11/2025 14:54:08,0.13636363636363635
04/11/2025 14:54:08,0.08695652173913043
04/11/2025 14:54:08,0.19047619047619047
04/11/2025 14:54:08,0.13636363636363635
04/11/2025 14:54:09,0.041666666666666664
04/11/2025 14:54:09,0.19047619047619047
04/11/2025 14:54:09,0.3157894736842105
04/11/2025 14:54:09,0.08695652173913043
04/11/2025 14:54:09,0.13636363636363635
04/11/2025 14:54:09,0.08695652173913043
04/11/2025 14:54:10,0.13636363636363635
04/11/2025 14:54:10,0.13636363636363635
04/11/2025 14:54:10,0.19047619047619047
04/11/2025 14:54:10,0.25
04/11/2025 14:54:10,0.13636363636363635
04/11/2025 14:54:10,0.25
04/11/2025 14:54:11,0.041666666666666664
04/11/2025 14:54:11,0.08695652173913043
04/11/2025 14:54:11,0.19047619047619047
04/11/2025 14:54:11,0.08695652173913043
04/11/2025 14:54:11,0.13636363636363635
04/11/2025 14:54:11,0.041666666666666664
04/11/2025 14:54:12,0.13636363636363635
04/11/2025 14:54:12,0.041666666666666664
04/11/2025 14:54:12,0.13636363636363635
04/11/2025 14:54:12,0.19047619047619047
04/11/2025 14:54:12,0.08695652173913043
04/11/2025 14:54:12,0.13636363636363635
04/11/2025 14:54:13,0.041666666666666664
04/11/2025 14:54:13,0.19047619047619047
04/11/2025 14:54:13,0.08695652173913043
04/11/2025 14:54:13,0.08695652173913043
04/11/2025 14:54:13,0.13636363636363635
04/11/2025 14:54:13,0.0
04/11/2025 14:54:14,0.19047619047619047
04/11/2025 14:54:14,0.13636363636363635
04/11/2025 14:54:14,0.08695652173913043
04/11/2025 14:54:14,0.08695652173913043
04/11/2025 14:54:14,0.08695652173913043
04/11/2025 14:54:14,0.08695652173913043
04/11/2025 14:54:14,0.041666666666666664
04/11/2025 14:54:15,0.13636363636363635
04/11/2025 14:54:15,0.19047619047619047
04/11/2025 14:54:15,0.3157894736842105
04/11/2025 14:54:15,0.25
04/11/2025 14:54:15,0.08695652173913043
04/11/2025 14:54:16,0.08695652173913043
04/11/2025 14:54:16,0.25
04/11/2025 14:54:16,0.19047619047619047
04/11/2025 14:54:16,0.19047619047619047
04/11/2025 14:54:16,0.041666666666666664
04/11/2025 14:54:16,0.13636363636363635
04/11/2025 14:54:16,0.08695652173913043
04/11/2025 14:54:17,0.041666666666666664
04/11/2025 14:54:17,0.13636363636363635
04/11/2025 14:54:17,0.19047619047619047
04/11/2025 14:54:17,0.25
04/11/2025 14:54:17,0.041666666666666664
04/11/2025 14:54:17,0.13636363636363635
04/11/2025 14:54:18,0.041666666666666664
04/11/2025 14:54:18,0.13636363636363635
04/11/2025 14:54:18,0.13636363636363635
04/11/2025 14:54:18,0.19047619047619047
04/11/2025 14:54:18,0.13636363636363635
04/11/2025 14:54:18,0.13636363636363635
04/11/2025 14:54:19,0.19047619047619047
04/11/2025 14:54:19,0.13636363636363635
04/11/2025 14:54:19,0.13636363636363635
04/11/2025 14:54:19,0.08695652173913043
04/11/2025 14:54:19,0.13636363636363635
04/11/2025 14:54:19,0.13636363636363635
04/11/2025 14:54:20,0.041666666666666664
04/11/2025 14:54:20,0.19047619047619047
04/11/2025 14:54:20,0.08695652173913043
04/11/2025 14:54:20,0.19047619047619047
04/11/2025 14:54:20,0.041666666666666664
04/11/2025 14:54:20,0.08695652173913043
04/11/2025 14:54:20,0.041666666666666664
04/11/2025 14:54:21,0.08695652173913043
04/11/2025 14:54:21,0.19047619047619047
04/11/2025 14:54:21,0.13636363636363635
04/11/2025 14:54:21,0.13636363636363635
04/11/2025 14:54:21,0.25
04/11/2025 14:54:21,0.19047619047619047
04/11/2025 14:54:22,0.13636363636363635
04/11/2025 14:54:22,0.08695652173913043
04/11/2025 14:54:22,0.041666666666666664
04/11/2025 14:54:22,0.08695652173913043
04/11/2025 14:54:22,0.08695652173913043
04/11/2025 14:54:23,0.19047619047619047
04/11/2025 14:54:23,0.19047619047619047
04/11/2025 14:54:23,0.13636363636363635
04/11/2025 14:54:23,0.08695652173913043
04/11/2025 14:54:23,0.08695652173913043
04/11/2025 14:54:23,0.13636363636363635
04/11/2025 14:54:23,0.3888888888888889
04/11/2025 14:54:24,0.19047619047619047
04/11/2025 14:54:24,0.25
04/11/2025 14:54:24,0.041666666666666664
04/11/2025 14:54:24,0.19047619047619047
04/11/2025 14:54:24,0.19047619047619047
04/11/2025 14:54:24,0.19047619047619047
04/11/2025 14:54:25,0.13636363636363635
04/11/2025 14:54:25,0.08695652173913043
04/11/2025 14:54:25,0.08695652173913043
04/11/2025 14:54:25,0.13636363636363635
04/11/2025 14:54:25,0.25
04/11/2025 14:54:25,0.08695652173913043
04/11/2025 14:54:26,0.19047619047619047
04/11/2025 14:54:26,0.041666666666666664
04/11/2025 14:54:26,0.13636363636363635
04/11/2025 14:54:26,0.13636363636363635
04/11/2025 14:54:26,0.08695652173913043
04/11/2025 14:54:26,0.13636363636363635
04/11/2025 14:54:27,0.13636363636363635
04/11/2025 14:54:27,0.08695652173913043
04/11/2025 14:54:27,0.08695652173913043
04/11/2025 14:54:27,0.13636363636363635
04/11/2025 14:54:27,0.08695652173913043
04/11/2025 14:54:27,0.13636363636363635
04/11/2025 14:54:28,0.19047619047619047
04/11/2025 14:54:28,0.3157894736842105
04/11/2025 14:54:28,0.13636363636363635
04/11/2025 14:54:28,0.13636363636363635
04/11/2025 14:54:28,0.08695652173913043
04/11/2025 14:54:28,0.13636363636363635
04/11/2025 14:54:29,0.13636363636363635
04/11/2025 14:54:29,0.19047619047619047
04/11/2025 14:54:29,0.13636363636363635
04/11/2025 14:54:29,0.19047619047619047
04/11/2025 14:54:29,0.13636363636363635
04/11/2025 14:54:29,0.041666666666666664
04/11/2025 14:54:29,0.13636363636363635
04/11/2025 14:54:30,0.041666666666666664
04/11/2025 14:54:30,0.19047619047619047
04/11/2025 14:54:30,0.25
04/11/2025 14:54:30,0.041666666666666664
04/11/2025 14:54:30,0.08695652173913043
04/11/2025 14:54:30,0.08695652173913043
04/11/2025 14:54:31,0.08695652173913043
04/11/2025 14:54:31,0.08695652173913043
04/11/2025 14:54:31,0.13636363636363635
04/11/2025 14:54:31,0.3157894736842105
04/11/2025 14:54:31,0.19047619047619047
04/11/2025 14:54:31,0.13636363636363635
04/11/2025 14:54:32,0.08695652173913043
04/11/2025 14:54:32,0.19047619047619047
04/11/2025 14:54:32,0.041666666666666664
04/11/2025 14:54:32,0.13636363636363635
04/11/2025 14:54:32,0.08695652173913043
04/11/2025 14:54:32,0.08695652173913043
04/11/2025 14:54:33,0.08695652173913043
04/11/2025 14:54:33,0.08695652173913043
04/11/2025 14:54:33,0.08695652173913043
04/11/2025 14:54:33,0.25
04/11/2025 14:54:33,0.13636363636363635
04/11/2025 14:54:33,0.13636363636363635
04/11/2025 14:54:33,0.19047619047619047
04/11/2025 14:54:34,0.08695652173913043
04/11/2025 14:54:34,0.13636363636363635
04/11/2025 14:54:34,0.08695652173913043
04/11/2025 14:54:34,0.13636363636363635
04/11/2025 14:54:34,0.25
04/11/2025 14:54:34,0.041666666666666664
04/11/2025 14:54:35,0.25
04/11/2025 14:54:35,0.19047619047619047
04/11/2025 14:54:35,0.08695652173913043
04/11/2025 14:54:35,0.0
04/11/2025 14:54:35,0.041666666666666664
04/11/2025 14:54:35,0.08695652173913043
04/11/2025 14:54:36,0.13636363636363635
04/11/2025 14:54:36,0.041666666666666664
04/11/2025 14:54:36,0.13636363636363635
04/11/2025 14:54:36,0.13636363636363635
04/11/2025 14:54:36,0.19047619047619047
04/11/2025 14:54:36,0.0
04/11/2025 14:54:37,0.19047619047619047
04/11/2025 14:54:37,0.19047619047619047
04/11/2025 14:54:37,0.08695652173913043
04/11/2025 14:54:37,0.19047619047619047
04/11/2025 14:54:37,0.08695652173913043
04/11/2025 14:54:37,0.13636363636363635
04/11/2025 14:54:37,0.13636363636363635
04/11/2025 14:54:38,0.25
04/11/2025 14:54:38,0.08695652173913043
04/11/2025 14:54:38,0.25
04/11/2025 14:54:38,0.13636363636363635
04/11/2025 14:54:38,0.08695652173913043
04/11/2025 14:54:38,0.13636363636363635
04/11/2025 14:54:39,0.08695652173913043
04/11/2025 14:54:39,0.08695652173913043
04/11/2025 14:54:39,0.0
04/11/2025 14:54:39,0.19047619047619047
04/11/2025 14:54:39,0.19047619047619047
04/11/2025 14:54:39,0.041666666666666664
04/11/2025 14:54:40,0.25
04/11/2025 14:54:40,0.25
04/11/2025 14:54:40,0.08695652173913043
04/11/2025 14:54:40,0.25
04/11/2025 14:54:40,0.19047619047619047
04/11/2025 14:54:40,0.13636363636363635
04/11/2025 14:54:41,0.3157894736842105
04/11/2025 14:54:41,0.08695652173913043
04/11/2025 14:54:41,0.13636363636363635
04/11/2025 14:54:41,0.08695652173913043
04/11/2025 14:54:41,0.08695652173913043
04/11/2025 14:54:41,0.041666666666666664
04/11/2025 14:54:41,0.25
04/11/2025 14:54:42,0.13636363636363635
04/11/2025 14:54:42,0.19047619047619047
04/11/2025 14:54:42,0.13636363636363635
04/11/2025 14:54:42,0.13636363636363635
04/11/2025 14:54:42,0.19047619047619047
04/11/2025 14:54:42,0.13636363636363635
04/11/2025 14:54:43,0.19047619047619047
04/11/2025 14:54:43,0.19047619047619047
04/11/2025 14:54:43,0.13636363636363635
04/11/2025 14:54:43,0.3157894736842105
04/11/2025 14:54:43,0.13636363636363635
04/11/2025 14:54:43,0.041666666666666664
04/11/2025 14:54:44,0.13636363636363635
04/11/2025 14:54:44,0.041666666666666664
04/11/2025 14:54:44,0.08695652173913043
04/11/2025 14:54:44,0.3157894736842105
04/11/2025 14:54:44,0.041666666666666664
04/11/2025 14:54:44,0.13636363636363635
04/11/2025 14:54:44,0.19047619047619047
04/11/2025 14:54:45,0.08695652173913043
04/11/2025 14:54:45,0.19047619047619047
04/11/2025 14:54:45,0.13636363636363635
04/11/2025 14:54:45,0.19047619047619047
04/11/2025 14:54:45,0.19047619047619047
04/11/2025 14:54:45,0.08695652173913043
04/11/2025 14:54:46,0.13636363636363635
04/11/2025 14:54:46,0.13636363636363635
04/11/2025 14:54:46,0.3157894736842105
04/11/2025 14:54:46,0.19047619047619047
04/11/2025 14:54:46,0.041666666666666664
04/11/2025 14:54:46,0.3888888888888889
04/11/2025 14:54:47,0.19047619047619047
04/11/2025 14:54:47,0.25
04/11/2025 14:54:47,0.08695652173913043
04/11/2025 14:54:47,0.13636363636363635
04/11/2025 14:54:47,0.25
04/11/2025 14:54:47,0.13636363636363635
04/11/2025 14:54:47,0.08695652173913043
04/11/2025 14:54:48,0.25
04/11/2025 14:54:48,0.13636363636363635
04/11/2025 14:54:48,0.13636363636363635
04/11/2025 14:54:48,0.3157894736842105
04/11/2025 14:54:48,0.25
04/11/2025 14:54:48,0.13636363636363635
04/11/2025 14:54:49,0.13636363636363635
04/11/2025 14:54:49,0.13636363636363635
04/11/2025 14:54:49,0.19047619047619047
04/11/2025 14:54:49,0.25
04/11/2025 14:54:49,0.08695652173913043
04/11/2025 14:54:49,0.13636363636363635
04/11/2025 14:54:50,0.13636363636363635
04/11/2025 14:54:50,0.19047619047619047
04/11/2025 14:54:50,0.19047619047619047
04/11/2025 14:54:50,0.08695652173913043
04/11/2025 14:54:50,0.08695652173913043
04/11/2025 14:54:50,0.19047619047619047
04/11/2025 14:54:51,0.08695652173913043
04/11/2025 14:54:51,0.08695652173913043
04/11/2025 14:54:51,0.19047619047619047
04/11/2025 14:54:51,0.08695652173913043
04/11/2025 14:54:51,0.08695652173913043
04/11/2025 14:54:51,0.13636363636363635
04/11/2025 14:54:51,0.13636363636363635
04/11/2025 14:54:52,0.08695652173913043
04/11/2025 14:54:52,0.08695652173913043
04/11/2025 14:54:52,0.19047619047619047
04/11/2025 14:54:52,0.08695652173913043
04/11/2025 14:54:52,0.08695652173913043
04/11/2025 14:54:52,0.19047619047619047
04/11/2025 14:54:53,0.08695652173913043
04/11/2025 14:54:53,0.13636363636363635
04/11/2025 14:54:53,0.08695652173913043
04/11/2025 14:54:53,0.08695652173913043
04/11/2025 14:54:53,0.19047619047619047
04/11/2025 14:54:53,0.041666666666666664
04/11/2025 14:54:54,0.0
04/11/2025 14:54:54,0.25
04/11/2025 14:54:54,0.13636363636363635
04/11/2025 14:54:54,0.13636363636363635
04/11/2025 14:54:54,0.13636363636363635
04/11/2025 14:54:54,0.08695652173913043
04/11/2025 14:54:55,0.08695652173913043
04/11/2025 14:54:55,0.19047619047619047
04/11/2025 14:54:55,0.13636363636363635
04/11/2025 14:54:55,0.08695652173913043
04/11/2025 14:54:55,0.19047619047619047
04/11/2025 14:54:55,0.13636363636363635
04/11/2025 14:54:55,0.13636363636363635
04/11/2025 14:54:56,0.0
04/11/2025 14:54:56,0.13636363636363635
04/11/2025 14:54:56,0.13636363636363635
04/11/2025 14:54:56,0.13636363636363635
04/11/2025 14:54:56,0.13636363636363635
04/11/2025 14:54:56,0.13636363636363635
04/11/2025 14:54:57,0.19047619047619047
04/11/2025 14:54:57,0.041666666666666664
04/11/2025 14:54:57,0.25
04/11/2025 14:54:57,0.13636363636363635
04/11/2025 14:54:57,0.13636363636363635
04/11/2025 14:54:57,0.041666666666666664
04/11/2025 14:54:58,0.13636363636363635
04/11/2025 14:54:58,0.25
04/11/2025 14:54:58,0.13636363636363635
04/11/2025 14:54:58,0.041666666666666664
04/11/2025 14:54:58,0.0
04/11/2025 14:54:58,0.08695652173913043
04/11/2025 14:54:59,0.19047619047619047
04/11/2025 14:54:59,0.08695652173913043
04/11/2025 14:54:59,0.19047619047619047
04/11/2025 14:54:59,0.08695652173913043
04/11/2025 14:54:59,0.08695652173913043
04/11/2025 14:54:59,0.13636363636363635
04/11/2025 14:54:59,0.13636363636363635
04/11/2025 14:55:00,0.08695652173913043
04/11/2025 14:55:00,0.08695652173913043
04/11/2025 14:55:00,0.08695652173913043
04/11/2025 14:55:00,0.08695652173913043
04/11/2025 14:55:00,0.041666666666666664
04/11/2025 14:55:00,0.13636363636363635
04/11/2025 14:55:01,0.3888888888888889
04/11/2025 14:55:01,0.13636363636363635
04/11/2025 14:55:01,0.08695652173913043
04/11/2025 14:55:01,0.13636363636363635
04/11/2025 14:55:01,0.13636363636363635
04/11/2025 14:55:01,0.08695652173913043
04/11/2025 14:55:02,0.3157894736842105
04/11/2025 14:55:02,0.13636363636363635
04/11/2025 14:55:02,0.25
04/11/2025 14:55:02,0.19047619047619047
04/11/2025 14:55:02,0.13636363636363635
04/11/2025 14:55:02,0.13636363636363635
04/11/2025 14:55:03,0.13636363636363635
04/11/2025 14:55:03,0.25
04/11/2025 14:55:03,0.08695652173913043
04/11/2025 14:55:03,0.3157894736842105
04/11/2025 14:55:03,0.041666666666666664
04/11/2025 14:55:03,0.19047619047619047
04/11/2025 14:55:04,0.041666666666666664
04/11/2025 14:55:04,0.08695652173913043
04/11/2025 14:55:04,0.08695652173913043
04/11/2025 14:55:04,0.041666666666666664
04/11/2025 14:55:04,0.08695652173913043
04/11/2025 14:55:04,0.19047619047619047
04/11/2025 14:55:05,0.19047619047619047
04/11/2025 14:55:05,0.3157894736842105
04/11/2025 14:55:05,0.08695652173913043
04/11/2025 14:55:05,0.19047619047619047
04/11/2025 14:55:05,0.19047619047619047
04/11/2025 14:55:05,0.0
04/11/2025 14:55:06,0.13636363636363635
04/11/2025 14:55:06,0.041666666666666664
04/11/2025 14:55:06,0.08695652173913043
04/11/2025 14:55:06,0.19047619047619047
04/11/2025 14:55:06,0.19047619047619047
04/11/2025 14:55:06,0.25
04/11/2025 14:55:07,0.13636363636363635
04/11/2025 14:55:07,0.13636363636363635
04/11/2025 14:55:07,0.13636363636363635
04/11/2025 14:55:07,0.13636363636363635
04/11/2025 14:55:07,0.25
04/11/2025 14:55:07,0.041666666666666664
04/11/2025 14:55:08,0.08695652173913043
04/11/2025 14:55:08,0.08695652173913043
04/11/2025 14:55:08,0.08695652173913043
04/11/2025 14:55:08,0.041666666666666664
04/11/2025 14:55:08,0.13636363636363635
04/11/2025 14:55:08,0.13636363636363635
04/11/2025 14:55:08,0.19047619047619047
04/11/2025 14:55:09,0.041666666666666664
04/11/2025 14:55:09,0.0
04/11/2025 14:55:09,0.19047619047619047
04/11/2025 14:55:09,0.19047619047619047
04/11/2025 14:55:09,0.08695652173913043
04/11/2025 14:55:09,0.041666666666666664
04/11/2025 14:55:10,0.08695652173913043
04/11/2025 14:55:10,0.041666666666666664
04/11/2025 14:55:10,0.08695652173913043
04/11/2025 14:55:10,0.13636363636363635
04/11/2025 14:55:10,0.3157894736842105
04/11/2025 14:55:10,0.08695652173913043
04/11/2025 14:55:11,0.13636363636363635
04/11/2025 14:55:11,0.13636363636363635
04/11/2025 14:55:11,0.13636363636363635
04/11/2025 14:55:11,0.08695652173913043
04/11/2025 14:55:11,0.13636363636363635
04/11/2025 14:55:11,0.13636363636363635
04/11/2025 14:55:12,0.08695652173913043
04/11/2025 14:55:12,0.08695652173913043
04/11/2025 14:55:12,0.08695652173913043
04/11/2025 14:55:12,0.3157894736842105
04/11/2025 14:55:12,0.19047619047619047
04/11/2025 14:55:12,0.19047619047619047
04/11/2025 14:55:13,0.19047619047619047
04/11/2025 14:55:13,0.13636363636363635
04/11/2025 14:55:13,0.13636363636363635
04/11/2025 14:55:13,0.13636363636363635
04/11/2025 14:55:13,0.08695652173913043
04/11/2025 14:55:13,0.13636363636363635
04/11/2025 14:55:14,0.3157894736842105
04/11/2025 14:55:14,0.3888888888888889
04/11/2025 14:55:14,0.19047619047619047
04/11/2025 14:55:14,0.08695652173913043
04/11/2025 14:55:14,0.13636363636363635
04/11/2025 14:55:14,0.041666666666666664
04/11/2025 14:55:15,0.19047619047619047
04/11/2025 14:55:15,0.13636363636363635
04/11/2025 14:55:15,0.08695652173913043
04/11/2025 14:55:15,0.25
04/11/2025 14:55:15,0.0
04/11/2025 14:55:15,0.13636363636363635
04/11/2025 14:55:16,0.13636363636363635
04/11/2025 14:55:16,0.041666666666666664
04/11/2025 14:55:16,0.13636363636363635
04/11/2025 14:55:16,0.25
04/11/2025 14:55:16,0.19047619047619047
04/11/2025 14:55:16,0.13636363636363635
04/11/2025 14:55:16,0.3157894736842105
04/11/2025 14:55:17,0.08695652173913043
04/11/2025 14:55:17,0.08695652173913043
04/11/2025 14:55:17,0.08695652173913043
04/11/2025 14:55:17,0.13636363636363635
04/11/2025 14:55:17,0.08695652173913043
04/11/2025 14:55:17,0.041666666666666664
04/11/2025 14:55:18,0.13636363636363635
04/11/2025 14:55:18,0.041666666666666664
04/11/2025 14:55:18,0.13636363636363635
04/11/2025 14:55:18,0.0
04/11/2025 14:55:18,0.13636363636363635
04/11/2025 14:55:18,0.041666666666666664
04/11/2025 14:55:19,0.25
04/11/2025 14:55:19,0.08695652173913043
04/11/2025 14:55:19,0.041666666666666664
04/11/2025 14:55:19,0.041666666666666664
04/11/2025 14:55:19,0.041666666666666664
04/11/2025 14:55:19,0.08695652173913043
04/11/2025 14:55:20,0.08695652173913043
04/11/2025 14:55:20,0.08695652173913043
04/11/2025 14:55:20,0.08695652173913043
04/11/2025 14:55:20,0.08695652173913043
04/11/2025 14:55:20,0.13636363636363635
04/11/2025 14:55:20,0.19047619047619047
04/11/2025 14:55:21,0.08695652173913043
04/11/2025 14:55:21,0.13636363636363635
04/11/2025 14:55:21,0.08695652173913043
04/11/2025 14:55:21,0.08695652173913043
04/11/2025 14:55:21,0.08695652173913043
04/11/2025 14:55:21,0.19047619047619047
04/11/2025 14:55:22,0.08695652173913043
04/11/2025 14:55:22,0.13636363636363635
04/11/2025 14:55:22,0.041666666666666664
04/11/2025 14:55:22,0.08695652173913043
04/11/2025 14:55:22,0.041666666666666664
04/11/2025 14:55:22,0.13636363636363635
04/11/2025 14:55:23,0.0
04/11/2025 14:55:23,0.13636363636363635
04/11/2025 14:55:23,0.13636363636363635
04/11/2025 14:55:23,0.13636363636363635
04/11/2025 14:55:23,0.3157894736842105
04/11/2025 14:55:23,0.13636363636363635
04/11/2025 14:55:23,0.041666666666666664
04/11/2025 14:55:24,0.08695652173913043
04/11/2025 14:55:24,0.13636363636363635
04/11/2025 14:55:24,0.13636363636363635
04/11/2025 14:55:24,0.08695652173913043
04/11/2025 14:55:24,0.08695652173913043
04/11/2025 14:55:24,0.08695652173913043
04/11/2025 14:55:25,0.041666666666666664
04/11/2025 14:55:25,0.13636363636363635
04/11/2025 14:55:25,0.08695652173913043
04/11/2025 14:55:25,0.19047619047619047
04/11/2025 14:55:25,0.08695652173913043
04/11/2025 14:55:25,0.08695652173913043
04/11/2025 14:55:26,0.08695652173913043
04/11/2025 14:55:26,0.13636363636363635
04/11/2025 14:55:26,0.08695652173913043
04/11/2025 14:55:26,0.19047619047619047
04/11/2025 14:55:26,0.19047619047619047
04/11/2025 14:55:26,0.041666666666666664
04/11/2025 14:55:27,0.13636363636363635
04/11/2025 14:55:27,0.13636363636363635
04/11/2025 14:55:27,0.13636363636363635
04/11/2025 14:55:27,0.19047619047619047
04/11/2025 14:55:27,0.13636363636363635
04/11/2025 14:55:27,0.13636363636363635
04/11/2025 14:55:28,0.13636363636363635
04/11/2025 14:55:28,0.041666666666666664
04/11/2025 14:55:28,0.08695652173913043
04/11/2025 14:55:28,0.19047619047619047
04/11/2025 14:55:28,0.13636363636363635
04/11/2025 14:55:28,0.13636363636363635
04/11/2025 14:55:29,0.25
04/11/2025 14:55:29,0.13636363636363635
04/11/2025 14:55:29,0.08695652173913043
04/11/2025 14:55:29,0.08695652173913043
04/11/2025 14:55:29,0.08695652173913043
04/11/2025 14:55:29,0.25
04/11/2025 14:55:30,0.13636363636363635
04/11/2025 14:55:30,0.25
04/11/2025 14:55:30,0.13636363636363635
04/11/2025 14:55:30,0.13636363636363635
04/11/2025 14:55:30,0.041666666666666664
04/11/2025 14:55:30,0.19047619047619047
04/11/2025 14:55:31,0.13636363636363635
04/11/2025 14:55:31,0.08695652173913043
04/11/2025 14:55:31,0.08695652173913043
04/11/2025 14:55:31,0.13636363636363635
04/11/2025 14:55:31,0.13636363636363635
04/11/2025 14:55:31,0.19047619047619047
04/11/2025 14:55:32,0.13636363636363635
04/11/2025 14:55:32,0.13636363636363635
04/11/2025 14:55:32,0.13636363636363635
04/11/2025 14:55:32,0.041666666666666664
04/11/2025 14:55:32,0.041666666666666664
04/11/2025 14:55:33,0.19047619047619047
04/11/2025 14:55:33,0.08695652173913043
04/11/2025 14:55:33,0.041666666666666664
04/11/2025 14:55:33,0.08695652173913043
04/11/2025 14:55:33,0.041666666666666664
04/11/2025 14:55:33,0.19047619047619047
04/11/2025 14:55:34,0.13636363636363635
04/11/2025 14:55:34,0.19047619047619047
04/11/2025 14:55:34,0.13636363636363635
04/11/2025 14:55:34,0.08695652173913043
04/11/2025 14:55:34,0.19047619047619047
04/11/2025 14:55:34,0.13636363636363635
04/11/2025 14:55:34,0.19047619047619047
04/11/2025 14:55:35,0.13636363636363635
04/11/2025 14:55:35,0.13636363636363635
04/11/2025 14:55:35,0.19047619047619047
04/11/2025 14:55:35,0.13636363636363635
04/11/2025 14:55:35,0.13636363636363635
04/11/2025 14:55:35,0.13636363636363635
04/11/2025 14:55:36,0.08695652173913043
04/11/2025 14:55:36,0.041666666666666664
04/11/2025 14:55:36,0.13636363636363635
04/11/2025 14:55:36,0.13636363636363635
04/11/2025 14:55:36,0.25
04/11/2025 14:55:36,0.13636363636363635
04/11/2025 14:55:37,0.08695652173913043
04/11/2025 14:55:37,0.19047619047619047
04/11/2025 14:55:37,0.13636363636363635
04/11/2025 14:55:37,0.13636363636363635
04/11/2025 14:55:37,0.19047619047619047
04/11/2025 14:55:37,0.08695652173913043
04/11/2025 14:55:38,0.08695652173913043
04/11/2025 14:55:38,0.08695652173913043
04/11/2025 14:55:38,0.13636363636363635
04/11/2025 14:55:38,0.08695652173913043
04/11/2025 14:55:38,0.13636363636363635
04/11/2025 14:55:38,0.041666666666666664
04/11/2025 14:55:39,0.25
04/11/2025 14:55:39,0.08695652173913043
04/11/2025 14:55:39,0.19047619047619047
04/11/2025 14:55:39,0.25
04/11/2025 14:55:39,0.13636363636363635
04/11/2025 14:55:39,0.13636363636363635
04/11/2025 14:55:40,0.08695652173913043
04/11/2025 14:55:40,0.08695652173913043
04/11/2025 14:55:40,0.13636363636363635
04/11/2025 14:55:40,0.13636363636363635
04/11/2025 14:55:40,0.19047619047619047
04/11/2025 14:55:40,0.19047619047619047
04/11/2025 14:55:41,0.19047619047619047
04/11/2025 14:55:41,0.19047619047619047
04/11/2025 14:55:41,0.13636363636363635
04/11/2025 14:55:41,0.19047619047619047
04/11/2025 14:55:41,0.19047619047619047
04/11/2025 14:55:41,0.13636363636363635
04/11/2025 14:55:42,0.13636363636363635
04/11/2025 14:55:42,0.13636363636363635
04/11/2025 14:55:42,0.08695652173913043
04/11/2025 14:55:42,0.25
04/11/2025 14:55:42,0.19047619047619047
04/11/2025 14:55:42,0.13636363636363635
04/11/2025 14:55:43,0.25
04/11/2025 14:55:43,0.08695652173913043
04/11/2025 14:55:43,0.041666666666666664
04/11/2025 14:55:43,0.041666666666666664
04/11/2025 14:55:43,0.19047619047619047
04/11/2025 14:55:43,0.13636363636363635
04/11/2025 14:55:44,0.13636363636363635
04/11/2025 14:55:44,0.13636363636363635
04/11/2025 14:55:44,0.13636363636363635
04/11/2025 14:55:44,0.13636363636363635
04/11/2025 14:55:44,0.08695652173913043
04/11/2025 14:55:44,0.13636363636363635
04/11/2025 14:55:45,0.25
04/11/2025 14:55:45,0.19047619047619047
04/11/2025 14:55:45,0.19047619047619047
04/11/2025 14:55:45,0.19047619047619047
04/11/2025 14:55:45,0.13636363636363635
04/11/2025 14:55:45,0.25
04/11/2025 14:55:45,0.19047619047619047
04/11/2025 14:55:46,0.08695652173913043
04/11/2025 14:55:46,0.08695652173913043
04/11/2025 14:55:46,0.13636363636363635
04/11/2025 14:55:46,0.08695652173913043
04/11/2025 14:55:46,0.08695652173913043
04/11/2025 14:55:46,0.3888888888888889
04/11/2025 14:55:47,0.08695652173913043
04/11/2025 14:55:47,0.13636363636363635
04/11/2025 14:55:47,0.08695652173913043
04/11/2025 14:55:47,0.19047619047619047
04/11/2025 14:55:47,0.041666666666666664
04/11/2025 14:55:48,0.08695652173913043
04/11/2025 14:55:48,0.13636363636363635
04/11/2025 14:55:48,0.08695652173913043
04/11/2025 14:55:48,0.13636363636363635
04/11/2025 14:55:48,0.25
04/11/2025 14:55:48,0.19047619047619047
04/11/2025 14:55:49,0.08695652173913043
04/11/2025 14:55:49,0.13636363636363635
04/11/2025 14:55:49,0.13636363636363635
04/11/2025 14:55:49,0.13636363636363635
04/11/2025 14:55:49,0.041666666666666664
04/11/2025 14:55:49,0.08695652173913043
04/11/2025 14:55:50,0.041666666666666664
04/11/2025 14:55:50,0.08695652173913043
04/11/2025 14:55:50,0.041666666666666664
04/11/2025 14:55:50,0.08695652173913043
04/11/2025 14:55:50,0.041666666666666664
04/11/2025 14:55:50,0.13636363636363635
04/11/2025 14:55:51,0.19047619047619047
04/11/2025 14:55:51,0.13636363636363635
04/11/2025 14:55:51,0.19047619047619047
04/11/2025 14:55:51,0.08695652173913043
04/11/2025 14:55:51,0.13636363636363635
04/11/2025 14:55:51,0.13636363636363635
04/11/2025 14:55:52,0.13636363636363635
04/11/2025 14:55:52,0.3157894736842105
04/11/2025 14:55:52,0.19047619047619047
04/11/2025 14:55:52,0.13636363636363635
04/11/2025 14:55:52,0.19047619047619047
04/11/2025 14:55:52,0.25
04/11/2025 14:55:53,0.19047619047619047
04/11/2025 14:55:53,0.08695652173913043
04/11/2025 14:55:53,0.19047619047619047
04/11/2025 14:55:53,0.13636363636363635
04/11/2025 14:55:53,0.19047619047619047
04/11/2025 14:55:53,0.13636363636363635
04/11/2025 14:55:54,0.19047619047619047
04/11/2025 14:55:54,0.13636363636363635
04/11/2025 14:55:54,0.08695652173913043
04/11/2025 14:55:54,0.0
04/11/2025 14:55:54,0.19047619047619047
04/11/2025 14:55:54,0.3157894736842105
04/11/2025 14:55:55,0.25
04/11/2025 14:55:55,0.08695652173913043
04/11/2025 14:55:55,0.08695652173913043
04/11/2025 14:55:55,0.3157894736842105
04/11/2025 14:55:55,0.3157894736842105
04/11/2025 14:55:55,0.13636363636363635
04/11/2025 14:55:56,0.08695652173913043
04/11/2025 14:55:56,0.19047619047619047
04/11/2025 14:55:56,0.08695652173913043
04/11/2025 14:55:56,0.19047619047619047
04/11/2025 14:55:56,0.25
04/11/2025 14:55:56,0.13636363636363635
04/11/2025 14:55:57,0.19047619047619047
04/11/2025 14:55:57,0.08695652173913043
04/11/2025 14:55:57,0.08695652173913043
04/11/2025 14:55:57,0.08695652173913043
04/11/2025 14:55:57,0.13636363636363635
04/11/2025 14:55:57,0.08695652173913043
04/11/2025 14:55:58,0.041666666666666664
04/11/2025 14:55:58,0.08695652173913043
04/11/2025 14:55:58,0.19047619047619047
04/11/2025 14:55:58,0.13636363636363635
04/11/2025 14:55:58,0.13636363636363635
04/11/2025 14:55:58,0.08695652173913043
04/11/2025 14:55:59,0.08695652173913043
04/11/2025 14:55:59,0.19047619047619047
04/11/2025 14:55:59,0.25
04/11/2025 14:55:59,0.3157894736842105
04/11/2025 14:55:59,0.13636363636363635
04/11/2025 14:55:59,0.13636363636363635
04/11/2025 14:56:00,0.19047619047619047
04/11/2025 14:56:00,0.19047619047619047
04/11/2025 14:56:00,0.13636363636363635
04/11/2025 14:56:00,0.08695652173913043
04/11/2025 14:56:00,0.08695652173913043
04/11/2025 14:56:00,0.13636363636363635
04/11/2025 14:56:00,0.041666666666666664
04/11/2025 14:56:01,0.13636363636363635
04/11/2025 14:56:01,0.08695652173913043
04/11/2025 14:56:01,0.08695652173913043
04/11/2025 14:56:01,0.13636363636363635
04/11/2025 14:56:01,0.08695652173913043
04/11/2025 14:56:01,0.08695652173913043
04/11/2025 14:56:02,0.13636363636363635
04/11/2025 14:56:02,0.19047619047619047
04/11/2025 14:56:02,0.041666666666666664
04/11/2025 14:56:02,0.13636363636363635
04/11/2025 14:56:02,0.25
04/11/2025 14:56:02,0.19047619047619047
04/11/2025 14:56:03,0.13636363636363635
04/11/2025 14:56:03,0.13636363636363635
04/11/2025 14:56:03,0.0
04/11/2025 14:56:03,0.08695652173913043
04/11/2025 14:56:03,0.041666666666666664
04/11/2025 14:56:03,0.08695652173913043
04/11/2025 14:56:04,0.13636363636363635
04/11/2025 14:56:04,0.13636363636363635
04/11/2025 14:56:04,0.041666666666666664
04/11/2025 14:56:04,0.13636363636363635
04/11/2025 14:56:04,0.25
04/11/2025 14:56:04,0.13636363636363635
04/11/2025 14:56:04,0.13636363636363635
04/11/2025 14:56:05,0.25
04/11/2025 14:56:05,0.08695652173913043
04/11/2025 14:56:05,0.08695652173913043
04/11/2025 14:56:05,0.08695652173913043
04/11/2025 14:56:05,0.13636363636363635
04/11/2025 14:56:05,0.19047619047619047
04/11/2025 14:56:06,0.25
04/11/2025 14:56:06,0.3157894736842105
04/11/2025 14:56:06,0.25
04/11/2025 14:56:06,0.041666666666666664
04/11/2025 14:56:06,0.19047619047619047
04/11/2025 14:56:06,0.3157894736842105
04/11/2025 14:56:07,0.13636363636363635
04/11/2025 14:56:07,0.13636363636363635
04/11/2025 14:56:07,0.19047619047619047
04/11/2025 14:56:07,0.19047619047619047
04/11/2025 14:56:07,0.041666666666666664
04/11/2025 14:56:07,0.08695652173913043
04/11/2025 14:56:08,0.08695652173913043
04/11/2025 14:56:08,0.08695652173913043
04/11/2025 14:56:08,0.25
04/11/2025 14:56:08,0.3157894736842105
04/11/2025 14:56:08,0.08695652173913043
04/11/2025 14:56:08,0.08695652173913043
04/11/2025 14:56:09,0.19047619047619047
04/11/2025 14:56:09,0.13636363636363635
04/11/2025 14:56:09,0.13636363636363635
04/11/2025 14:56:09,0.13636363636363635
04/11/2025 14:56:09,0.19047619047619047
04/11/2025 14:56:09,0.13636363636363635
04/11/2025 14:56:10,0.13636363636363635
04/11/2025 14:56:10,0.25
04/11/2025 14:56:10,0.19047619047619047
04/11/2025 14:56:10,0.13636363636363635
04/11/2025 14:56:10,0.08695652173913043
04/11/2025 14:56:10,0.08695652173913043
04/11/2025 14:56:11,0.19047619047619047
04/11/2025 14:56:11,0.08695652173913043
04/11/2025 14:56:11,0.25
04/11/2025 14:56:11,0.25
04/11/2025 14:56:11,0.13636363636363635
04/11/2025 14:56:11,0.25
04/11/2025 14:56:12,0.08695652173913043
04/11/2025 14:56:12,0.08695652173913043
04/11/2025 14:56:12,0.13636363636363635
04/11/2025 14:56:12,0.13636363636363635
04/11/2025 14:56:12,0.13636363636363635
04/11/2025 14:56:12,0.13636363636363635
04/11/2025 14:56:12,0.25
04/11/2025 14:56:13,0.08695652173913043
04/11/2025 14:56:13,0.19047619047619047
04/11/2025 14:56:13,0.13636363636363635
04/11/2025 14:56:13,0.25
04/11/2025 14:56:13,0.08695652173913043
04/11/2025 14:56:13,0.19047619047619047
04/11/2025 14:56:14,0.041666666666666664
04/11/2025 14:56:14,0.08695652173913043
04/11/2025 14:56:14,0.25
04/11/2025 14:56:14,0.041666666666666664
04/11/2025 14:56:14,0.19047619047619047
04/11/2025 14:56:14,0.041666666666666664
04/11/2025 14:56:15,0.13636363636363635
04/11/2025 14:56:15,0.13636363636363635
04/11/2025 14:56:15,0.13636363636363635
04/11/2025 14:56:15,0.13636363636363635
04/11/2025 14:56:15,0.08695652173913043
04/11/2025 14:56:15,0.19047619047619047
04/11/2025 14:56:16,0.13636363636363635
04/11/2025 14:56:16,0.08695652173913043
04/11/2025 14:56:16,0.0
04/11/2025 14:56:16,0.13636363636363635
04/11/2025 14:56:16,0.08695652173913043
04/11/2025 14:56:16,0.08695652173913043
04/11/2025 14:56:17,0.3157894736842105
04/11/2025 14:56:17,0.19047619047619047
04/11/2025 14:56:17,0.08695652173913043
04/11/2025 14:56:17,0.08695652173913043
04/11/2025 14:56:17,0.041666666666666664
04/11/2025 14:56:17,0.08695652173913043
04/11/2025 14:56:17,0.08695652173913043
04/11/2025 14:56:18,0.13636363636363635
04/11/2025 14:56:18,0.19047619047619047
04/11/2025 14:56:18,0.08695652173913043
04/11/2025 14:56:18,0.08695652173913043
04/11/2025 14:56:18,0.08695652173913043
04/11/2025 14:56:18,0.3157894736842105
04/11/2025 14:56:19,0.13636363636363635
04/11/2025 14:56:19,0.13636363636363635
04/11/2025 14:56:19,0.19047619047619047
04/11/2025 14:56:19,0.19047619047619047
04/11/2025 14:56:19,0.19047619047619047
04/11/2025 14:56:19,0.25
04/11/2025 14:56:20,0.13636363636363635
04/11/2025 14:56:20,0.13636363636363635
04/11/2025 14:56:20,0.13636363636363635
04/11/2025 14:56:20,0.041666666666666664
04/11/2025 14:56:20,0.13636363636363635
04/11/2025 14:56:20,0.19047619047619047
04/11/2025 14:56:21,0.19047619047619047
04/11/2025 14:56:21,0.19047619047619047
04/11/2025 14:56:21,0.08695652173913043
04/11/2025 14:56:21,0.041666666666666664
04/11/2025 14:56:21,0.041666666666666664
04/11/2025 14:56:21,0.08695652173913043
04/11/2025 14:56:22,0.13636363636363635
04/11/2025 14:56:22,0.3157894736842105
04/11/2025 14:56:22,0.08695652173913043
04/11/2025 14:56:22,0.19047619047619047
04/11/2025 14:56:22,0.13636363636363635
04/11/2025 14:56:22,0.19047619047619047
04/11/2025 14:56:23,0.08695652173913043
04/11/2025 14:56:23,0.08695652173913043
04/11/2025 14:56:23,0.13636363636363635
04/11/2025 14:56:23,0.041666666666666664
04/11/2025 14:56:23,0.08695652173913043
04/11/2025 14:56:23,0.041666666666666664
04/11/2025 14:56:24,0.13636363636363635
04/11/2025 14:56:24,0.041666666666666664
04/11/2025 14:56:24,0.19047619047619047
04/11/2025 14:56:24,0.13636363636363635
04/11/2025 14:56:24,0.19047619047619047
04/11/2025 14:56:24,0.041666666666666664
04/11/2025 14:56:24,0.25
04/11/2025 14:56:25,0.19047619047619047
04/11/2025 14:56:25,0.25
04/11/2025 14:56:25,0.19047619047619047
04/11/2025 14:56:25,0.13636363636363635
04/11/2025 14:56:25,0.13636363636363635
04/11/2025 14:56:25,0.13636363636363635
04/11/2025 14:56:26,0.13636363636363635
04/11/2025 14:56:26,0.13636363636363635
04/11/2025 14:56:26,0.041666666666666664
04/11/2025 14:56:26,0.08695652173913043
04/11/2025 14:56:26,0.19047619047619047
04/11/2025 14:56:26,0.08695652173913043
04/11/2025 14:56:27,0.13636363636363635
04/11/2025 14:56:27,0.19047619047619047
04/11/2025 14:56:27,0.13636363636363635
04/11/2025 14:56:27,0.13636363636363635
04/11/2025 14:56:27,0.3157894736842105
04/11/2025 14:56:27,0.08695652173913043
04/11/2025 14:56:28,0.13636363636363635
04/11/2025 14:56:28,0.041666666666666664
04/11/2025 14:56:28,0.25
04/11/2025 14:56:28,0.041666666666666664
04/11/2025 14:56:28,0.19047619047619047
04/11/2025 14:56:28,0.13636363636363635
04/11/2025 14:56:28,0.08695652173913043
04/11/2025 14:56:29,0.041666666666666664
04/11/2025 14:56:29,0.19047619047619047
04/11/2025 14:56:29,0.08695652173913043
04/11/2025 14:56:29,0.08695652173913043
04/11/2025 14:56:29,0.08695652173913043
04/11/2025 14:56:29,0.25
04/11/2025 14:56:30,0.13636363636363635
04/11/2025 14:56:30,0.041666666666666664
04/11/2025 14:56:30,0.13636363636363635
04/11/2025 14:56:30,0.041666666666666664
04/11/2025 14:56:30,0.13636363636363635
04/11/2025 14:56:30,0.19047619047619047
04/11/2025 14:56:31,0.13636363636363635
04/11/2025 14:56:31,0.19047619047619047
04/11/2025 14:56:31,0.13636363636363635
04/11/2025 14:56:31,0.08695652173913043
04/11/2025 14:56:31,0.041666666666666664
04/11/2025 14:56:31,0.13636363636363635
04/11/2025 14:56:32,0.08695652173913043
04/11/2025 14:56:32,0.25
04/11/2025 14:56:32,0.08695652173913043
04/11/2025 14:56:32,0.25
04/11/2025 14:56:32,0.19047619047619047
04/11/2025 14:56:32,0.25
04/11/2025 14:56:33,0.08695652173913043
04/11/2025 14:56:33,0.13636363636363635
04/11/2025 14:56:33,0.19047619047619047
04/11/2025 14:56:33,0.08695652173913043
04/11/2025 14:56:33,0.041666666666666664
04/11/2025 14:56:33,0.13636363636363635
04/11/2025 14:56:34,0.13636363636363635
04/11/2025 14:56:34,0.041666666666666664
04/11/2025 14:56:34,0.13636363636363635
04/11/2025 14:56:34,0.13636363636363635
04/11/2025 14:56:34,0.08695652173913043
04/11/2025 14:56:34,0.13636363636363635
04/11/2025 14:56:35,0.13636363636363635
04/11/2025 14:56:35,0.19047619047619047
04/11/2025 14:56:35,0.19047619047619047
04/11/2025 14:56:35,0.13636363636363635
04/11/2025 14:56:35,0.08695652173913043
04/11/2025 14:56:35,0.08695652173913043
04/11/2025 14:56:36,0.13636363636363635
04/11/2025 14:56:36,0.19047619047619047
04/11/2025 14:56:36,0.13636363636363635
04/11/2025 14:56:36,0.19047619047619047
04/11/2025 14:56:36,0.13636363636363635
04/11/2025 14:56:36,0.19047619047619047
04/11/2025 14:56:37,0.08695652173913043
04/11/2025 14:56:37,0.13636363636363635
04/11/2025 14:56:37,0.08695652173913043
04/11/2025 14:56:37,0.041666666666666664
04/11/2025 14:56:37,0.19047619047619047
04/11/2025 14:56:37,0.19047619047619047
04/11/2025 14:56:38,0.08695652173913043
04/11/2025 14:56:38,0.19047619047619047
04/11/2025 14:56:38,0.08695652173913043
04/11/2025 14:56:38,0.08695652173913043
04/11/2025 14:56:38,0.13636363636363635
04/11/2025 14:56:38,0.3157894736842105
04/11/2025 14:56:38,0.13636363636363635
04/11/2025 14:56:39,0.13636363636363635
04/11/2025 14:56:39,0.08695652173913043
04/11/2025 14:56:39,0.08695652173913043
04/11/2025 14:56:39,0.13636363636363635
04/11/2025 14:56:39,0.08695652173913043
04/11/2025 14:56:39,0.19047619047619047
04/11/2025 14:56:40,0.08695652173913043
04/11/2025 14:56:40,0.25
04/11/2025 14:56:40,0.25
04/11/2025 14:56:40,0.041666666666666664
04/11/2025 14:56:40,0.041666666666666664
04/11/2025 14:56:40,0.19047619047619047
04/11/2025 14:56:41,0.13636363636363635
04/11/2025 14:56:41,0.19047619047619047
04/11/2025 14:56:41,0.19047619047619047
04/11/2025 14:56:41,0.13636363636363635
04/11/2025 14:56:41,0.08695652173913043
04/11/2025 14:56:41,0.0
04/11/2025 14:56:41,0.13636363636363635
04/11/2025 14:56:42,0.19047619047619047
04/11/2025 14:56:42,0.3157894736842105
04/11/2025 14:56:42,0.08695652173913043
04/11/2025 14:56:42,0.08695652173913043
04/11/2025 14:56:42,0.08695652173913043
04/11/2025 14:56:42,0.041666666666666664
04/11/2025 14:56:43,0.19047619047619047
04/11/2025 14:56:43,0.13636363636363635
04/11/2025 14:56:43,0.19047619047619047
04/11/2025 14:56:43,0.25
04/11/2025 14:56:43,0.041666666666666664
04/11/2025 14:56:43,0.25
04/11/2025 14:56:44,0.08695652173913043
04/11/2025 14:56:44,0.08695652173913043
04/11/2025 14:56:44,0.08695652173913043
04/11/2025 14:56:44,0.19047619047619047
04/11/2025 14:56:44,0.13636363636363635
04/11/2025 14:56:44,0.08695652173913043
04/11/2025 14:56:44,0.13636363636363635
04/11/2025 14:56:45,0.19047619047619047
04/11/2025 14:56:45,0.041666666666666664
04/11/2025 14:56:45,0.25
04/11/2025 14:56:45,0.3888888888888889
04/11/2025 14:56:45,0.08695652173913043
04/11/2025 14:56:45,0.13636363636363635
04/11/2025 14:56:46,0.08695652173913043
04/11/2025 14:56:46,0.19047619047619047
04/11/2025 14:56:46,0.25
04/11/2025 14:56:46,0.08695652173913043
04/11/2025 14:56:46,0.13636363636363635
04/11/2025 14:56:46,0.19047619047619047
04/11/2025 14:56:46,0.08695652173913043
04/11/2025 14:56:47,0.041666666666666664
04/11/2025 14:56:47,0.19047619047619047
04/11/2025 14:56:47,0.13636363636363635
04/11/2025 14:56:47,0.08695652173913043
04/11/2025 14:56:47,0.13636363636363635
04/11/2025 14:56:47,0.13636363636363635
04/11/2025 14:56:48,0.13636363636363635
04/11/2025 14:56:48,0.08695652173913043
04/11/2025 14:56:48,0.19047619047619047
04/11/2025 14:56:48,0.19047619047619047
04/11/2025 14:56:48,0.08695652173913043
04/11/2025 14:56:48,0.13636363636363635
04/11/2025 14:56:48,0.08695652173913043
04/11/2025 14:56:49,0.08695652173913043
04/11/2025 14:56:49,0.08695652173913043
04/11/2025 14:56:49,0.13636363636363635
04/11/2025 14:56:49,0.13636363636363635
04/11/2025 14:56:49,0.13636363636363635
04/11/2025 14:56:49,0.08695652173913043
04/11/2025 14:56:50,0.13636363636363635
04/11/2025 14:56:50,0.13636363636363635
04/11/2025 14:56:50,0.25
04/11/2025 14:56:50,0.08695652173913043
04/11/2025 14:56:50,0.08695652173913043
04/11/2025 14:56:50,0.19047619047619047
04/11/2025 14:56:51,0.08695652173913043
04/11/2025 14:56:51,0.19047619047619047
04/11/2025 14:56:51,0.19047619047619047
04/11/2025 14:56:51,0.13636363636363635
04/11/2025 14:56:51,0.13636363636363635
04/11/2025 14:56:51,0.08695652173913043
04/11/2025 14:56:52,0.041666666666666664
04/11/2025 14:56:52,0.041666666666666664
04/11/2025 14:56:52,0.13636363636363635
04/11/2025 14:56:52,0.19047619047619047
04/11/2025 14:56:52,0.041666666666666664
04/11/2025 14:56:52,0.19047619047619047
04/11/2025 14:56:53,0.08695652173913043
04/11/2025 14:56:53,0.13636363636363635
04/11/2025 14:56:53,0.3888888888888889
04/11/2025 14:56:53,0.08695652173913043
04/11/2025 14:56:53,0.08695652173913043
04/11/2025 14:56:53,0.19047619047619047
04/11/2025 14:56:53,0.08695652173913043
04/11/2025 14:56:54,0.19047619047619047
04/11/2025 14:56:54,0.19047619047619047
04/11/2025 14:56:54,0.13636363636363635
04/11/2025 14:56:54,0.13636363636363635
04/11/2025 14:56:54,0.13636363636363635
04/11/2025 14:56:54,0.19047619047619047
04/11/2025 14:56:55,0.041666666666666664
04/11/2025 14:56:55,0.08695652173913043
04/11/2025 14:56:55,0.19047619047619047
04/11/2025 14:56:55,0.19047619047619047
04/11/2025 14:56:55,0.19047619047619047
04/11/2025 14:56:55,0.08695652173913043
04/11/2025 14:56:56,0.19047619047619047
04/11/2025 14:56:56,0.08695652173913043
04/11/2025 14:56:56,0.25
04/11/2025 14:56:56,0.13636363636363635
04/11/2025 14:56:56,0.19047619047619047
04/11/2025 14:56:56,0.041666666666666664
04/11/2025 14:56:57,0.08695652173913043
04/11/2025 14:56:57,0.13636363636363635
04/11/2025 14:56:57,0.13636363636363635
04/11/2025 14:56:57,0.08695652173913043
04/11/2025 14:56:57,0.08695652173913043
04/11/2025 14:56:57,0.0
04/11/2025 14:56:58,0.13636363636363635
04/11/2025 14:56:58,0.19047619047619047
04/11/2025 14:56:58,0.19047619047619047
04/11/2025 14:56:58,0.25
04/11/2025 14:56:58,0.08695652173913043
04/11/2025 14:56:58,0.13636363636363635
04/11/2025 14:56:59,0.13636363636363635
04/11/2025 14:56:59,0.25
04/11/2025 14:56:59,0.08695652173913043
04/11/2025 14:56:59,0.19047619047619047
04/11/2025 14:56:59,0.3157894736842105
04/11/2025 14:56:59,0.19047619047619047
04/11/2025 14:56:59,0.19047619047619047
04/11/2025 14:57:00,0.19047619047619047
04/11/2025 14:57:00,0.19047619047619047
04/11/2025 14:57:00,0.0
04/11/2025 14:57:00,0.25
04/11/2025 14:57:00,0.13636363636363635
04/11/2025 14:57:00,0.08695652173913043
04/11/2025 14:57:01,0.041666666666666664
04/11/2025 14:57:01,0.19047619047619047
04/11/2025 14:57:01,0.041666666666666664
04/11/2025 14:57:01,0.08695652173913043
04/11/2025 14:57:01,0.19047619047619047
04/11/2025 14:57:01,0.13636363636363635
04/11/2025 14:57:02,0.13636363636363635
04/11/2025 14:57:02,0.041666666666666664
04/11/2025 14:57:02,0.25
04/11/2025 14:57:02,0.3888888888888889
04/11/2025 14:57:02,0.19047619047619047
04/11/2025 14:57:02,0.3157894736842105
04/11/2025 14:57:03,0.13636363636363635
04/11/2025 14:57:03,0.25
04/11/2025 14:57:03,0.13636363636363635
04/11/2025 14:57:03,0.041666666666666664
04/11/2025 14:57:03,0.3157894736842105
04/11/2025 14:57:03,0.13636363636363635
04/11/2025 14:57:03,0.13636363636363635
04/11/2025 14:57:04,0.041666666666666664
04/11/2025 14:57:04,0.13636363636363635
04/11/2025 14:57:04,0.0
04/11/2025 14:57:04,0.19047619047619047
04/11/2025 14:57:04,0.19047619047619047
04/11/2025 14:57:04,0.13636363636363635
04/11/2025 14:57:05,0.08695652173913043
04/11/2025 14:57:05,0.13636363636363635
04/11/2025 14:57:05,0.13636363636363635
04/11/2025 14:57:05,0.19047619047619047
04/11/2025 14:57:05,0.08695652173913043
04/11/2025 14:57:05,0.13636363636363635
04/11/2025 14:57:06,0.13636363636363635
04/11/2025 14:57:06,0.25
04/11/2025 14:57:06,0.041666666666666664
04/11/2025 14:57:06,0.041666666666666664
04/11/2025 14:57:06,0.19047619047619047
04/11/2025 14:57:06,0.13636363636363635
04/11/2025 14:57:07,0.08695652173913043
04/11/2025 14:57:07,0.041666666666666664
04/11/2025 14:57:07,0.25
04/11/2025 14:57:07,0.08695652173913043
04/11/2025 14:57:07,0.13636363636363635
04/11/2025 14:57:07,0.19047619047619047
04/11/2025 14:57:08,0.13636363636363635
04/11/2025 14:57:08,0.041666666666666664
04/11/2025 14:57:08,0.041666666666666664
04/11/2025 14:57:08,0.25
04/11/2025 14:57:08,0.13636363636363635
04/11/2025 14:57:08,0.19047619047619047
04/11/2025 14:57:08,0.041666666666666664
04/11/2025 14:57:09,0.041666666666666664
04/11/2025 14:57:09,0.19047619047619047
04/11/2025 14:57:09,0.041666666666666664
04/11/2025 14:57:09,0.13636363636363635
04/11/2025 14:57:09,0.041666666666666664
04/11/2025 14:57:09,0.25
04/11/2025 14:57:10,0.13636363636363635
04/11/2025 14:57:10,0.041666666666666664
04/11/2025 14:57:10,0.13636363636363635
04/11/2025 14:57:10,0.08695652173913043
04/11/2025 14:57:10,0.13636363636363635
04/11/2025 14:57:10,0.13636363636363635
04/11/2025 14:57:11,0.13636363636363635
04/11/2025 14:57:11,0.041666666666666664
04/11/2025 14:57:11,0.08695652173913043
04/11/2025 14:57:11,0.19047619047619047
04/11/2025 14:57:11,0.13636363636363635
04/11/2025 14:57:11,0.13636363636363635
04/11/2025 14:57:12,0.08695652173913043
04/11/2025 14:57:12,0.08695652173913043
04/11/2025 14:57:12,0.25
04/11/2025 14:57:12,0.19047619047619047
04/11/2025 14:57:12,0.25
04/11/2025 14:57:12,0.19047619047619047
04/11/2025 14:57:13,0.13636363636363635
04/11/2025 14:57:13,0.13636363636363635
04/11/2025 14:57:13,0.08695652173913043
04/11/2025 14:57:13,0.041666666666666664
04/11/2025 14:57:13,0.08695652173913043
04/11/2025 14:57:13,0.041666666666666664
04/11/2025 14:57:14,0.13636363636363635
04/11/2025 14:57:14,0.13636363636363635
04/11/2025 14:57:14,0.13636363636363635
04/11/2025 14:57:14,0.08695652173913043
04/11/2025 14:57:14,0.13636363636363635
04/11/2025 14:57:14,0.08695652173913043
04/11/2025 14:57:15,0.041666666666666664
04/11/2025 14:57:15,0.19047619047619047
04/11/2025 14:57:15,0.25
04/11/2025 14:57:15,0.13636363636363635
04/11/2025 14:57:15,0.19047619047619047
04/11/2025 14:57:15,0.25
04/11/2025 14:57:15,0.041666666666666664
04/11/2025 14:57:16,0.13636363636363635
04/11/2025 14:57:16,0.08695652173913043
04/11/2025 14:57:16,0.19047619047619047
04/11/2025 14:57:16,0.08695652173913043
04/11/2025 14:57:16,0.13636363636363635
04/11/2025 14:57:16,0.08695652173913043
04/11/2025 14:57:17,0.041666666666666664
04/11/2025 14:57:17,0.08695652173913043
04/11/2025 14:57:17,0.041666666666666664
04/11/2025 14:57:17,0.13636363636363635
04/11/2025 14:57:17,0.13636363636363635
04/11/2025 14:57:17,0.08695652173913043
04/11/2025 14:57:18,0.13636363636363635
04/11/2025 14:57:18,0.19047619047619047
04/11/2025 14:57:18,0.08695652173913043
04/11/2025 14:57:18,0.19047619047619047
04/11/2025 14:57:18,0.041666666666666664
04/11/2025 14:57:18,0.25
04/11/2025 14:57:19,0.25
04/11/2025 14:57:19,0.19047619047619047
04/11/2025 14:57:19,0.13636363636363635
04/11/2025 14:57:19,0.19047619047619047
04/11/2025 14:57:19,0.19047619047619047
04/11/2025 14:57:19,0.25
04/11/2025 14:57:20,0.25
04/11/2025 14:57:20,0.13636363636363635
04/11/2025 14:57:20,0.13636363636363635
04/11/2025 14:57:20,0.13636363636363635
04/11/2025 14:57:20,0.19047619047619047
04/11/2025 14:57:20,0.13636363636363635
04/11/2025 14:57:21,0.041666666666666664
04/11/2025 14:57:21,0.25
04/11/2025 14:57:21,0.19047619047619047
04/11/2025 14:57:21,0.3157894736842105
04/11/2025 14:57:21,0.08695652173913043
04/11/2025 14:57:21,0.041666666666666664
04/11/2025 14:57:21,0.041666666666666664
04/11/2025 14:57:22,0.13636363636363635
04/11/2025 14:57:22,0.041666666666666664
04/11/2025 14:57:22,0.13636363636363635
04/11/2025 14:57:22,0.19047619047619047
04/11/2025 14:57:22,0.08695652173913043
04/11/2025 14:57:22,0.08695652173913043
04/11/2025 14:57:23,0.08695652173913043
04/11/2025 14:57:23,0.08695652173913043
04/11/2025 14:57:23,0.19047619047619047
04/11/2025 14:57:23,0.08695652173913043
04/11/2025 14:57:23,0.041666666666666664
04/11/2025 14:57:23,0.19047619047619047
04/11/2025 14:57:24,0.08695652173913043
04/11/2025 14:57:24,0.13636363636363635
04/11/2025 14:57:24,0.19047619047619047
04/11/2025 14:57:24,0.08695652173913043
04/11/2025 14:57:24,0.041666666666666664
04/11/2025 14:57:24,0.08695652173913043
04/11/2025 14:57:25,0.13636363636363635
04/11/2025 14:57:25,0.08695652173913043
04/11/2025 14:57:25,0.08695652173913043
04/11/2025 14:57:25,0.041666666666666664
04/11/2025 14:57:25,0.08695652173913043
04/11/2025 14:57:25,0.19047619047619047
04/11/2025 14:57:26,0.08695652173913043
04/11/2025 14:57:26,0.13636363636363635
04/11/2025 14:57:26,0.25
04/11/2025 14:57:26,0.041666666666666664
04/11/2025 14:57:26,0.19047619047619047
04/11/2025 14:57:26,0.13636363636363635
04/11/2025 14:57:27,0.13636363636363635
04/11/2025 14:57:27,0.25
04/11/2025 14:57:27,0.13636363636363635
04/11/2025 14:57:27,0.13636363636363635
04/11/2025 14:57:27,0.19047619047619047
04/11/2025 14:57:27,0.19047619047619047
04/11/2025 14:57:28,0.13636363636363635
04/11/2025 14:57:28,0.25
04/11/2025 14:57:28,0.08695652173913043
04/11/2025 14:57:28,0.19047619047619047
04/11/2025 14:57:28,0.041666666666666664
04/11/2025 14:57:28,0.25
04/11/2025 14:57:28,0.041666666666666664
04/11/2025 14:57:29,0.08695652173913043
04/11/2025 14:57:29,0.08695652173913043
04/11/2025 14:57:29,0.13636363636363635
04/11/2025 14:57:29,0.19047619047619047
04/11/2025 14:57:29,0.3888888888888889
04/11/2025 14:57:29,0.13636363636363635
04/11/2025 14:57:30,0.13636363636363635
04/11/2025 14:57:30,0.19047619047619047
04/11/2025 14:57:30,0.19047619047619047
04/11/2025 14:57:30,0.08695652173913043
04/11/2025 14:57:30,0.13636363636363635
04/11/2025 14:57:30,0.13636363636363635
04/11/2025 14:57:31,0.13636363636363635
04/11/2025 14:57:31,0.25
04/11/2025 14:57:31,0.08695652173913043
04/11/2025 14:57:31,0.08695652173913043
04/11/2025 14:57:31,0.08695652173913043
04/11/2025 14:57:31,0.08695652173913043
04/11/2025 14:57:31,0.13636363636363635
04/11/2025 14:57:32,0.08695652173913043
04/11/2025 14:57:32,0.041666666666666664
04/11/2025 14:57:32,0.041666666666666664
04/11/2025 14:57:32,0.13636363636363635
04/11/2025 14:57:32,0.19047619047619047
04/11/2025 14:57:32,0.19047619047619047
04/11/2025 14:57:33,0.08695652173913043
04/11/2025 14:57:33,0.041666666666666664
04/11/2025 14:57:33,0.041666666666666664
04/11/2025 14:57:33,0.08695652173913043
04/11/2025 14:57:33,0.19047619047619047
04/11/2025 14:57:33,0.08695652173913043
04/11/2025 14:57:34,0.25
04/11/2025 14:57:34,0.13636363636363635
04/11/2025 14:57:34,0.13636363636363635
04/11/2025 14:57:34,0.13636363636363635
04/11/2025 14:57:34,0.13636363636363635
04/11/2025 14:57:34,0.13636363636363635
04/11/2025 14:57:34,0.13636363636363635
04/11/2025 14:57:35,0.19047619047619047
04/11/2025 14:57:35,0.13636363636363635
04/11/2025 14:57:35,0.08695652173913043
04/11/2025 14:57:35,0.13636363636363635
04/11/2025 14:57:35,0.13636363636363635
04/11/2025 14:57:35,0.13636363636363635
04/11/2025 14:57:36,0.25
04/11/2025 14:57:36,0.3157894736842105
04/11/2025 14:57:36,0.13636363636363635
04/11/2025 14:57:36,0.13636363636363635
04/11/2025 14:57:36,0.08695652173913043
04/11/2025 14:57:36,0.13636363636363635
04/11/2025 14:57:37,0.13636363636363635
04/11/2025 14:57:37,0.19047619047619047
04/11/2025 14:57:37,0.08695652173913043
04/11/2025 14:57:37,0.19047619047619047
04/11/2025 14:57:37,0.041666666666666664
04/11/2025 14:57:37,0.19047619047619047
04/11/2025 14:57:37,0.13636363636363635
04/11/2025 14:57:38,0.13636363636363635
04/11/2025 14:57:38,0.08695652173913043
04/11/2025 14:57:38,0.13636363636363635
04/11/2025 14:57:38,0.041666666666666664
04/11/2025 14:57:38,0.19047619047619047
04/11/2025 14:57:39,0.19047619047619047
04/11/2025 14:57:39,0.13636363636363635
04/11/2025 14:57:39,0.13636363636363635
04/11/2025 14:57:39,0.041666666666666664
04/11/2025 14:57:39,0.13636363636363635
04/11/2025 14:57:39,0.19047619047619047
04/11/2025 14:57:39,0.19047619047619047
04/11/2025 14:57:40,0.13636363636363635
04/11/2025 14:57:40,0.25
04/11/2025 14:57:40,0.041666666666666664
04/11/2025 14:57:40,0.08695652173913043
04/11/2025 14:57:40,0.13636363636363635
04/11/2025 14:57:40,0.08695652173913043
04/11/2025 14:57:41,0.19047619047619047
04/11/2025 14:57:41,0.13636363636363635
04/11/2025 14:57:41,0.08695652173913043
04/11/2025 14:57:41,0.19047619047619047
04/11/2025 14:57:41,0.19047619047619047
04/11/2025 14:57:41,0.13636363636363635
04/11/2025 14:57:42,0.041666666666666664
04/11/2025 14:57:42,0.13636363636363635
04/11/2025 14:57:42,0.13636363636363635
04/11/2025 14:57:42,0.13636363636363635
04/11/2025 14:57:42,0.19047619047619047
04/11/2025 14:57:42,0.041666666666666664
04/11/2025 14:57:43,0.13636363636363635
04/11/2025 15:07:04,0.0
04/11/2025 15:07:04,0.25
04/11/2025 15:07:04,0.25
04/11/2025 15:07:04,0.13636363636363635
04/11/2025 15:07:04,0.08695652173913043
04/11/2025 15:07:05,0.19047619047619047
04/11/2025 15:07:05,0.3157894736842105
04/11/2025 15:07:05,0.13636363636363635
04/11/2025 15:07:05,0.13636363636363635
04/11/2025 15:07:05,0.08695652173913043
04/11/2025 15:07:05,0.041666666666666664
04/11/2025 15:07:06,0.25
04/11/2025 15:07:06,0.19047619047619047
04/11/2025 15:07:06,0.08695652173913043
04/11/2025 15:07:06,0.08695652173913043
04/11/2025 15:07:06,0.25
04/11/2025 15:07:06,0.041666666666666664
04/11/2025 15:07:06,0.13636363636363635
04/11/2025 15:07:07,0.041666666666666664
04/11/2025 15:07:07,0.041666666666666664
04/11/2025 15:07:07,0.13636363636363635
04/11/2025 15:07:07,0.13636363636363635
04/11/2025 15:07:07,0.13636363636363635
04/11/2025 15:07:07,0.08695652173913043
04/11/2025 15:07:08,0.3157894736842105
04/11/2025 15:07:08,0.13636363636363635
04/11/2025 15:07:08,0.25
04/11/2025 15:07:08,0.13636363636363635
04/11/2025 15:07:08,0.19047619047619047
04/11/2025 15:07:08,0.041666666666666664
04/11/2025 15:07:08,0.041666666666666664
04/11/2025 15:07:09,0.0
04/11/2025 15:07:09,0.08695652173913043
04/11/2025 15:07:09,0.08695652173913043
04/11/2025 15:07:09,0.13636363636363635
04/11/2025 15:07:09,0.041666666666666664
04/11/2025 15:07:09,0.08695652173913043
04/11/2025 15:07:10,0.08695652173913043
04/11/2025 15:07:10,0.19047619047619047
04/11/2025 15:07:10,0.041666666666666664
04/11/2025 15:07:10,0.19047619047619047
04/11/2025 15:07:10,0.13636363636363635
04/11/2025 15:07:10,0.3157894736842105
04/11/2025 15:07:11,0.25
04/11/2025 15:07:11,0.08695652173913043
04/11/2025 15:07:11,0.041666666666666664
04/11/2025 15:07:11,0.13636363636363635
04/11/2025 15:07:11,0.041666666666666664
04/11/2025 15:07:11,0.13636363636363635
04/11/2025 15:07:11,0.041666666666666664
04/11/2025 15:07:12,0.25
04/11/2025 15:07:12,0.041666666666666664
04/11/2025 15:07:12,0.13636363636363635
04/11/2025 15:07:12,0.08695652173913043
04/11/2025 15:07:12,0.08695652173913043
04/11/2025 15:07:12,0.08695652173913043
04/11/2025 15:07:12,0.041666666666666664
04/11/2025 15:07:13,0.13636363636363635
04/11/2025 15:07:13,0.19047619047619047
04/11/2025 15:07:13,0.13636363636363635
04/11/2025 15:07:13,0.041666666666666664
04/11/2025 15:07:13,0.08695652173913043
04/11/2025 15:07:13,0.25
04/11/2025 15:07:14,0.041666666666666664
04/11/2025 15:07:14,0.0
04/11/2025 15:07:14,0.13636363636363635
04/11/2025 15:07:14,0.13636363636363635
04/11/2025 15:07:14,0.0
04/11/2025 15:07:14,0.19047619047619047
04/11/2025 15:07:15,0.041666666666666664
04/11/2025 15:07:15,0.08695652173913043
04/11/2025 15:07:15,0.08695652173913043
04/11/2025 15:07:15,0.13636363636363635
04/11/2025 15:07:15,0.041666666666666664
04/11/2025 15:07:15,0.19047619047619047
04/11/2025 15:07:16,0.08695652173913043
04/11/2025 15:07:16,0.041666666666666664
04/11/2025 15:07:16,0.041666666666666664
04/11/2025 15:07:16,0.19047619047619047
04/11/2025 15:07:16,0.19047619047619047
04/11/2025 15:07:16,0.08695652173913043
04/11/2025 15:07:17,0.13636363636363635
04/11/2025 15:07:17,0.25
04/11/2025 15:07:17,0.041666666666666664
04/11/2025 15:07:17,0.08695652173913043
04/11/2025 15:07:17,0.13636363636363635
04/11/2025 15:07:17,0.13636363636363635
04/11/2025 15:07:17,0.08695652173913043
04/11/2025 15:07:18,0.08695652173913043
04/11/2025 15:07:18,0.13636363636363635
04/11/2025 15:07:18,0.041666666666666664
04/11/2025 15:07:18,0.041666666666666664
04/11/2025 15:07:18,0.13636363636363635
04/11/2025 15:07:18,0.19047619047619047
04/11/2025 15:07:19,0.3157894736842105
04/11/2025 15:07:19,0.13636363636363635
04/11/2025 15:07:19,0.19047619047619047
04/11/2025 15:07:19,0.041666666666666664
04/11/2025 15:07:19,0.13636363636363635
04/11/2025 15:07:19,0.041666666666666664
04/11/2025 15:07:20,0.13636363636363635
04/11/2025 15:07:20,0.041666666666666664
04/11/2025 15:07:20,0.19047619047619047
04/11/2025 15:07:20,0.19047619047619047
04/11/2025 15:07:20,0.13636363636363635
04/11/2025 15:07:20,0.08695652173913043
04/11/2025 15:07:21,0.08695652173913043
04/11/2025 15:07:21,0.041666666666666664
04/11/2025 15:07:21,0.08695652173913043
04/11/2025 15:07:21,0.13636363636363635
04/11/2025 15:07:21,0.041666666666666664
04/11/2025 15:07:21,0.13636363636363635
04/11/2025 15:07:21,0.08695652173913043
04/11/2025 15:07:22,0.041666666666666664
04/11/2025 15:07:22,0.041666666666666664
04/11/2025 15:07:22,0.13636363636363635
04/11/2025 15:07:22,0.08695652173913043
04/11/2025 15:07:22,0.13636363636363635
04/11/2025 15:07:22,0.25
04/11/2025 15:07:23,0.13636363636363635
04/11/2025 15:07:23,0.3157894736842105
04/11/2025 15:07:23,0.13636363636363635
04/11/2025 15:07:23,0.08695652173913043
04/11/2025 15:07:23,0.3157894736842105
04/11/2025 15:07:23,0.08695652173913043
04/11/2025 15:07:24,0.19047619047619047
04/11/2025 15:07:24,0.08695652173913043
04/11/2025 15:07:24,0.19047619047619047
04/11/2025 15:07:24,0.13636363636363635
04/11/2025 15:07:24,0.13636363636363635
04/11/2025 15:07:24,0.13636363636363635
04/11/2025 15:07:25,0.041666666666666664
04/11/2025 15:07:25,0.041666666666666664
04/11/2025 15:07:25,0.08695652173913043
04/11/2025 15:07:25,0.19047619047619047
04/11/2025 15:07:25,0.041666666666666664
04/11/2025 15:07:25,0.25
04/11/2025 15:07:26,0.19047619047619047
04/11/2025 15:07:26,0.041666666666666664
04/11/2025 15:07:26,0.08695652173913043
04/11/2025 15:07:26,0.13636363636363635
04/11/2025 15:07:26,0.08695652173913043
04/11/2025 15:07:26,0.08695652173913043
04/11/2025 15:07:27,0.13636363636363635
04/11/2025 15:07:27,0.08695652173913043
04/11/2025 15:07:27,0.25
04/11/2025 15:07:27,0.13636363636363635
04/11/2025 15:07:27,0.13636363636363635
04/11/2025 15:07:27,0.08695652173913043
04/11/2025 15:07:28,0.13636363636363635
04/11/2025 15:07:28,0.19047619047619047
04/11/2025 15:07:28,0.041666666666666664
04/11/2025 15:07:28,0.041666666666666664
04/11/2025 15:07:28,0.13636363636363635
04/11/2025 15:07:28,0.25
04/11/2025 15:07:28,0.13636363636363635
04/11/2025 15:07:29,0.13636363636363635
04/11/2025 15:07:29,0.25
04/11/2025 15:07:29,0.19047619047619047
04/11/2025 15:07:29,0.13636363636363635
04/11/2025 15:07:29,0.13636363636363635
04/11/2025 15:07:30,0.08695652173913043
04/11/2025 15:07:30,0.08695652173913043
04/11/2025 15:07:30,0.19047619047619047
04/11/2025 15:07:30,0.08695652173913043
04/11/2025 15:07:30,0.25
04/11/2025 15:07:31,0.19047619047619047
04/11/2025 15:07:31,0.13636363636363635
04/11/2025 15:07:31,0.13636363636363635
04/11/2025 15:07:31,0.041666666666666664
04/11/2025 15:07:31,0.041666666666666664
04/11/2025 15:07:31,0.3888888888888889
04/11/2025 15:07:32,0.13636363636363635
04/11/2025 15:07:32,0.19047619047619047
04/11/2025 15:07:32,0.08695652173913043
04/11/2025 15:07:32,0.13636363636363635
04/11/2025 15:07:32,0.13636363636363635
04/11/2025 15:07:32,0.08695652173913043
04/11/2025 15:07:33,0.19047619047619047
04/11/2025 15:07:33,0.041666666666666664
04/11/2025 15:07:33,0.08695652173913043
04/11/2025 15:07:33,0.19047619047619047
04/11/2025 15:07:33,0.13636363636363635
04/11/2025 15:07:33,0.08695652173913043
04/11/2025 15:07:33,0.041666666666666664
04/11/2025 15:07:34,0.08695652173913043
04/11/2025 15:07:34,0.08695652173913043
04/11/2025 15:07:34,0.08695652173913043
04/11/2025 15:07:34,0.19047619047619047
04/11/2025 15:07:34,0.19047619047619047
04/11/2025 15:07:34,0.19047619047619047
04/11/2025 15:07:35,0.19047619047619047
04/11/2025 15:07:35,0.19047619047619047
04/11/2025 15:07:35,0.25
04/11/2025 15:07:35,0.08695652173913043
04/11/2025 15:07:35,0.13636363636363635
04/11/2025 15:07:35,0.08695652173913043
04/11/2025 15:07:36,0.08695652173913043
04/11/2025 15:07:36,0.08695652173913043
04/11/2025 15:07:36,0.3157894736842105
04/11/2025 15:07:36,0.041666666666666664
04/11/2025 15:07:36,0.13636363636363635
04/11/2025 15:07:36,0.19047619047619047
04/11/2025 15:07:36,0.13636363636363635
04/11/2025 15:07:37,0.25
04/11/2025 15:07:37,0.25
04/11/2025 15:07:37,0.08695652173913043
04/11/2025 15:07:37,0.13636363636363635
04/11/2025 15:07:37,0.08695652173913043
04/11/2025 15:07:37,0.08695652173913043
04/11/2025 15:07:38,0.19047619047619047
04/11/2025 15:07:38,0.19047619047619047
04/11/2025 15:07:38,0.25
04/11/2025 15:07:38,0.13636363636363635
04/11/2025 15:07:38,0.041666666666666664
04/11/2025 15:07:38,0.19047619047619047
04/11/2025 15:07:39,0.19047619047619047
04/11/2025 15:07:39,0.08695652173913043
04/11/2025 15:07:39,0.08695652173913043
04/11/2025 15:07:39,0.08695652173913043
04/11/2025 15:07:40,0.13636363636363635
04/11/2025 15:07:40,0.13636363636363635
04/11/2025 15:07:40,0.25
04/11/2025 15:07:40,0.08695652173913043
04/11/2025 15:07:40,0.08695652173913043
04/11/2025 15:07:40,0.08695652173913043
04/11/2025 15:07:41,0.041666666666666664
04/11/2025 15:07:41,0.19047619047619047
04/11/2025 15:07:41,0.25
04/11/2025 15:07:41,0.13636363636363635
04/11/2025 15:07:41,0.25
04/11/2025 15:07:41,0.08695652173913043
04/11/2025 15:07:42,0.08695652173913043
04/11/2025 15:07:42,0.13636363636363635
04/11/2025 15:07:42,0.08695652173913043
04/11/2025 15:07:42,0.25
04/11/2025 15:07:42,0.08695652173913043
04/11/2025 15:07:42,0.041666666666666664
04/11/2025 15:07:43,0.25
04/11/2025 15:07:43,0.08695652173913043
04/11/2025 15:07:43,0.041666666666666664
04/11/2025 15:07:43,0.08695652173913043
04/11/2025 15:07:43,0.19047619047619047
04/11/2025 15:07:43,0.19047619047619047
04/11/2025 15:07:44,0.13636363636363635
04/11/2025 15:07:44,0.13636363636363635
04/11/2025 15:07:44,0.08695652173913043
04/11/2025 15:07:44,0.19047619047619047
04/11/2025 15:07:44,0.3157894736842105
04/11/2025 15:07:44,0.08695652173913043
04/11/2025 15:07:45,0.19047619047619047
04/11/2025 15:07:45,0.19047619047619047
04/11/2025 15:07:45,0.25
04/11/2025 15:07:45,0.13636363636363635
04/11/2025 15:07:45,0.19047619047619047
04/11/2025 15:07:45,0.08695652173913043
04/11/2025 15:07:45,0.08695652173913043
04/11/2025 15:07:46,0.19047619047619047
04/11/2025 15:07:46,0.19047619047619047
04/11/2025 15:07:46,0.13636363636363635
04/11/2025 15:07:46,0.13636363636363635
04/11/2025 15:07:46,0.13636363636363635
04/11/2025 15:07:47,0.25
04/11/2025 15:07:47,0.08695652173913043
04/11/2025 15:07:47,0.25
04/11/2025 15:07:47,0.08695652173913043
04/11/2025 15:07:47,0.08695652173913043
04/11/2025 15:07:47,0.13636363636363635
04/11/2025 15:07:47,0.25
04/11/2025 15:07:48,0.3157894736842105
04/11/2025 15:07:48,0.13636363636363635
04/11/2025 15:07:48,0.13636363636363635
04/11/2025 15:07:48,0.19047619047619047
04/11/2025 15:07:48,0.19047619047619047
04/11/2025 15:07:48,0.19047619047619047
04/11/2025 15:07:49,0.08695652173913043
04/11/2025 15:07:49,0.13636363636363635
04/11/2025 15:07:49,0.13636363636363635
04/11/2025 15:07:49,0.13636363636363635
04/11/2025 15:07:49,0.19047619047619047
04/11/2025 15:07:49,0.25
04/11/2025 15:07:50,0.08695652173913043
04/11/2025 15:07:50,0.041666666666666664
04/11/2025 15:07:50,0.08695652173913043
04/11/2025 15:07:50,0.08695652173913043
04/11/2025 15:07:50,0.08695652173913043
04/11/2025 15:07:50,0.13636363636363635
04/11/2025 15:07:50,0.13636363636363635
04/11/2025 15:07:51,0.041666666666666664
04/11/2025 15:07:51,0.13636363636363635
04/11/2025 15:07:51,0.13636363636363635
04/11/2025 15:07:51,0.08695652173913043
04/11/2025 15:07:51,0.13636363636363635
04/11/2025 15:07:51,0.08695652173913043
04/11/2025 15:07:52,0.25
04/11/2025 15:07:52,0.13636363636363635
04/11/2025 15:07:52,0.19047619047619047
04/11/2025 15:07:52,0.08695652173913043
04/11/2025 15:07:52,0.0
04/11/2025 15:07:52,0.13636363636363635
04/11/2025 15:07:53,0.13636363636363635
04/11/2025 15:07:53,0.19047619047619047
04/11/2025 15:07:53,0.041666666666666664
04/11/2025 15:07:53,0.041666666666666664
04/11/2025 15:07:53,0.08695652173913043
04/11/2025 15:07:53,0.19047619047619047
04/11/2025 15:07:53,0.13636363636363635
04/11/2025 15:07:54,0.08695652173913043
04/11/2025 15:07:54,0.13636363636363635
04/11/2025 15:07:54,0.041666666666666664
04/11/2025 15:07:54,0.13636363636363635
04/11/2025 15:07:54,0.08695652173913043
04/11/2025 15:07:54,0.13636363636363635
04/11/2025 15:07:55,0.08695652173913043
04/11/2025 15:07:55,0.041666666666666664
04/11/2025 15:07:55,0.25
04/11/2025 15:07:55,0.19047619047619047
04/11/2025 15:07:55,0.19047619047619047
04/11/2025 15:07:55,0.041666666666666664
04/11/2025 15:07:55,0.13636363636363635
04/11/2025 15:07:56,0.19047619047619047
04/11/2025 15:07:56,0.08695652173913043
04/11/2025 15:07:56,0.13636363636363635
04/11/2025 15:07:56,0.041666666666666664
04/11/2025 15:07:56,0.19047619047619047
04/11/2025 15:07:56,0.08695652173913043
04/11/2025 15:07:57,0.19047619047619047
04/11/2025 15:07:57,0.08695652173913043
04/11/2025 15:07:57,0.13636363636363635
04/11/2025 15:07:57,0.08695652173913043
04/11/2025 15:07:57,0.13636363636363635
04/11/2025 15:07:57,0.13636363636363635
04/11/2025 15:07:58,0.19047619047619047
04/11/2025 15:07:58,0.19047619047619047
04/11/2025 15:07:58,0.25
04/11/2025 15:07:58,0.08695652173913043
04/11/2025 15:07:58,0.13636363636363635
04/11/2025 15:07:58,0.19047619047619047
04/11/2025 15:07:59,0.08695652173913043
04/11/2025 15:07:59,0.25
04/11/2025 15:07:59,0.19047619047619047
04/11/2025 15:07:59,0.13636363636363635
04/11/2025 15:07:59,0.041666666666666664
04/11/2025 15:07:59,0.08695652173913043
04/11/2025 15:08:00,0.13636363636363635
04/11/2025 15:08:00,0.08695652173913043
04/11/2025 15:08:00,0.3157894736842105
04/11/2025 15:08:00,0.08695652173913043
04/11/2025 15:08:00,0.25
04/11/2025 15:08:00,0.19047619047619047
04/11/2025 15:08:00,0.13636363636363635
04/11/2025 15:08:01,0.25
04/11/2025 15:08:01,0.13636363636363635
04/11/2025 15:08:01,0.041666666666666664
04/11/2025 15:08:01,0.041666666666666664
04/11/2025 15:08:01,0.25
04/11/2025 15:08:01,0.3157894736842105
04/11/2025 15:08:02,0.041666666666666664
04/11/2025 15:08:02,0.13636363636363635
04/11/2025 15:08:02,0.041666666666666664
04/11/2025 15:08:02,0.19047619047619047
04/11/2025 15:08:02,0.13636363636363635
04/11/2025 15:08:02,0.08695652173913043
04/11/2025 15:08:03,0.13636363636363635
04/11/2025 15:08:03,0.13636363636363635
04/11/2025 15:08:03,0.3157894736842105
04/11/2025 15:08:03,0.19047619047619047
04/11/2025 15:08:03,0.19047619047619047
04/11/2025 15:08:03,0.13636363636363635
04/11/2025 15:08:04,0.08695652173913043
04/11/2025 15:08:04,0.13636363636363635
04/11/2025 15:08:04,0.25
04/11/2025 15:08:04,0.19047619047619047
04/11/2025 15:08:04,0.08695652173913043
04/11/2025 15:08:04,0.08695652173913043
04/11/2025 15:08:04,0.25
04/11/2025 15:08:05,0.19047619047619047
04/11/2025 15:08:05,0.13636363636363635
04/11/2025 15:08:05,0.13636363636363635
04/11/2025 15:08:05,0.08695652173913043
04/11/2025 15:08:05,0.041666666666666664
04/11/2025 15:08:05,0.19047619047619047
04/11/2025 15:08:06,0.19047619047619047
04/11/2025 15:08:06,0.13636363636363635
04/11/2025 15:08:06,0.08695652173913043
04/11/2025 15:08:06,0.19047619047619047
04/11/2025 15:08:06,0.08695652173913043
04/11/2025 15:08:06,0.19047619047619047
04/11/2025 15:08:07,0.13636363636363635
04/11/2025 15:08:07,0.13636363636363635
04/11/2025 15:08:07,0.13636363636363635
04/11/2025 15:08:07,0.19047619047619047
04/11/2025 15:08:07,0.08695652173913043
04/11/2025 15:08:07,0.3157894736842105
04/11/2025 15:08:08,0.08695652173913043
04/11/2025 15:08:08,0.3888888888888889
04/11/2025 15:08:08,0.19047619047619047
04/11/2025 15:08:08,0.08695652173913043
04/11/2025 15:08:08,0.041666666666666664
04/11/2025 15:08:08,0.19047619047619047
04/11/2025 15:08:09,0.13636363636363635
04/11/2025 15:08:09,0.041666666666666664
04/11/2025 15:08:09,0.13636363636363635
04/11/2025 15:08:09,0.25
04/11/2025 15:08:09,0.13636363636363635
04/11/2025 15:08:09,0.3888888888888889
04/11/2025 15:08:09,0.13636363636363635
04/11/2025 15:08:10,0.25
04/11/2025 15:08:10,0.13636363636363635
04/11/2025 15:08:10,0.13636363636363635
04/11/2025 15:08:10,0.08695652173913043
04/11/2025 15:08:10,0.3888888888888889
04/11/2025 15:08:10,0.08695652173913043
04/11/2025 15:08:11,0.19047619047619047
04/11/2025 15:08:11,0.19047619047619047
04/11/2025 15:08:11,0.25
04/11/2025 15:08:11,0.13636363636363635
04/11/2025 15:08:11,0.19047619047619047
04/11/2025 15:08:11,0.13636363636363635
04/11/2025 15:08:11,0.13636363636363635
04/11/2025 15:08:12,0.08695652173913043
04/11/2025 15:08:12,0.08695652173913043
04/11/2025 15:08:12,0.08695652173913043
04/11/2025 15:08:12,0.13636363636363635
04/11/2025 15:08:12,0.19047619047619047
04/11/2025 15:08:12,0.19047619047619047
04/11/2025 15:08:13,0.0
04/11/2025 15:08:13,0.13636363636363635
04/11/2025 15:08:13,0.13636363636363635
04/11/2025 15:08:13,0.25
04/11/2025 15:08:13,0.041666666666666664
04/11/2025 15:08:13,0.19047619047619047
04/11/2025 15:08:14,0.13636363636363635
04/11/2025 15:08:14,0.13636363636363635
04/11/2025 15:08:14,0.19047619047619047
04/11/2025 15:08:14,0.08695652173913043
04/11/2025 15:08:14,0.08695652173913043
04/11/2025 15:08:14,0.08695652173913043
04/11/2025 15:08:14,0.13636363636363635
04/11/2025 15:08:15,0.13636363636363635
04/11/2025 15:08:15,0.08695652173913043
04/11/2025 15:08:15,0.25
04/11/2025 15:08:15,0.25
04/11/2025 15:08:15,0.13636363636363635
04/11/2025 15:08:15,0.13636363636363635
04/11/2025 15:08:16,0.08695652173913043
04/11/2025 15:08:16,0.13636363636363635
04/11/2025 15:08:16,0.19047619047619047
04/11/2025 15:08:16,0.08695652173913043
04/11/2025 15:08:16,0.25
04/11/2025 15:08:16,0.08695652173913043
04/11/2025 15:08:17,0.08695652173913043
04/11/2025 15:08:17,0.13636363636363635
04/11/2025 15:08:17,0.19047619047619047
04/11/2025 15:08:17,0.041666666666666664
04/11/2025 15:08:17,0.08695652173913043
04/11/2025 15:08:17,0.19047619047619047
04/11/2025 15:08:17,0.08695652173913043
04/11/2025 15:08:18,0.19047619047619047
04/11/2025 15:08:18,0.13636363636363635
04/11/2025 15:08:18,0.19047619047619047
04/11/2025 15:08:18,0.19047619047619047
04/11/2025 15:08:18,0.08695652173913043
04/11/2025 15:08:18,0.08695652173913043
04/11/2025 15:08:19,0.13636363636363635
04/11/2025 15:08:19,0.08695652173913043
04/11/2025 15:08:19,0.08695652173913043
04/11/2025 15:08:19,0.041666666666666664
04/11/2025 15:08:19,0.19047619047619047
04/11/2025 15:08:19,0.13636363636363635
04/11/2025 15:08:20,0.13636363636363635
04/11/2025 15:08:20,0.08695652173913043
04/11/2025 15:08:20,0.25
04/11/2025 15:08:20,0.25
04/11/2025 15:08:20,0.19047619047619047
04/11/2025 15:08:20,0.041666666666666664
04/11/2025 15:08:20,0.19047619047619047
04/11/2025 15:08:21,0.08695652173913043
04/11/2025 15:08:21,0.08695652173913043
04/11/2025 15:08:21,0.13636363636363635
04/11/2025 15:08:21,0.13636363636363635
04/11/2025 15:08:21,0.041666666666666664
04/11/2025 15:08:21,0.13636363636363635
04/11/2025 15:08:22,0.19047619047619047
04/11/2025 15:08:22,0.08695652173913043
04/11/2025 15:08:22,0.3157894736842105
04/11/2025 15:08:22,0.13636363636363635
04/11/2025 15:08:22,0.08695652173913043
04/11/2025 15:08:22,0.13636363636363635
04/11/2025 15:08:23,0.13636363636363635
04/11/2025 15:08:23,0.041666666666666664
04/11/2025 15:08:23,0.13636363636363635
04/11/2025 15:08:23,0.13636363636363635
04/11/2025 15:08:23,0.25
04/11/2025 15:08:23,0.08695652173913043
04/11/2025 15:08:23,0.13636363636363635
04/11/2025 15:08:24,0.13636363636363635
04/11/2025 15:08:24,0.13636363636363635
04/11/2025 15:08:24,0.19047619047619047
04/11/2025 15:08:24,0.08695652173913043
04/11/2025 15:08:24,0.13636363636363635
04/11/2025 15:08:24,0.13636363636363635
04/11/2025 15:08:25,0.19047619047619047
04/11/2025 15:08:25,0.19047619047619047
04/11/2025 15:08:25,0.19047619047619047
04/11/2025 15:08:25,0.13636363636363635
04/11/2025 15:08:25,0.041666666666666664
04/11/2025 15:08:25,0.19047619047619047
04/11/2025 15:08:26,0.08695652173913043
04/11/2025 15:08:26,0.08695652173913043
04/11/2025 15:08:26,0.19047619047619047
04/11/2025 15:08:26,0.19047619047619047
04/11/2025 15:08:26,0.19047619047619047
04/11/2025 15:08:26,0.19047619047619047
04/11/2025 15:08:26,0.13636363636363635
04/11/2025 15:08:27,0.13636363636363635
04/11/2025 15:08:27,0.13636363636363635
04/11/2025 15:08:27,0.08695652173913043
04/11/2025 15:08:27,0.13636363636363635
04/11/2025 15:08:27,0.08695652173913043
04/11/2025 15:08:27,0.08695652173913043
04/11/2025 15:08:27,0.08695652173913043
04/11/2025 15:08:28,0.13636363636363635
04/11/2025 15:08:28,0.19047619047619047
04/11/2025 15:08:28,0.19047619047619047
04/11/2025 15:08:28,0.3157894736842105
04/11/2025 15:08:28,0.041666666666666664
04/11/2025 15:08:28,0.041666666666666664
04/11/2025 15:08:29,0.08695652173913043
04/11/2025 15:08:29,0.13636363636363635
04/11/2025 15:08:29,0.08695652173913043
04/11/2025 15:08:29,0.19047619047619047
04/11/2025 15:08:29,0.041666666666666664
04/11/2025 15:08:29,0.08695652173913043
04/11/2025 15:08:30,0.13636363636363635
04/11/2025 15:08:30,0.19047619047619047
04/11/2025 15:08:30,0.13636363636363635
04/11/2025 15:08:30,0.19047619047619047
04/11/2025 15:08:30,0.13636363636363635
04/11/2025 15:08:30,0.08695652173913043
04/11/2025 15:08:30,0.25
04/11/2025 15:08:31,0.08695652173913043
04/11/2025 15:08:31,0.08695652173913043
04/11/2025 15:08:31,0.13636363636363635
04/11/2025 15:08:31,0.13636363636363635
04/11/2025 15:08:31,0.19047619047619047
04/11/2025 15:08:31,0.13636363636363635
04/11/2025 15:08:32,0.08695652173913043
04/11/2025 15:08:32,0.13636363636363635
04/11/2025 15:08:32,0.19047619047619047
04/11/2025 15:08:32,0.19047619047619047
04/11/2025 15:08:32,0.19047619047619047
04/11/2025 15:08:32,0.0
04/11/2025 15:08:32,0.19047619047619047
04/11/2025 15:08:33,0.19047619047619047
04/11/2025 15:08:33,0.19047619047619047
04/11/2025 15:08:33,0.08695652173913043
04/11/2025 15:08:33,0.0
04/11/2025 15:08:33,0.19047619047619047
04/11/2025 15:08:33,0.13636363636363635
04/11/2025 15:08:34,0.3157894736842105
04/11/2025 15:08:34,0.08695652173913043
04/11/2025 15:08:34,0.25
04/11/2025 15:08:34,0.19047619047619047
04/11/2025 15:08:34,0.13636363636363635
04/11/2025 15:08:34,0.13636363636363635
04/11/2025 15:08:35,0.13636363636363635
04/11/2025 15:08:35,0.13636363636363635
04/11/2025 15:08:35,0.13636363636363635
04/11/2025 15:08:35,0.08695652173913043
04/11/2025 15:08:35,0.13636363636363635
04/11/2025 15:08:35,0.041666666666666664
04/11/2025 15:08:35,0.19047619047619047
04/11/2025 15:08:36,0.13636363636363635
04/11/2025 15:08:36,0.19047619047619047
04/11/2025 15:08:36,0.25
04/11/2025 15:08:36,0.041666666666666664
04/11/2025 15:08:36,0.25
04/11/2025 15:08:36,0.19047619047619047
04/11/2025 15:08:37,0.13636363636363635
04/11/2025 15:08:37,0.08695652173913043
04/11/2025 15:08:37,0.13636363636363635
04/11/2025 15:08:37,0.13636363636363635
04/11/2025 15:08:37,0.25
04/11/2025 15:08:37,0.13636363636363635
04/11/2025 15:08:38,0.13636363636363635
04/11/2025 15:08:38,0.19047619047619047
04/11/2025 15:08:38,0.13636363636363635
04/11/2025 15:08:38,0.08695652173913043
04/11/2025 15:08:38,0.08695652173913043
04/11/2025 15:08:38,0.08695652173913043
04/11/2025 15:08:38,0.19047619047619047
04/11/2025 15:08:39,0.13636363636363635
04/11/2025 15:08:39,0.08695652173913043
04/11/2025 15:08:39,0.13636363636363635
04/11/2025 15:08:39,0.08695652173913043
04/11/2025 15:08:39,0.041666666666666664
04/11/2025 15:08:39,0.13636363636363635
04/11/2025 15:08:40,0.19047619047619047
04/11/2025 15:08:40,0.13636363636363635
04/11/2025 15:08:40,0.25
04/11/2025 15:08:40,0.19047619047619047
04/11/2025 15:08:40,0.13636363636363635
04/11/2025 15:08:41,0.13636363636363635
04/11/2025 15:08:41,0.13636363636363635
04/11/2025 15:08:41,0.19047619047619047
04/11/2025 15:08:41,0.19047619047619047
04/11/2025 15:08:41,0.13636363636363635
04/11/2025 15:08:41,0.08695652173913043
04/11/2025 15:08:41,0.13636363636363635
04/11/2025 15:08:42,0.041666666666666664
04/11/2025 15:08:42,0.13636363636363635
04/11/2025 15:08:42,0.13636363636363635
04/11/2025 15:08:42,0.13636363636363635
04/11/2025 15:08:42,0.13636363636363635
04/11/2025 15:08:42,0.19047619047619047
04/11/2025 15:08:43,0.041666666666666664
04/11/2025 15:08:43,0.25
04/11/2025 15:08:43,0.041666666666666664
04/11/2025 15:08:43,0.19047619047619047
04/11/2025 15:08:43,0.19047619047619047
04/11/2025 15:08:43,0.25
04/11/2025 15:08:44,0.08695652173913043
04/11/2025 15:08:44,0.08695652173913043
04/11/2025 15:08:44,0.041666666666666664
04/11/2025 15:08:44,0.25
04/11/2025 15:08:44,0.08695652173913043
04/11/2025 15:08:44,0.041666666666666664
04/11/2025 15:08:45,0.19047619047619047
04/11/2025 15:08:45,0.08695652173913043
04/11/2025 15:08:45,0.08695652173913043
04/11/2025 15:08:45,0.19047619047619047
04/11/2025 15:08:45,0.19047619047619047
04/11/2025 15:08:45,0.19047619047619047
04/11/2025 15:08:46,0.08695652173913043
04/11/2025 15:08:46,0.13636363636363635
04/11/2025 15:08:46,0.13636363636363635
04/11/2025 15:08:46,0.0
04/11/2025 15:08:46,0.25
04/11/2025 15:08:46,0.08695652173913043
04/11/2025 15:08:46,0.08695652173913043
04/11/2025 15:08:47,0.13636363636363635
04/11/2025 15:08:47,0.08695652173913043
04/11/2025 15:08:47,0.13636363636363635
04/11/2025 15:08:47,0.13636363636363635
04/11/2025 15:08:47,0.13636363636363635
04/11/2025 15:08:47,0.25
04/11/2025 15:08:48,0.13636363636363635
04/11/2025 15:08:48,0.13636363636363635
04/11/2025 15:08:48,0.25
04/11/2025 15:08:48,0.08695652173913043
04/11/2025 15:08:48,0.13636363636363635
04/11/2025 15:08:48,0.08695652173913043
04/11/2025 15:08:49,0.041666666666666664
04/11/2025 15:08:49,0.19047619047619047
04/11/2025 15:08:49,0.13636363636363635
04/11/2025 15:08:49,0.13636363636363635
04/11/2025 15:08:49,0.041666666666666664
04/11/2025 15:08:49,0.3888888888888889
04/11/2025 15:08:49,0.041666666666666664
04/11/2025 15:08:50,0.08695652173913043
04/11/2025 15:08:50,0.041666666666666664
04/11/2025 15:08:50,0.19047619047619047
04/11/2025 15:08:50,0.08695652173913043
04/11/2025 15:08:50,0.13636363636363635
04/11/2025 15:08:50,0.08695652173913043
04/11/2025 15:08:51,0.13636363636363635
04/11/2025 15:08:51,0.19047619047619047
04/11/2025 15:08:51,0.08695652173913043
04/11/2025 15:08:51,0.08695652173913043
04/11/2025 15:08:51,0.08695652173913043
04/11/2025 15:08:51,0.13636363636363635
04/11/2025 15:08:52,0.19047619047619047
04/11/2025 15:08:52,0.19047619047619047
04/11/2025 15:08:52,0.08695652173913043
04/11/2025 15:08:52,0.13636363636363635
04/11/2025 15:08:52,0.19047619047619047
04/11/2025 15:08:52,0.08695652173913043
04/11/2025 15:08:52,0.13636363636363635
04/11/2025 15:08:53,0.041666666666666664
04/11/2025 15:08:53,0.041666666666666664
04/11/2025 15:08:53,0.13636363636363635
04/11/2025 15:08:53,0.13636363636363635
04/11/2025 15:08:53,0.13636363636363635
04/11/2025 15:08:53,0.08695652173913043
04/11/2025 15:08:54,0.13636363636363635
04/11/2025 15:08:54,0.13636363636363635
04/11/2025 15:08:54,0.13636363636363635
04/11/2025 15:08:54,0.13636363636363635
04/11/2025 15:08:54,0.25
04/11/2025 15:08:54,0.041666666666666664
04/11/2025 15:08:54,0.13636363636363635
04/11/2025 15:08:55,0.13636363636363635
04/11/2025 15:08:55,0.13636363636363635
04/11/2025 15:08:55,0.08695652173913043
04/11/2025 15:08:55,0.13636363636363635
04/11/2025 15:08:55,0.19047619047619047
04/11/2025 15:08:55,0.3157894736842105
04/11/2025 15:08:56,0.13636363636363635
04/11/2025 15:08:56,0.08695652173913043
04/11/2025 15:08:56,0.25
04/11/2025 15:08:56,0.08695652173913043
04/11/2025 15:08:56,0.08695652173913043
04/11/2025 15:08:56,0.13636363636363635
04/11/2025 15:08:56,0.13636363636363635
04/11/2025 15:08:57,0.19047619047619047
04/11/2025 15:08:57,0.0
04/11/2025 15:08:57,0.25
04/11/2025 15:08:57,0.19047619047619047
04/11/2025 15:08:57,0.19047619047619047
04/11/2025 15:08:57,0.19047619047619047
04/11/2025 15:08:58,0.19047619047619047
04/11/2025 15:08:58,0.19047619047619047
04/11/2025 15:08:58,0.08695652173913043
04/11/2025 15:08:58,0.08695652173913043
04/11/2025 15:08:58,0.08695652173913043
04/11/2025 15:08:58,0.13636363636363635
04/11/2025 15:08:59,0.08695652173913043
04/11/2025 15:08:59,0.041666666666666664
04/11/2025 15:08:59,0.3157894736842105
04/11/2025 15:08:59,0.19047619047619047
04/11/2025 15:08:59,0.041666666666666664
04/11/2025 15:08:59,0.08695652173913043
04/11/2025 15:09:00,0.08695652173913043
04/11/2025 15:09:00,0.13636363636363635
04/11/2025 15:09:00,0.19047619047619047
04/11/2025 15:09:00,0.08695652173913043
04/11/2025 15:09:00,0.25
04/11/2025 15:09:00,0.13636363636363635
04/11/2025 15:09:00,0.0
04/11/2025 15:09:01,0.08695652173913043
04/11/2025 15:09:01,0.13636363636363635
04/11/2025 15:09:01,0.19047619047619047
04/11/2025 15:09:01,0.19047619047619047
04/11/2025 15:09:01,0.25
04/11/2025 15:09:01,0.08695652173913043
04/11/2025 15:09:02,0.13636363636363635
04/11/2025 15:09:02,0.13636363636363635
04/11/2025 15:09:02,0.041666666666666664
04/11/2025 15:09:02,0.19047619047619047
04/11/2025 15:09:02,0.041666666666666664
04/11/2025 15:09:02,0.13636363636363635
04/11/2025 15:09:03,0.13636363636363635
04/11/2025 15:09:03,0.25
04/11/2025 15:09:03,0.19047619047619047
04/11/2025 15:09:03,0.13636363636363635
04/11/2025 15:09:03,0.13636363636363635
04/11/2025 15:09:03,0.13636363636363635
04/11/2025 15:09:03,0.08695652173913043
04/11/2025 15:09:04,0.19047619047619047
04/11/2025 15:09:04,0.19047619047619047
04/11/2025 15:09:04,0.0
04/11/2025 15:09:04,0.19047619047619047
04/11/2025 15:09:04,0.13636363636363635
04/11/2025 15:09:04,0.25
04/11/2025 15:09:05,0.041666666666666664
04/11/2025 15:09:05,0.13636363636363635
04/11/2025 15:09:05,0.08695652173913043
04/11/2025 15:09:05,0.08695652173913043
04/11/2025 15:09:05,0.13636363636363635
04/11/2025 15:09:05,0.08695652173913043
04/11/2025 15:09:05,0.041666666666666664
04/11/2025 15:09:06,0.08695652173913043
04/11/2025 15:09:06,0.08695652173913043
04/11/2025 15:09:06,0.13636363636363635
04/11/2025 15:09:06,0.08695652173913043
04/11/2025 15:09:06,0.13636363636363635
04/11/2025 15:09:06,0.08695652173913043
04/11/2025 15:09:07,0.13636363636363635
04/11/2025 15:09:07,0.19047619047619047
04/11/2025 15:09:07,0.19047619047619047
04/11/2025 15:09:07,0.13636363636363635
04/11/2025 15:09:07,0.041666666666666664
04/11/2025 15:09:07,0.13636363636363635
04/11/2025 15:09:07,0.13636363636363635
04/11/2025 15:09:08,0.25
04/11/2025 15:09:08,0.13636363636363635
04/11/2025 15:09:08,0.19047619047619047
04/11/2025 15:09:08,0.25
04/11/2025 15:09:08,0.041666666666666664
04/11/2025 15:09:08,0.19047619047619047
04/11/2025 15:09:09,0.13636363636363635
04/11/2025 15:09:09,0.19047619047619047
04/11/2025 15:09:09,0.19047619047619047
04/11/2025 15:09:09,0.041666666666666664
04/11/2025 15:09:09,0.08695652173913043
04/11/2025 15:09:09,0.25
04/11/2025 15:09:09,0.13636363636363635
04/11/2025 15:09:10,0.08695652173913043
04/11/2025 15:09:10,0.13636363636363635
04/11/2025 15:09:10,0.041666666666666664
04/11/2025 15:09:10,0.19047619047619047
04/11/2025 15:09:10,0.19047619047619047
04/11/2025 15:09:10,0.3157894736842105
04/11/2025 15:09:11,0.041666666666666664
04/11/2025 15:09:11,0.19047619047619047
04/11/2025 15:09:11,0.3157894736842105
04/11/2025 15:09:11,0.13636363636363635
04/11/2025 15:09:11,0.0
04/11/2025 15:09:11,0.08695652173913043
04/11/2025 15:09:11,0.19047619047619047
04/11/2025 15:09:12,0.08695652173913043
04/11/2025 15:09:12,0.08695652173913043
04/11/2025 15:09:12,0.25
04/11/2025 15:09:12,0.08695652173913043
04/11/2025 15:09:12,0.19047619047619047
04/11/2025 15:09:12,0.19047619047619047
04/11/2025 15:09:13,0.19047619047619047
04/11/2025 15:09:13,0.25
04/11/2025 15:09:13,0.08695652173913043
04/11/2025 15:09:13,0.041666666666666664
04/11/2025 15:09:13,0.25
04/11/2025 15:09:13,0.19047619047619047
04/11/2025 15:09:13,0.13636363636363635
04/11/2025 15:09:14,0.08695652173913043
04/11/2025 15:09:14,0.08695652173913043
04/11/2025 15:09:14,0.041666666666666664
04/11/2025 15:09:14,0.19047619047619047
04/11/2025 15:09:14,0.0
04/11/2025 15:09:14,0.25
04/11/2025 15:09:15,0.19047619047619047
04/11/2025 15:09:15,0.19047619047619047
04/11/2025 15:09:15,0.25
04/11/2025 15:09:15,0.13636363636363635
04/11/2025 15:09:15,0.13636363636363635
04/11/2025 15:09:15,0.19047619047619047
04/11/2025 15:09:15,0.3888888888888889
04/11/2025 15:09:16,0.08695652173913043
04/11/2025 15:09:16,0.25
04/11/2025 15:09:16,0.08695652173913043
04/11/2025 15:09:16,0.041666666666666664
04/11/2025 15:09:16,0.25
04/11/2025 15:09:16,0.19047619047619047
04/11/2025 15:09:17,0.08695652173913043
04/11/2025 15:09:17,0.19047619047619047
04/11/2025 15:09:17,0.08695652173913043
04/11/2025 15:09:17,0.0
04/11/2025 15:09:17,0.08695652173913043
04/11/2025 15:09:17,0.19047619047619047
04/11/2025 15:09:17,0.08695652173913043
04/11/2025 15:09:18,0.041666666666666664
04/11/2025 15:09:18,0.08695652173913043
04/11/2025 15:09:18,0.19047619047619047
04/11/2025 15:09:18,0.19047619047619047
04/11/2025 15:09:18,0.13636363636363635
04/11/2025 15:09:18,0.19047619047619047
04/11/2025 15:09:19,0.13636363636363635
04/11/2025 15:09:19,0.19047619047619047
04/11/2025 15:09:19,0.13636363636363635
04/11/2025 15:09:19,0.041666666666666664
04/11/2025 15:09:19,0.08695652173913043
04/11/2025 15:09:19,0.13636363636363635
04/11/2025 15:09:20,0.13636363636363635
04/11/2025 15:09:20,0.13636363636363635
04/11/2025 15:09:20,0.13636363636363635
04/11/2025 15:09:20,0.19047619047619047
04/11/2025 15:09:20,0.25
04/11/2025 15:09:20,0.19047619047619047
04/11/2025 15:09:20,0.25
04/11/2025 15:09:21,0.08695652173913043
04/11/2025 15:09:21,0.08695652173913043
04/11/2025 15:09:21,0.08695652173913043
04/11/2025 15:09:21,0.19047619047619047
04/11/2025 15:09:21,0.08695652173913043
04/11/2025 15:09:21,0.25
04/11/2025 15:09:22,0.13636363636363635
04/11/2025 15:09:22,0.08695652173913043
04/11/2025 15:09:22,0.13636363636363635
04/11/2025 15:09:22,0.19047619047619047
04/11/2025 15:09:22,0.19047619047619047
04/11/2025 15:09:22,0.3157894736842105
04/11/2025 15:09:22,0.19047619047619047
04/11/2025 15:09:23,0.13636363636363635
04/11/2025 15:09:23,0.19047619047619047
04/11/2025 15:09:23,0.041666666666666664
04/11/2025 15:09:23,0.25
04/11/2025 15:09:23,0.13636363636363635
04/11/2025 15:09:23,0.25
04/11/2025 15:09:24,0.13636363636363635
04/11/2025 15:09:24,0.19047619047619047
04/11/2025 15:09:24,0.19047619047619047
04/11/2025 15:09:24,0.25
04/11/2025 15:09:24,0.3157894736842105
04/11/2025 15:09:24,0.08695652173913043
04/11/2025 15:09:24,0.13636363636363635
04/11/2025 15:09:25,0.3157894736842105
04/11/2025 15:09:25,0.13636363636363635
04/11/2025 15:09:25,0.13636363636363635
04/11/2025 15:09:25,0.0
04/11/2025 15:09:25,0.13636363636363635
04/11/2025 15:09:25,0.19047619047619047
04/11/2025 15:09:26,0.25
04/11/2025 15:09:26,0.13636363636363635
04/11/2025 15:09:26,0.19047619047619047
04/11/2025 15:09:26,0.13636363636363635
04/11/2025 15:09:26,0.041666666666666664
04/11/2025 15:09:26,0.08695652173913043
04/11/2025 15:09:26,0.19047619047619047
04/11/2025 15:09:27,0.13636363636363635
04/11/2025 15:09:27,0.13636363636363635
04/11/2025 15:09:27,0.13636363636363635
04/11/2025 15:09:27,0.08695652173913043
04/11/2025 15:09:27,0.13636363636363635
04/11/2025 15:09:27,0.13636363636363635
04/11/2025 15:09:28,0.13636363636363635
04/11/2025 15:09:28,0.08695652173913043
04/11/2025 15:09:28,0.19047619047619047
04/11/2025 15:09:28,0.041666666666666664
04/11/2025 15:09:28,0.08695652173913043
04/11/2025 15:09:28,0.19047619047619047
04/11/2025 15:09:29,0.13636363636363635
04/11/2025 15:09:29,0.19047619047619047
04/11/2025 15:09:29,0.25
04/11/2025 15:09:29,0.08695652173913043
04/11/2025 15:09:29,0.13636363636363635
04/11/2025 15:09:29,0.08695652173913043
04/11/2025 15:09:29,0.13636363636363635
04/11/2025 15:09:30,0.19047619047619047
04/11/2025 15:09:30,0.13636363636363635
04/11/2025 15:09:30,0.08695652173913043
04/11/2025 15:09:30,0.08695652173913043
04/11/2025 15:09:30,0.13636363636363635
04/11/2025 15:09:30,0.13636363636363635
04/11/2025 15:09:31,0.041666666666666664
04/11/2025 15:09:31,0.08695652173913043
04/11/2025 15:09:31,0.3157894736842105
04/11/2025 15:09:31,0.25
04/11/2025 15:09:31,0.19047619047619047
04/11/2025 15:09:31,0.08695652173913043
04/11/2025 15:09:31,0.041666666666666664
04/11/2025 15:09:32,0.19047619047619047
04/11/2025 15:09:32,0.19047619047619047
04/11/2025 15:09:32,0.08695652173913043
04/11/2025 15:09:32,0.13636363636363635
04/11/2025 15:09:32,0.13636363636363635
04/11/2025 15:09:32,0.041666666666666664
04/11/2025 15:09:33,0.25
04/11/2025 15:09:33,0.19047619047619047
04/11/2025 15:09:33,0.13636363636363635
04/11/2025 15:09:33,0.19047619047619047
04/11/2025 15:09:33,0.041666666666666664
04/11/2025 15:09:33,0.041666666666666664
04/11/2025 15:09:34,0.19047619047619047
04/11/2025 15:09:34,0.08695652173913043
04/11/2025 15:09:34,0.19047619047619047
04/11/2025 15:09:34,0.13636363636363635
04/11/2025 15:09:34,0.08695652173913043
04/11/2025 15:09:34,0.0
04/11/2025 15:09:34,0.13636363636363635
04/11/2025 15:09:35,0.25
04/11/2025 15:09:35,0.08695652173913043
04/11/2025 15:09:35,0.13636363636363635
04/11/2025 15:09:35,0.13636363636363635
04/11/2025 15:09:35,0.13636363636363635
04/11/2025 15:09:35,0.08695652173913043
04/11/2025 15:09:35,0.13636363636363635
04/11/2025 15:09:36,0.19047619047619047
04/11/2025 15:09:36,0.13636363636363635
04/11/2025 15:09:36,0.13636363636363635
04/11/2025 15:09:36,0.13636363636363635
04/11/2025 15:09:36,0.13636363636363635
04/11/2025 15:09:36,0.041666666666666664
04/11/2025 15:09:37,0.13636363636363635
04/11/2025 15:09:37,0.08695652173913043
04/11/2025 15:09:37,0.19047619047619047
04/11/2025 15:09:37,0.08695652173913043
04/11/2025 15:09:37,0.19047619047619047
04/11/2025 15:09:37,0.13636363636363635
04/11/2025 15:09:38,0.3157894736842105
04/11/2025 15:09:38,0.041666666666666664
04/11/2025 15:09:38,0.041666666666666664
04/11/2025 15:09:38,0.19047619047619047
04/11/2025 15:09:38,0.13636363636363635
04/11/2025 15:09:38,0.13636363636363635
04/11/2025 15:09:38,0.19047619047619047
04/11/2025 15:09:39,0.13636363636363635
04/11/2025 15:09:39,0.3888888888888889
04/11/2025 15:09:39,0.13636363636363635
04/11/2025 15:09:39,0.08695652173913043
04/11/2025 15:09:39,0.0
04/11/2025 15:09:39,0.19047619047619047
04/11/2025 15:09:40,0.041666666666666664
04/11/2025 15:09:40,0.19047619047619047
04/11/2025 15:09:40,0.25
04/11/2025 15:09:40,0.19047619047619047
04/11/2025 15:09:40,0.13636363636363635
04/11/2025 15:09:40,0.08695652173913043
04/11/2025 15:09:40,0.13636363636363635
04/11/2025 15:09:41,0.08695652173913043
04/11/2025 15:09:41,0.13636363636363635
04/11/2025 15:09:41,0.08695652173913043
04/11/2025 15:09:41,0.19047619047619047
04/11/2025 15:09:41,0.08695652173913043
04/11/2025 15:09:41,0.08695652173913043
04/11/2025 15:09:42,0.13636363636363635
04/11/2025 15:09:42,0.13636363636363635
04/11/2025 15:09:42,0.13636363636363635
04/11/2025 15:09:42,0.13636363636363635
04/11/2025 15:09:42,0.19047619047619047
04/11/2025 15:09:42,0.3157894736842105
04/11/2025 15:09:42,0.13636363636363635
04/11/2025 15:09:43,0.13636363636363635
04/11/2025 15:09:43,0.13636363636363635
04/11/2025 15:09:43,0.25
04/11/2025 15:09:43,0.19047619047619047
04/11/2025 15:09:43,0.19047619047619047
04/11/2025 15:09:43,0.19047619047619047
04/11/2025 15:09:44,0.19047619047619047
04/11/2025 15:09:44,0.13636363636363635
04/11/2025 15:09:44,0.13636363636363635
04/11/2025 15:09:44,0.19047619047619047
04/11/2025 15:09:44,0.041666666666666664
04/11/2025 15:09:44,0.08695652173913043
04/11/2025 15:09:45,0.08695652173913043
04/11/2025 15:09:45,0.13636363636363635
04/11/2025 15:09:45,0.13636363636363635
04/11/2025 15:09:45,0.13636363636363635
04/11/2025 15:09:45,0.25
04/11/2025 15:09:45,0.19047619047619047
04/11/2025 15:09:45,0.19047619047619047
04/11/2025 15:09:46,0.08695652173913043
04/11/2025 15:09:46,0.13636363636363635
04/11/2025 15:09:46,0.08695652173913043
04/11/2025 15:09:46,0.13636363636363635
04/11/2025 15:09:46,0.19047619047619047
04/11/2025 15:09:46,0.13636363636363635
04/11/2025 15:09:47,0.08695652173913043
04/11/2025 15:09:47,0.0
04/11/2025 15:09:47,0.25
04/11/2025 15:09:47,0.13636363636363635
04/11/2025 15:09:47,0.041666666666666664
04/11/2025 15:09:47,0.13636363636363635
04/11/2025 15:09:47,0.25
04/11/2025 15:09:48,0.08695652173913043
04/11/2025 15:09:48,0.08695652173913043
04/11/2025 15:09:48,0.08695652173913043
04/11/2025 15:09:48,0.13636363636363635
04/11/2025 15:09:48,0.19047619047619047
04/11/2025 15:09:48,0.19047619047619047
04/11/2025 15:09:49,0.19047619047619047
04/11/2025 15:09:49,0.08695652173913043
04/11/2025 15:09:49,0.25
04/11/2025 15:09:49,0.25
04/11/2025 15:09:49,0.19047619047619047
04/11/2025 15:09:49,0.0
04/11/2025 15:09:50,0.13636363636363635
04/11/2025 15:09:50,0.25
04/11/2025 15:09:50,0.08695652173913043
04/11/2025 15:09:50,0.041666666666666664
04/11/2025 15:09:50,0.08695652173913043
04/11/2025 15:09:50,0.19047619047619047
04/11/2025 15:09:50,0.13636363636363635
04/11/2025 15:09:51,0.08695652173913043
04/11/2025 15:09:51,0.041666666666666664
04/11/2025 15:09:51,0.13636363636363635
04/11/2025 15:09:51,0.13636363636363635
04/11/2025 15:09:51,0.13636363636363635
04/11/2025 15:09:51,0.13636363636363635
04/11/2025 15:09:52,0.13636363636363635
04/11/2025 15:09:52,0.13636363636363635
04/11/2025 15:09:52,0.13636363636363635
04/11/2025 15:09:52,0.13636363636363635
04/11/2025 15:09:52,0.041666666666666664
04/11/2025 15:09:52,0.19047619047619047
04/11/2025 15:09:53,0.25
04/11/2025 15:09:53,0.08695652173913043
04/11/2025 15:09:53,0.08695652173913043
04/11/2025 15:09:53,0.13636363636363635
04/11/2025 15:09:53,0.25
04/11/2025 15:09:53,0.19047619047619047
04/11/2025 15:09:54,0.13636363636363635
04/11/2025 15:09:54,0.13636363636363635
04/11/2025 15:09:54,0.13636363636363635
04/11/2025 15:09:54,0.19047619047619047
04/11/2025 15:09:54,0.13636363636363635
04/11/2025 15:09:54,0.08695652173913043
04/11/2025 15:09:54,0.08695652173913043
04/11/2025 15:09:55,0.13636363636363635
04/11/2025 15:09:55,0.19047619047619047
04/11/2025 15:09:55,0.041666666666666664
04/11/2025 15:09:55,0.19047619047619047
04/11/2025 15:09:55,0.08695652173913043
04/11/2025 15:09:55,0.08695652173913043
04/11/2025 15:09:56,0.3888888888888889
04/11/2025 15:09:56,0.19047619047619047
04/11/2025 15:09:56,0.08695652173913043
04/11/2025 15:09:56,0.08695652173913043
04/11/2025 15:09:56,0.13636363636363635
04/11/2025 15:09:56,0.19047619047619047
04/11/2025 15:09:57,0.13636363636363635
04/11/2025 15:09:57,0.13636363636363635
04/11/2025 15:09:57,0.13636363636363635
04/11/2025 15:09:57,0.19047619047619047
04/11/2025 15:09:57,0.041666666666666664
04/11/2025 15:09:57,0.19047619047619047
04/11/2025 15:09:58,0.041666666666666664
04/11/2025 15:09:58,0.19047619047619047
04/11/2025 15:09:58,0.13636363636363635
04/11/2025 15:09:58,0.08695652173913043
04/11/2025 15:09:58,0.19047619047619047
04/11/2025 15:09:58,0.041666666666666664
04/11/2025 15:09:58,0.19047619047619047
04/11/2025 15:09:59,0.13636363636363635
04/11/2025 15:09:59,0.3157894736842105
04/11/2025 15:09:59,0.19047619047619047
04/11/2025 15:09:59,0.19047619047619047
04/11/2025 15:09:59,0.13636363636363635
04/11/2025 15:09:59,0.08695652173913043
04/11/2025 15:10:00,0.0
04/11/2025 15:10:00,0.19047619047619047
04/11/2025 15:10:00,0.19047619047619047
04/11/2025 15:10:00,0.08695652173913043
04/11/2025 15:10:00,0.25
04/11/2025 15:10:00,0.13636363636363635
04/11/2025 15:10:01,0.041666666666666664
04/11/2025 15:10:01,0.041666666666666664
04/11/2025 15:10:01,0.25
04/11/2025 15:10:01,0.13636363636363635
04/11/2025 15:10:01,0.08695652173913043
04/11/2025 15:10:01,0.13636363636363635
04/11/2025 15:10:02,0.08695652173913043
04/11/2025 15:10:02,0.13636363636363635
04/11/2025 15:10:02,0.13636363636363635
04/11/2025 15:10:02,0.13636363636363635
04/11/2025 15:10:02,0.041666666666666664
04/11/2025 15:10:02,0.08695652173913043
04/11/2025 15:10:02,0.25
04/11/2025 15:10:04,0.19047619047619047
04/11/2025 15:10:04,0.13636363636363635
04/11/2025 15:10:04,0.08695652173913043
04/11/2025 15:10:04,0.13636363636363635
04/11/2025 15:10:04,0.13636363636363635
04/11/2025 15:10:04,0.13636363636363635
04/11/2025 15:10:05,0.08695652173913043
04/11/2025 15:10:05,0.13636363636363635
04/11/2025 15:10:05,0.041666666666666664
04/11/2025 15:10:05,0.041666666666666664
04/11/2025 15:10:05,0.19047619047619047
04/11/2025 15:10:05,0.25
04/11/2025 15:10:06,0.19047619047619047
04/11/2025 15:10:06,0.08695652173913043
04/11/2025 15:10:06,0.13636363636363635
04/11/2025 15:10:06,0.08695652173913043
04/11/2025 15:10:06,0.3157894736842105
04/11/2025 15:10:06,0.08695652173913043
04/11/2025 15:10:07,0.0
04/11/2025 15:10:07,0.13636363636363635
04/11/2025 15:10:07,0.13636363636363635
04/11/2025 15:10:07,0.13636363636363635
04/11/2025 15:10:07,0.19047619047619047
04/11/2025 15:10:07,0.08695652173913043
04/11/2025 15:10:08,0.13636363636363635
04/11/2025 15:10:08,0.25
04/11/2025 15:10:08,0.19047619047619047
04/11/2025 15:10:08,0.041666666666666664
04/11/2025 15:10:08,0.08695652173913043
04/11/2025 15:10:08,0.25
04/11/2025 15:10:08,0.08695652173913043
04/11/2025 15:10:09,0.08695652173913043
04/11/2025 15:10:09,0.19047619047619047
04/11/2025 15:10:09,0.13636363636363635
04/11/2025 15:10:09,0.3157894736842105
04/11/2025 15:10:09,0.08695652173913043
04/11/2025 15:10:09,0.08695652173913043
04/11/2025 15:10:10,0.19047619047619047
04/11/2025 15:10:10,0.041666666666666664
04/11/2025 15:10:10,0.13636363636363635
04/11/2025 15:10:10,0.08695652173913043
04/11/2025 15:10:10,0.19047619047619047
04/11/2025 15:10:10,0.13636363636363635
04/11/2025 15:10:11,0.19047619047619047
04/11/2025 15:10:11,0.25
04/11/2025 15:10:11,0.041666666666666664
04/11/2025 15:10:11,0.08695652173913043
04/11/2025 15:10:11,0.08695652173913043
04/11/2025 15:10:11,0.13636363636363635
04/11/2025 15:10:12,0.19047619047619047
04/11/2025 15:10:12,0.08695652173913043
04/11/2025 15:10:12,0.19047619047619047
04/11/2025 15:10:12,0.08695652173913043
04/11/2025 15:10:12,0.08695652173913043
04/11/2025 15:10:12,0.13636363636363635
04/11/2025 15:10:12,0.19047619047619047
04/11/2025 15:10:13,0.041666666666666664
04/11/2025 15:10:13,0.08695652173913043
04/11/2025 15:10:13,0.13636363636363635
04/11/2025 15:10:13,0.19047619047619047
04/11/2025 15:10:13,0.25
04/11/2025 15:10:13,0.08695652173913043
04/11/2025 15:10:14,0.19047619047619047
04/11/2025 15:10:14,0.19047619047619047
04/11/2025 15:10:14,0.19047619047619047
04/11/2025 15:10:14,0.08695652173913043
04/11/2025 15:10:14,0.08695652173913043
04/11/2025 15:10:14,0.08695652173913043
04/11/2025 15:10:15,0.19047619047619047
04/11/2025 15:10:15,0.08695652173913043
04/11/2025 15:10:15,0.19047619047619047
04/11/2025 15:10:15,0.08695652173913043
04/11/2025 15:10:15,0.19047619047619047
04/11/2025 15:10:15,0.13636363636363635
04/11/2025 15:10:16,0.19047619047619047
04/11/2025 15:10:16,0.08695652173913043
04/11/2025 15:10:16,0.041666666666666664
04/11/2025 15:10:16,0.08695652173913043
04/11/2025 15:10:16,0.0
04/11/2025 15:10:16,0.19047619047619047
04/11/2025 15:10:17,0.08695652173913043
04/11/2025 15:10:17,0.08695652173913043
04/11/2025 15:10:17,0.13636363636363635
04/11/2025 15:10:17,0.08695652173913043
04/11/2025 15:10:17,0.13636363636363635
04/11/2025 15:10:17,0.08695652173913043
04/11/2025 15:10:18,0.08695652173913043
04/11/2025 15:10:18,0.13636363636363635
04/11/2025 15:10:18,0.08695652173913043
04/11/2025 15:10:18,0.08695652173913043
04/11/2025 15:10:18,0.041666666666666664
04/11/2025 15:10:18,0.19047619047619047
04/11/2025 15:10:19,0.08695652173913043
04/11/2025 15:10:19,0.19047619047619047
04/11/2025 15:10:19,0.041666666666666664
04/11/2025 15:10:19,0.13636363636363635
04/11/2025 15:10:19,0.041666666666666664
04/11/2025 15:10:19,0.25
04/11/2025 15:10:19,0.08695652173913043
04/11/2025 15:10:20,0.13636363636363635
04/11/2025 15:10:20,0.08695652173913043
04/11/2025 15:10:20,0.13636363636363635
04/11/2025 15:10:20,0.041666666666666664
04/11/2025 15:10:20,0.3157894736842105
04/11/2025 15:10:20,0.08695652173913043
04/11/2025 15:10:21,0.041666666666666664
04/11/2025 15:10:21,0.19047619047619047
04/11/2025 15:10:21,0.13636363636363635
04/11/2025 15:10:21,0.13636363636363635
04/11/2025 15:10:21,0.19047619047619047
04/11/2025 15:10:21,0.13636363636363635
04/11/2025 15:10:22,0.0
04/11/2025 15:10:22,0.13636363636363635
04/11/2025 15:10:22,0.13636363636363635
04/11/2025 15:10:22,0.13636363636363635
04/11/2025 15:10:22,0.08695652173913043
04/11/2025 15:10:22,0.08695652173913043
04/11/2025 15:10:23,0.25
04/11/2025 15:10:23,0.13636363636363635
04/11/2025 15:10:23,0.08695652173913043
04/11/2025 15:10:23,0.13636363636363635
04/11/2025 15:10:23,0.13636363636363635
04/11/2025 15:10:23,0.19047619047619047
04/11/2025 15:10:24,0.19047619047619047
04/11/2025 15:10:24,0.08695652173913043
04/11/2025 15:10:24,0.041666666666666664
04/11/2025 15:10:24,0.041666666666666664
04/11/2025 15:10:24,0.08695652173913043
04/11/2025 15:10:24,0.13636363636363635
04/11/2025 15:10:24,0.13636363636363635
04/11/2025 15:10:25,0.08695652173913043
04/11/2025 15:10:25,0.25
04/11/2025 15:10:25,0.041666666666666664
04/11/2025 15:10:25,0.08695652173913043
04/11/2025 15:10:25,0.13636363636363635
04/11/2025 15:10:25,0.13636363636363635
04/11/2025 15:10:26,0.08695652173913043
04/11/2025 15:10:26,0.08695652173913043
04/11/2025 15:10:26,0.13636363636363635
04/11/2025 15:10:26,0.13636363636363635
04/11/2025 15:10:26,0.19047619047619047
04/11/2025 15:10:26,0.13636363636363635
04/11/2025 15:10:27,0.0
04/11/2025 15:10:27,0.08695652173913043
04/11/2025 15:10:27,0.08695652173913043
04/11/2025 15:10:27,0.13636363636363635
04/11/2025 15:10:27,0.19047619047619047
04/11/2025 15:10:27,0.3888888888888889
04/11/2025 15:10:28,0.19047619047619047
04/11/2025 15:10:28,0.08695652173913043
04/11/2025 15:10:28,0.041666666666666664
04/11/2025 15:10:28,0.13636363636363635
04/11/2025 15:10:28,0.19047619047619047
04/11/2025 15:10:28,0.19047619047619047
04/11/2025 15:10:28,0.13636363636363635
04/11/2025 15:10:29,0.08695652173913043
04/11/2025 15:10:29,0.19047619047619047
04/11/2025 15:10:29,0.08695652173913043
04/11/2025 15:10:29,0.13636363636363635
04/11/2025 15:10:29,0.041666666666666664
04/11/2025 15:10:29,0.13636363636363635
04/11/2025 15:10:30,0.08695652173913043
04/11/2025 15:10:30,0.25
04/11/2025 15:10:30,0.19047619047619047
04/11/2025 15:10:30,0.08695652173913043
04/11/2025 15:10:30,0.13636363636363635
04/11/2025 15:10:30,0.13636363636363635
04/11/2025 15:10:31,0.041666666666666664
04/11/2025 15:10:31,0.13636363636363635
04/11/2025 15:10:31,0.08695652173913043
04/11/2025 15:10:31,0.13636363636363635
04/11/2025 15:10:31,0.19047619047619047
04/11/2025 15:10:31,0.08695652173913043
04/11/2025 15:10:32,0.08695652173913043
04/11/2025 15:10:32,0.13636363636363635
04/11/2025 15:10:32,0.041666666666666664
04/11/2025 15:10:32,0.13636363636363635
04/11/2025 15:10:32,0.19047619047619047
04/11/2025 15:10:32,0.19047619047619047
04/11/2025 15:10:33,0.08695652173913043
04/11/2025 15:10:33,0.13636363636363635
04/11/2025 15:10:33,0.041666666666666664
04/11/2025 15:10:33,0.19047619047619047
04/11/2025 15:10:33,0.041666666666666664
04/11/2025 15:10:33,0.13636363636363635
04/11/2025 15:10:33,0.041666666666666664
04/11/2025 15:10:34,0.041666666666666664
04/11/2025 15:10:34,0.19047619047619047
04/11/2025 15:10:34,0.47058823529411764
04/11/2025 15:10:34,0.19047619047619047
04/11/2025 15:10:34,0.19047619047619047
04/11/2025 15:10:34,0.08695652173913043
04/11/2025 15:10:35,0.08695652173913043
04/11/2025 15:10:35,0.19047619047619047
04/11/2025 15:10:35,0.13636363636363635
04/11/2025 15:10:35,0.13636363636363635
04/11/2025 15:10:35,0.19047619047619047
04/11/2025 15:10:35,0.13636363636363635
04/11/2025 15:10:36,0.19047619047619047
04/11/2025 15:10:36,0.13636363636363635
04/11/2025 15:10:36,0.19047619047619047
04/11/2025 15:10:36,0.13636363636363635
04/11/2025 15:10:36,0.08695652173913043
04/11/2025 15:10:36,0.19047619047619047
04/11/2025 15:10:37,0.19047619047619047
04/11/2025 15:10:37,0.19047619047619047
04/11/2025 15:10:37,0.08695652173913043
04/11/2025 15:10:37,0.19047619047619047
04/11/2025 15:10:37,0.19047619047619047
04/11/2025 15:10:37,0.13636363636363635
04/11/2025 15:10:38,0.08695652173913043
04/11/2025 15:10:38,0.19047619047619047
04/11/2025 15:10:38,0.08695652173913043
04/11/2025 15:10:38,0.08695652173913043
04/11/2025 15:10:38,0.13636363636363635
04/11/2025 15:10:38,0.19047619047619047
04/11/2025 15:10:39,0.08695652173913043
04/11/2025 15:10:39,0.08695652173913043
04/11/2025 15:10:39,0.13636363636363635
04/11/2025 15:10:39,0.13636363636363635
04/11/2025 15:10:39,0.13636363636363635
04/11/2025 15:10:39,0.041666666666666664
04/11/2025 15:10:39,0.08695652173913043
04/11/2025 15:10:40,0.08695652173913043
04/11/2025 15:10:40,0.041666666666666664
04/11/2025 15:10:40,0.13636363636363635
04/11/2025 15:10:40,0.19047619047619047
04/11/2025 15:10:40,0.08695652173913043
04/11/2025 15:10:40,0.25
04/11/2025 15:10:41,0.08695652173913043
04/11/2025 15:10:41,0.08695652173913043
04/11/2025 15:10:41,0.08695652173913043
04/11/2025 15:10:41,0.041666666666666664
04/11/2025 15:10:41,0.25
04/11/2025 15:10:41,0.13636363636363635
04/11/2025 15:10:42,0.13636363636363635
04/11/2025 15:10:42,0.041666666666666664
04/11/2025 15:10:42,0.08695652173913043
04/11/2025 15:10:42,0.19047619047619047
04/11/2025 15:10:42,0.19047619047619047
04/11/2025 15:10:42,0.08695652173913043
04/11/2025 15:10:42,0.041666666666666664
04/11/2025 15:10:43,0.25
04/11/2025 15:10:43,0.08695652173913043
04/11/2025 15:10:43,0.19047619047619047
04/11/2025 15:10:43,0.19047619047619047
04/11/2025 15:10:43,0.25
04/11/2025 15:10:43,0.13636363636363635
04/11/2025 15:10:44,0.13636363636363635
04/11/2025 15:10:44,0.041666666666666664
04/11/2025 15:10:44,0.08695652173913043
04/11/2025 15:10:44,0.13636363636363635
04/11/2025 15:10:44,0.19047619047619047
04/11/2025 15:10:44,0.13636363636363635
04/11/2025 15:10:44,0.25
04/11/2025 15:10:45,0.19047619047619047
04/11/2025 15:10:45,0.13636363636363635
04/11/2025 15:10:45,0.13636363636363635
04/11/2025 15:10:45,0.041666666666666664
04/11/2025 15:10:45,0.13636363636363635
04/11/2025 15:10:45,0.19047619047619047
04/11/2025 15:10:46,0.08695652173913043
04/11/2025 15:10:46,0.041666666666666664
04/11/2025 15:10:46,0.041666666666666664
04/11/2025 15:10:46,0.08695652173913043
04/11/2025 15:10:46,0.13636363636363635
04/11/2025 15:10:46,0.041666666666666664
04/11/2025 15:10:47,0.13636363636363635
04/11/2025 15:10:47,0.041666666666666664
04/11/2025 15:10:47,0.19047619047619047
04/11/2025 15:10:47,0.13636363636363635
04/11/2025 15:10:47,0.13636363636363635
04/11/2025 15:10:47,0.25
04/11/2025 15:10:47,0.041666666666666664
04/11/2025 15:10:48,0.3157894736842105
04/11/2025 15:10:48,0.19047619047619047
04/11/2025 15:10:48,0.08695652173913043
04/11/2025 15:10:48,0.041666666666666664
04/11/2025 15:10:48,0.041666666666666664
04/11/2025 15:10:48,0.0
04/11/2025 15:10:49,0.13636363636363635
04/11/2025 15:10:49,0.19047619047619047
04/11/2025 15:10:49,0.08695652173913043
04/11/2025 15:10:49,0.041666666666666664
04/11/2025 15:10:49,0.19047619047619047
04/11/2025 15:10:49,0.08695652173913043
04/11/2025 15:10:49,0.041666666666666664
04/11/2025 15:10:50,0.19047619047619047
04/11/2025 15:10:50,0.13636363636363635
04/11/2025 15:10:50,0.08695652173913043
04/11/2025 15:10:50,0.19047619047619047
04/11/2025 15:10:50,0.08695652173913043
04/11/2025 15:10:50,0.13636363636363635
04/11/2025 15:10:51,0.041666666666666664
04/11/2025 15:10:51,0.19047619047619047
04/11/2025 15:10:51,0.08695652173913043
04/11/2025 15:10:51,0.13636363636363635
04/11/2025 15:10:51,0.19047619047619047
04/11/2025 15:10:51,0.08695652173913043
04/11/2025 15:10:52,0.13636363636363635
04/11/2025 15:10:52,0.08695652173913043
04/11/2025 15:10:52,0.19047619047619047
04/11/2025 15:10:52,0.0
04/11/2025 15:10:52,0.19047619047619047
04/11/2025 15:10:52,0.0
04/11/2025 15:10:53,0.13636363636363635
04/11/2025 15:10:53,0.19047619047619047
04/11/2025 15:10:53,0.13636363636363635
04/11/2025 15:10:53,0.19047619047619047
04/11/2025 15:10:53,0.19047619047619047
04/11/2025 15:10:53,0.13636363636363635
04/11/2025 15:10:53,0.13636363636363635
04/11/2025 15:10:54,0.08695652173913043
04/11/2025 15:10:54,0.0
04/11/2025 15:10:54,0.25
04/11/2025 15:10:54,0.13636363636363635
04/11/2025 15:10:54,0.19047619047619047
04/11/2025 15:10:54,0.19047619047619047
04/11/2025 15:10:55,0.19047619047619047
04/11/2025 15:10:55,0.08695652173913043
04/11/2025 15:10:55,0.08695652173913043
04/11/2025 15:10:55,0.3157894736842105
04/11/2025 15:10:55,0.08695652173913043
04/11/2025 15:10:55,0.08695652173913043
04/11/2025 15:10:56,0.13636363636363635
04/11/2025 15:10:56,0.041666666666666664
04/11/2025 15:10:56,0.13636363636363635
04/11/2025 15:10:56,0.041666666666666664
04/11/2025 15:10:56,0.19047619047619047
04/11/2025 15:10:56,0.08695652173913043
04/11/2025 15:10:56,0.13636363636363635
04/11/2025 15:10:57,0.08695652173913043
04/11/2025 15:10:57,0.25
04/11/2025 15:10:57,0.0
04/11/2025 15:10:57,0.08695652173913043
04/11/2025 15:10:57,0.041666666666666664
04/11/2025 15:10:57,0.13636363636363635
04/11/2025 15:10:58,0.19047619047619047
04/11/2025 15:10:58,0.041666666666666664
04/11/2025 15:10:58,0.25
04/11/2025 15:10:58,0.13636363636363635
04/11/2025 15:10:58,0.19047619047619047
04/11/2025 15:10:58,0.13636363636363635
04/11/2025 15:10:58,0.19047619047619047
04/11/2025 15:10:59,0.13636363636363635
04/11/2025 15:10:59,0.13636363636363635
04/11/2025 15:10:59,0.13636363636363635
04/11/2025 15:10:59,0.13636363636363635
04/11/2025 15:10:59,0.08695652173913043
04/11/2025 15:10:59,0.13636363636363635
04/11/2025 15:11:00,0.13636363636363635
04/11/2025 15:11:00,0.13636363636363635
04/11/2025 15:11:00,0.19047619047619047
04/11/2025 15:11:00,0.19047619047619047
04/11/2025 15:11:00,0.25
04/11/2025 15:11:00,0.08695652173913043
04/11/2025 15:11:00,0.08695652173913043
04/11/2025 15:11:01,0.08695652173913043
04/11/2025 15:11:01,0.041666666666666664
04/11/2025 15:11:01,0.13636363636363635
04/11/2025 15:11:01,0.13636363636363635
04/11/2025 15:11:01,0.08695652173913043
04/11/2025 15:11:01,0.13636363636363635
04/11/2025 15:11:02,0.13636363636363635
04/11/2025 15:11:02,0.19047619047619047
04/11/2025 15:11:02,0.25
04/11/2025 15:11:02,0.25
04/11/2025 15:11:02,0.19047619047619047
04/11/2025 15:11:02,0.0
04/11/2025 15:11:02,0.19047619047619047
04/11/2025 15:11:03,0.19047619047619047
04/11/2025 15:11:03,0.08695652173913043
04/11/2025 15:11:03,0.25
04/11/2025 15:11:03,0.25
04/11/2025 15:11:03,0.08695652173913043
04/11/2025 15:11:03,0.13636363636363635
04/11/2025 15:11:04,0.08695652173913043
04/11/2025 15:11:04,0.08695652173913043
04/11/2025 15:11:04,0.13636363636363635
04/11/2025 15:11:04,0.13636363636363635
04/11/2025 15:11:04,0.13636363636363635
04/11/2025 15:11:04,0.13636363636363635
04/11/2025 15:11:05,0.041666666666666664
04/11/2025 15:11:05,0.19047619047619047
04/11/2025 15:11:05,0.08695652173913043
04/11/2025 15:11:05,0.13636363636363635
04/11/2025 15:11:05,0.19047619047619047
04/11/2025 15:11:05,0.25
04/11/2025 15:11:06,0.13636363636363635
04/11/2025 15:11:06,0.08695652173913043
04/11/2025 15:11:06,0.13636363636363635
04/11/2025 15:11:06,0.25
04/11/2025 15:11:06,0.19047619047619047
04/11/2025 15:11:06,0.041666666666666664
04/11/2025 15:11:06,0.13636363636363635
04/11/2025 15:11:07,0.13636363636363635
04/11/2025 15:11:07,0.13636363636363635
04/11/2025 15:11:07,0.25
04/11/2025 15:11:07,0.13636363636363635
04/11/2025 15:11:07,0.08695652173913043
04/11/2025 15:11:07,0.08695652173913043
04/11/2025 15:11:08,0.25
04/11/2025 15:11:08,0.13636363636363635
04/11/2025 15:11:08,0.041666666666666664
04/11/2025 15:11:08,0.041666666666666664
04/11/2025 15:11:08,0.25
04/11/2025 15:11:08,0.13636363636363635
04/11/2025 15:11:08,0.13636363636363635
04/11/2025 15:11:09,0.19047619047619047
04/11/2025 15:11:09,0.13636363636363635
04/11/2025 15:11:09,0.08695652173913043
04/11/2025 15:11:09,0.08695652173913043
04/11/2025 15:11:09,0.13636363636363635
04/11/2025 15:11:09,0.19047619047619047
04/11/2025 15:11:10,0.08695652173913043
04/11/2025 15:11:10,0.08695652173913043
04/11/2025 15:11:10,0.19047619047619047
04/11/2025 15:11:10,0.13636363636363635
04/11/2025 15:11:10,0.19047619047619047
04/11/2025 15:11:10,0.3157894736842105
04/11/2025 15:11:10,0.08695652173913043
04/11/2025 15:11:11,0.13636363636363635
04/11/2025 15:11:11,0.08695652173913043
04/11/2025 15:11:11,0.3157894736842105
04/11/2025 15:11:11,0.3157894736842105
04/11/2025 15:11:11,0.13636363636363635
04/11/2025 15:11:11,0.13636363636363635
04/11/2025 15:11:12,0.25
04/11/2025 15:11:12,0.13636363636363635
04/11/2025 15:11:12,0.3157894736842105
04/11/2025 15:11:12,0.08695652173913043
04/11/2025 15:11:12,0.13636363636363635
04/11/2025 15:11:12,0.13636363636363635
04/11/2025 15:11:13,0.19047619047619047
04/11/2025 15:11:13,0.08695652173913043
04/11/2025 15:11:13,0.041666666666666664
04/11/2025 15:11:13,0.041666666666666664
04/11/2025 15:11:13,0.08695652173913043
04/11/2025 15:11:13,0.08695652173913043
04/11/2025 15:11:13,0.19047619047619047
04/11/2025 15:11:14,0.19047619047619047
04/11/2025 15:11:14,0.19047619047619047
04/11/2025 15:11:14,0.08695652173913043
04/11/2025 15:11:14,0.25
04/11/2025 15:11:14,0.08695652173913043
04/11/2025 15:11:14,0.19047619047619047
04/11/2025 15:11:15,0.25
04/11/2025 15:11:15,0.041666666666666664
04/11/2025 15:11:15,0.19047619047619047
04/11/2025 15:11:15,0.13636363636363635
04/11/2025 15:11:15,0.19047619047619047
04/11/2025 15:11:15,0.13636363636363635
04/11/2025 15:11:16,0.19047619047619047
04/11/2025 15:11:16,0.041666666666666664
04/11/2025 15:11:16,0.08695652173913043
04/11/2025 15:11:16,0.25
04/11/2025 15:11:16,0.19047619047619047
04/11/2025 15:11:16,0.13636363636363635
04/11/2025 15:11:17,0.13636363636363635
04/11/2025 15:11:17,0.13636363636363635
04/11/2025 15:11:17,0.08695652173913043
04/11/2025 15:11:17,0.08695652173913043
04/11/2025 15:11:17,0.19047619047619047
04/11/2025 15:11:17,0.0
04/11/2025 15:11:17,0.08695652173913043
04/11/2025 15:11:18,0.08695652173913043
04/11/2025 15:11:18,0.08695652173913043
04/11/2025 15:11:18,0.25
04/11/2025 15:11:18,0.13636363636363635
04/11/2025 15:11:18,0.08695652173913043
04/11/2025 15:11:18,0.19047619047619047
04/11/2025 15:11:19,0.13636363636363635
04/11/2025 15:11:19,0.041666666666666664
04/11/2025 15:11:19,0.25
04/11/2025 15:11:19,0.13636363636363635
04/11/2025 15:11:19,0.19047619047619047
04/11/2025 15:11:19,0.08695652173913043
04/11/2025 15:11:19,0.19047619047619047
04/11/2025 15:11:20,0.13636363636363635
04/11/2025 15:11:20,0.0
04/11/2025 15:11:20,0.25
04/11/2025 15:11:20,0.13636363636363635
04/11/2025 15:11:20,0.3157894736842105
04/11/2025 15:11:20,0.041666666666666664
04/11/2025 15:11:21,0.13636363636363635
04/11/2025 15:11:21,0.25
04/11/2025 15:11:21,0.25
04/11/2025 15:11:21,0.041666666666666664
04/11/2025 15:11:21,0.08695652173913043
04/11/2025 15:11:21,0.19047619047619047
04/11/2025 15:11:21,0.041666666666666664
04/11/2025 15:11:22,0.25
04/11/2025 15:11:22,0.08695652173913043
04/11/2025 15:11:22,0.08695652173913043
04/11/2025 15:11:22,0.13636363636363635
04/11/2025 15:11:22,0.041666666666666664
04/11/2025 15:11:22,0.041666666666666664
04/11/2025 15:11:23,0.13636363636363635
04/11/2025 15:11:23,0.08695652173913043
04/11/2025 15:11:23,0.13636363636363635
04/11/2025 15:11:23,0.13636363636363635
04/11/2025 15:11:23,0.19047619047619047
04/11/2025 15:11:23,0.19047619047619047
04/11/2025 15:11:23,0.19047619047619047
04/11/2025 15:11:24,0.19047619047619047
04/11/2025 15:11:24,0.13636363636363635
04/11/2025 15:11:24,0.08695652173913043
04/11/2025 15:11:24,0.13636363636363635
04/11/2025 15:11:24,0.08695652173913043
04/11/2025 15:11:24,0.19047619047619047
04/11/2025 15:11:25,0.13636363636363635
04/11/2025 15:11:25,0.08695652173913043
04/11/2025 15:11:25,0.08695652173913043
04/11/2025 15:11:25,0.08695652173913043
04/11/2025 15:11:25,0.041666666666666664
04/11/2025 15:11:25,0.13636363636363635
04/11/2025 15:11:26,0.13636363636363635
04/11/2025 15:11:26,0.13636363636363635
04/11/2025 15:11:26,0.19047619047619047
04/11/2025 15:11:26,0.25
04/11/2025 15:11:26,0.19047619047619047
04/11/2025 15:11:26,0.041666666666666664
04/11/2025 15:11:26,0.19047619047619047
04/11/2025 15:11:27,0.13636363636363635
04/11/2025 15:11:27,0.3157894736842105
04/11/2025 15:11:27,0.13636363636363635
04/11/2025 15:11:27,0.19047619047619047
04/11/2025 15:11:27,0.13636363636363635
04/11/2025 15:11:27,0.13636363636363635
04/11/2025 15:11:28,0.041666666666666664
04/11/2025 15:11:28,0.08695652173913043
04/11/2025 15:11:28,0.13636363636363635
04/11/2025 15:11:28,0.0
04/11/2025 15:11:28,0.08695652173913043
04/11/2025 15:11:28,0.13636363636363635
04/11/2025 15:11:29,0.3157894736842105
04/11/2025 15:11:29,0.3888888888888889
04/11/2025 15:11:29,0.13636363636363635
04/11/2025 15:11:29,0.19047619047619047
04/11/2025 15:11:29,0.25
04/11/2025 15:11:29,0.13636363636363635
04/11/2025 15:11:30,0.25
04/11/2025 15:11:30,0.19047619047619047
04/11/2025 15:11:30,0.08695652173913043
04/11/2025 15:11:30,0.08695652173913043
04/11/2025 15:11:30,0.08695652173913043
04/11/2025 15:11:30,0.13636363636363635
04/11/2025 15:11:31,0.041666666666666664
04/11/2025 15:11:31,0.08695652173913043
04/11/2025 15:11:31,0.08695652173913043
04/11/2025 15:11:31,0.25
04/11/2025 15:11:31,0.19047619047619047
04/11/2025 15:11:31,0.08695652173913043
04/11/2025 15:11:31,0.041666666666666664
04/11/2025 15:11:32,0.08695652173913043
04/11/2025 15:11:32,0.08695652173913043
04/11/2025 15:11:32,0.13636363636363635
04/11/2025 15:11:32,0.13636363636363635
04/11/2025 15:11:32,0.3157894736842105
04/11/2025 15:11:32,0.08695652173913043
04/11/2025 15:11:33,0.041666666666666664
04/11/2025 15:11:33,0.08695652173913043
04/11/2025 15:11:33,0.041666666666666664
04/11/2025 15:11:33,0.041666666666666664
04/11/2025 15:11:33,0.08695652173913043
04/11/2025 15:11:33,0.13636363636363635
04/11/2025 15:11:34,0.041666666666666664
04/11/2025 15:11:34,0.041666666666666664
04/11/2025 15:11:34,0.13636363636363635
04/11/2025 15:11:34,0.25
04/11/2025 15:11:34,0.13636363636363635
04/11/2025 15:11:34,0.25
04/11/2025 15:11:35,0.08695652173913043
04/11/2025 15:11:35,0.19047619047619047
04/11/2025 15:11:35,0.13636363636363635
04/11/2025 15:11:35,0.25
04/11/2025 15:11:35,0.041666666666666664
04/11/2025 15:11:35,0.13636363636363635
04/11/2025 15:11:35,0.25
04/11/2025 15:11:36,0.041666666666666664
04/11/2025 15:11:36,0.08695652173913043
04/11/2025 15:11:36,0.19047619047619047
04/11/2025 15:11:36,0.13636363636363635
04/11/2025 15:11:36,0.19047619047619047
04/11/2025 15:11:36,0.08695652173913043
04/11/2025 15:11:37,0.19047619047619047
04/11/2025 15:11:37,0.19047619047619047
04/11/2025 15:11:37,0.25
04/11/2025 15:11:37,0.19047619047619047
04/11/2025 15:11:37,0.08695652173913043
04/11/2025 15:11:37,0.13636363636363635
04/11/2025 15:11:38,0.13636363636363635
04/11/2025 15:11:38,0.13636363636363635
04/11/2025 15:11:38,0.041666666666666664
04/11/2025 15:11:38,0.3157894736842105
04/11/2025 15:11:38,0.13636363636363635
04/11/2025 15:11:38,0.041666666666666664
04/11/2025 15:11:39,0.13636363636363635
04/11/2025 15:11:39,0.19047619047619047
04/11/2025 15:11:39,0.13636363636363635
04/11/2025 15:11:39,0.19047619047619047
04/11/2025 15:11:39,0.08695652173913043
04/11/2025 15:11:39,0.13636363636363635
04/11/2025 15:11:39,0.08695652173913043
04/11/2025 15:11:40,0.08695652173913043
04/11/2025 15:11:40,0.13636363636363635
04/11/2025 15:11:40,0.25
04/11/2025 15:11:40,0.19047619047619047
04/11/2025 15:11:40,0.08695652173913043
04/11/2025 15:11:40,0.25
04/11/2025 15:11:41,0.25
04/11/2025 15:11:41,0.25
04/11/2025 15:11:41,0.19047619047619047
04/11/2025 15:11:41,0.08695652173913043
04/11/2025 15:11:41,0.13636363636363635
04/11/2025 15:11:41,0.08695652173913043
04/11/2025 15:11:42,0.08695652173913043
04/11/2025 15:11:42,0.19047619047619047
04/11/2025 15:11:42,0.25
04/11/2025 15:11:42,0.13636363636363635
04/11/2025 15:11:42,0.13636363636363635
04/11/2025 15:11:42,0.25
04/11/2025 15:11:43,0.19047619047619047
04/11/2025 15:11:43,0.25
04/11/2025 15:11:43,0.08695652173913043
04/11/2025 15:11:43,0.08695652173913043
04/11/2025 15:11:43,0.19047619047619047
04/11/2025 15:11:43,0.08695652173913043
04/11/2025 15:11:43,0.19047619047619047
04/11/2025 15:11:44,0.13636363636363635
04/11/2025 15:11:44,0.13636363636363635
04/11/2025 15:11:44,0.19047619047619047
04/11/2025 15:11:44,0.13636363636363635
04/11/2025 15:11:44,0.13636363636363635
04/11/2025 15:11:44,0.13636363636363635
04/11/2025 15:11:45,0.13636363636363635
04/11/2025 15:11:45,0.13636363636363635
04/11/2025 15:11:45,0.041666666666666664
04/11/2025 15:11:45,0.3888888888888889
04/11/2025 15:11:45,0.19047619047619047
04/11/2025 15:11:45,0.3157894736842105
04/11/2025 15:11:46,0.19047619047619047
04/11/2025 15:11:46,0.13636363636363635
04/11/2025 15:11:46,0.08695652173913043
04/11/2025 15:11:46,0.19047619047619047
04/11/2025 15:11:46,0.08695652173913043
04/11/2025 15:11:46,0.13636363636363635
04/11/2025 15:11:47,0.19047619047619047
04/11/2025 15:11:47,0.13636363636363635
04/11/2025 15:11:47,0.19047619047619047
04/11/2025 15:11:47,0.041666666666666664
04/11/2025 15:11:47,0.13636363636363635
04/11/2025 15:11:47,0.13636363636363635
04/11/2025 15:11:47,0.13636363636363635
04/11/2025 15:11:48,0.3157894736842105
04/11/2025 15:11:48,0.13636363636363635
04/11/2025 15:11:48,0.13636363636363635
04/11/2025 15:11:48,0.19047619047619047
04/11/2025 15:11:48,0.13636363636363635
04/11/2025 15:11:48,0.19047619047619047
04/11/2025 15:11:49,0.19047619047619047
04/11/2025 15:11:49,0.08695652173913043
04/11/2025 15:11:49,0.041666666666666664
04/11/2025 15:11:49,0.08695652173913043
04/11/2025 15:11:49,0.25
04/11/2025 15:11:49,0.13636363636363635
04/11/2025 15:11:50,0.13636363636363635
04/11/2025 15:11:50,0.13636363636363635
04/11/2025 15:11:50,0.08695652173913043
04/11/2025 15:11:50,0.08695652173913043
04/11/2025 15:11:50,0.25
04/11/2025 15:11:50,0.13636363636363635
04/11/2025 15:11:51,0.19047619047619047
04/11/2025 15:11:51,0.19047619047619047
04/11/2025 15:11:51,0.19047619047619047
04/11/2025 15:11:51,0.13636363636363635
04/11/2025 15:11:51,0.25
04/11/2025 15:11:51,0.13636363636363635
04/11/2025 15:11:51,0.13636363636363635
04/11/2025 15:11:52,0.08695652173913043
04/11/2025 15:11:52,0.13636363636363635
04/11/2025 15:11:52,0.041666666666666664
04/11/2025 15:11:52,0.13636363636363635
04/11/2025 15:11:52,0.13636363636363635
04/11/2025 15:11:52,0.19047619047619047
04/11/2025 15:11:53,0.3157894736842105
04/11/2025 15:11:53,0.08695652173913043
04/11/2025 15:11:53,0.13636363636363635
04/11/2025 15:11:53,0.25
04/11/2025 15:11:53,0.25
04/11/2025 15:11:53,0.19047619047619047
04/11/2025 15:11:54,0.041666666666666664
04/11/2025 15:11:54,0.08695652173913043
04/11/2025 15:11:54,0.08695652173913043
04/11/2025 15:11:54,0.25
04/11/2025 15:11:54,0.13636363636363635
04/11/2025 15:11:54,0.13636363636363635
04/11/2025 15:11:54,0.25
04/11/2025 15:11:55,0.25
04/11/2025 15:11:55,0.19047619047619047
04/11/2025 15:11:55,0.13636363636363635
04/11/2025 15:11:55,0.08695652173913043
04/11/2025 15:11:55,0.08695652173913043
04/11/2025 15:11:55,0.08695652173913043
04/11/2025 15:11:56,0.13636363636363635
04/11/2025 15:11:56,0.19047619047619047
04/11/2025 15:11:56,0.08695652173913043
04/11/2025 15:11:56,0.08695652173913043
04/11/2025 15:11:56,0.19047619047619047
04/11/2025 15:11:56,0.08695652173913043
04/11/2025 15:11:57,0.25
04/11/2025 15:11:57,0.25
04/11/2025 15:11:57,0.25
04/11/2025 15:11:57,0.13636363636363635
04/11/2025 15:11:57,0.08695652173913043
04/11/2025 15:11:57,0.25
04/11/2025 15:11:58,0.041666666666666664
04/11/2025 15:11:58,0.19047619047619047
04/11/2025 15:11:58,0.25
04/11/2025 15:11:58,0.08695652173913043
04/11/2025 15:11:58,0.19047619047619047
04/11/2025 15:11:58,0.25
04/11/2025 15:11:59,0.08695652173913043
04/11/2025 15:11:59,0.041666666666666664
04/11/2025 15:11:59,0.13636363636363635
04/11/2025 15:11:59,0.25
04/11/2025 15:11:59,0.13636363636363635
04/11/2025 15:11:59,0.13636363636363635
04/11/2025 15:11:59,0.08695652173913043
04/11/2025 15:12:00,0.19047619047619047
04/11/2025 15:12:00,0.3157894736842105
04/11/2025 15:12:00,0.19047619047619047
04/11/2025 15:12:00,0.041666666666666664
04/11/2025 15:12:00,0.13636363636363635
04/11/2025 15:12:00,0.13636363636363635
04/11/2025 15:12:01,0.08695652173913043
04/11/2025 15:12:01,0.08695652173913043
04/11/2025 15:12:01,0.19047619047619047
04/11/2025 15:12:01,0.08695652173913043
04/11/2025 15:12:01,0.08695652173913043
04/11/2025 15:12:01,0.13636363636363635
04/11/2025 15:12:01,0.25
04/11/2025 15:12:02,0.19047619047619047
04/11/2025 15:12:02,0.25
04/11/2025 15:12:02,0.08695652173913043
04/11/2025 15:12:02,0.08695652173913043
04/11/2025 15:12:02,0.13636363636363635
04/11/2025 15:12:02,0.13636363636363635
04/11/2025 15:12:03,0.13636363636363635
04/11/2025 15:12:03,0.19047619047619047
04/11/2025 15:12:03,0.3157894736842105
04/11/2025 15:12:03,0.041666666666666664
04/11/2025 15:12:03,0.0
04/11/2025 15:12:03,0.25
04/11/2025 15:12:04,0.08695652173913043
04/11/2025 15:12:04,0.08695652173913043
04/11/2025 15:12:04,0.13636363636363635
04/11/2025 15:12:04,0.041666666666666664
04/11/2025 15:12:04,0.19047619047619047
04/11/2025 15:12:04,0.08695652173913043
04/11/2025 15:12:04,0.19047619047619047
04/11/2025 15:12:05,0.19047619047619047
04/11/2025 15:12:05,0.25
04/11/2025 15:12:05,0.08695652173913043
04/11/2025 15:12:05,0.13636363636363635
04/11/2025 15:12:05,0.08695652173913043
04/11/2025 15:12:05,0.19047619047619047
04/11/2025 15:12:06,0.13636363636363635
04/11/2025 15:12:06,0.13636363636363635
04/11/2025 15:12:06,0.08695652173913043
04/11/2025 15:12:06,0.19047619047619047
04/11/2025 15:12:06,0.041666666666666664
04/11/2025 15:12:06,0.041666666666666664
04/11/2025 15:12:07,0.041666666666666664
04/11/2025 15:12:07,0.0
04/11/2025 15:12:07,0.08695652173913043
04/11/2025 15:12:07,0.13636363636363635
04/11/2025 15:12:07,0.041666666666666664
04/11/2025 15:12:07,0.041666666666666664
04/11/2025 15:12:08,0.13636363636363635
04/11/2025 15:12:08,0.13636363636363635
04/11/2025 15:12:08,0.13636363636363635
04/11/2025 15:12:08,0.13636363636363635
04/11/2025 15:12:08,0.25
04/11/2025 15:12:08,0.08695652173913043
04/11/2025 15:12:08,0.13636363636363635
04/11/2025 15:12:09,0.08695652173913043
04/11/2025 15:12:09,0.08695652173913043
04/11/2025 15:12:09,0.08695652173913043
04/11/2025 15:12:09,0.13636363636363635
04/11/2025 15:12:09,0.13636363636363635
04/11/2025 15:12:09,0.13636363636363635
04/11/2025 15:12:10,0.19047619047619047
04/11/2025 15:12:10,0.13636363636363635
04/11/2025 15:12:10,0.041666666666666664
04/11/2025 15:12:10,0.08695652173913043
04/11/2025 15:12:10,0.13636363636363635
04/11/2025 15:12:10,0.25
04/11/2025 15:12:10,0.041666666666666664
04/11/2025 15:12:11,0.08695652173913043
04/11/2025 15:12:11,0.13636363636363635
04/11/2025 15:12:11,0.19047619047619047
04/11/2025 15:12:11,0.041666666666666664
04/11/2025 15:12:11,0.08695652173913043
04/11/2025 15:12:11,0.19047619047619047
04/11/2025 15:12:12,0.13636363636363635
04/11/2025 15:12:12,0.13636363636363635
04/11/2025 15:12:12,0.19047619047619047
04/11/2025 15:12:12,0.19047619047619047
04/11/2025 15:12:12,0.13636363636363635
04/11/2025 15:12:12,0.13636363636363635
04/11/2025 15:12:13,0.08695652173913043
04/11/2025 15:12:13,0.041666666666666664
04/11/2025 15:12:13,0.19047619047619047
04/11/2025 15:12:13,0.13636363636363635
04/11/2025 15:12:13,0.08695652173913043
04/11/2025 15:12:13,0.13636363636363635
04/11/2025 15:12:13,0.13636363636363635
04/11/2025 15:12:14,0.13636363636363635
04/11/2025 15:12:14,0.13636363636363635
04/11/2025 15:12:14,0.19047619047619047
04/11/2025 15:12:14,0.08695652173913043
04/11/2025 15:12:14,0.041666666666666664
04/11/2025 15:12:14,0.19047619047619047
04/11/2025 15:12:15,0.13636363636363635
04/11/2025 15:12:15,0.08695652173913043
04/11/2025 15:12:15,0.13636363636363635
04/11/2025 15:12:15,0.08695652173913043
04/11/2025 15:12:15,0.13636363636363635
04/11/2025 15:12:15,0.13636363636363635
04/11/2025 15:12:16,0.13636363636363635
04/11/2025 15:12:16,0.25
04/11/2025 15:12:16,0.08695652173913043
04/11/2025 15:12:16,0.19047619047619047
04/11/2025 15:12:16,0.08695652173913043
04/11/2025 15:12:16,0.19047619047619047
04/11/2025 15:12:17,0.19047619047619047
04/11/2025 15:12:17,0.19047619047619047
04/11/2025 15:12:17,0.19047619047619047
04/11/2025 15:12:17,0.08695652173913043
04/11/2025 15:12:17,0.25
04/11/2025 15:12:17,0.25
04/11/2025 15:12:18,0.08695652173913043
04/11/2025 15:12:18,0.13636363636363635
04/11/2025 15:12:18,0.08695652173913043
04/11/2025 15:12:18,0.13636363636363635
04/11/2025 15:12:18,0.041666666666666664
04/11/2025 15:12:18,0.08695652173913043
04/11/2025 15:12:19,0.13636363636363635
04/11/2025 15:12:19,0.08695652173913043
04/11/2025 15:12:19,0.19047619047619047
04/11/2025 15:12:19,0.08695652173913043
04/11/2025 15:12:19,0.08695652173913043
04/11/2025 15:12:19,0.13636363636363635
04/11/2025 15:12:19,0.13636363636363635
04/11/2025 15:12:20,0.19047619047619047
04/11/2025 15:12:20,0.08695652173913043
04/11/2025 15:12:20,0.041666666666666664
04/11/2025 15:12:20,0.08695652173913043
04/11/2025 15:12:20,0.19047619047619047
04/11/2025 15:12:20,0.19047619047619047
04/11/2025 15:12:21,0.08695652173913043
04/11/2025 15:12:21,0.19047619047619047
04/11/2025 15:12:21,0.13636363636363635
04/11/2025 15:12:21,0.13636363636363635
04/11/2025 15:12:21,0.08695652173913043
04/11/2025 15:12:21,0.08695652173913043
04/11/2025 15:12:22,0.13636363636363635
04/11/2025 15:12:22,0.13636363636363635
04/11/2025 15:12:22,0.13636363636363635
04/11/2025 15:12:22,0.13636363636363635
04/11/2025 15:12:22,0.3157894736842105
04/11/2025 15:12:22,0.08695652173913043
04/11/2025 15:12:23,0.19047619047619047
04/11/2025 15:12:23,0.25
04/11/2025 15:12:23,0.08695652173913043
04/11/2025 15:12:23,0.041666666666666664
04/11/2025 15:12:23,0.19047619047619047
04/11/2025 15:12:23,0.041666666666666664
04/11/2025 15:12:24,0.13636363636363635
04/11/2025 15:12:24,0.13636363636363635
04/11/2025 15:12:24,0.08695652173913043
04/11/2025 15:12:24,0.19047619047619047
04/11/2025 15:12:24,0.13636363636363635
04/11/2025 15:12:24,0.3157894736842105
04/11/2025 15:12:24,0.25
04/11/2025 15:12:25,0.08695652173913043
04/11/2025 15:12:25,0.25
04/11/2025 15:12:25,0.041666666666666664
04/11/2025 15:12:25,0.041666666666666664
04/11/2025 15:12:25,0.08695652173913043
04/11/2025 15:12:25,0.13636363636363635
04/11/2025 15:12:26,0.19047619047619047
04/11/2025 15:12:26,0.08695652173913043
04/11/2025 15:12:26,0.08695652173913043
04/11/2025 15:12:26,0.13636363636363635
04/11/2025 15:12:26,0.19047619047619047
04/11/2025 15:12:26,0.19047619047619047
04/11/2025 15:12:27,0.19047619047619047
04/11/2025 15:12:27,0.19047619047619047
04/11/2025 15:12:27,0.19047619047619047
04/11/2025 15:12:27,0.25
04/11/2025 15:12:27,0.041666666666666664
04/11/2025 15:12:27,0.19047619047619047
04/11/2025 15:12:27,0.041666666666666664
04/11/2025 15:12:28,0.041666666666666664
04/11/2025 15:12:28,0.08695652173913043
04/11/2025 15:12:28,0.08695652173913043
04/11/2025 15:12:28,0.19047619047619047
04/11/2025 15:12:28,0.25
04/11/2025 15:12:28,0.25
04/11/2025 15:12:29,0.19047619047619047
04/11/2025 15:12:29,0.25
04/11/2025 15:12:29,0.25
04/11/2025 15:12:29,0.19047619047619047
04/11/2025 15:12:29,0.08695652173913043
04/11/2025 15:12:29,0.19047619047619047
04/11/2025 15:12:30,0.3157894736842105
04/11/2025 15:12:30,0.19047619047619047
04/11/2025 15:12:30,0.19047619047619047
04/11/2025 15:12:30,0.08695652173913043
04/11/2025 15:12:30,0.13636363636363635
04/11/2025 15:12:30,0.19047619047619047
04/11/2025 15:12:31,0.08695652173913043
04/11/2025 15:12:31,0.19047619047619047
04/11/2025 15:12:31,0.19047619047619047
04/11/2025 15:12:31,0.13636363636363635
04/11/2025 15:12:31,0.13636363636363635
04/11/2025 15:12:31,0.08695652173913043
04/11/2025 15:12:31,0.25
04/11/2025 15:12:32,0.13636363636363635
04/11/2025 15:12:32,0.19047619047619047
04/11/2025 15:12:32,0.25
04/11/2025 15:12:32,0.08695652173913043
04/11/2025 15:12:32,0.19047619047619047
04/11/2025 15:12:32,0.13636363636363635
04/11/2025 15:12:33,0.13636363636363635
04/11/2025 15:12:33,0.08695652173913043
04/11/2025 15:12:33,0.08695652173913043
04/11/2025 15:12:33,0.13636363636363635
04/11/2025 15:12:33,0.13636363636363635
04/11/2025 15:12:33,0.13636363636363635
04/11/2025 15:12:34,0.0
04/11/2025 15:12:34,0.041666666666666664
04/11/2025 15:12:34,0.13636363636363635
04/11/2025 15:12:34,0.19047619047619047
04/11/2025 15:12:34,0.13636363636363635
04/11/2025 15:12:34,0.19047619047619047
04/11/2025 15:12:35,0.13636363636363635
04/11/2025 15:12:35,0.041666666666666664
04/11/2025 15:12:35,0.13636363636363635
04/11/2025 15:12:35,0.3157894736842105
04/11/2025 15:12:35,0.13636363636363635
04/11/2025 15:12:35,0.13636363636363635
04/11/2025 15:12:36,0.19047619047619047
04/11/2025 15:12:36,0.19047619047619047
04/11/2025 15:12:36,0.13636363636363635
04/11/2025 15:12:36,0.13636363636363635
04/11/2025 15:12:36,0.13636363636363635
04/11/2025 15:12:36,0.13636363636363635
04/11/2025 15:12:36,0.13636363636363635
04/11/2025 15:12:37,0.25
04/11/2025 15:12:37,0.08695652173913043
04/11/2025 15:12:37,0.13636363636363635
04/11/2025 15:12:37,0.13636363636363635
04/11/2025 15:12:37,0.13636363636363635
04/11/2025 15:12:37,0.13636363636363635
04/11/2025 15:12:38,0.08695652173913043
04/11/2025 15:12:38,0.19047619047619047
04/11/2025 15:12:38,0.25
04/11/2025 15:12:38,0.08695652173913043
04/11/2025 15:12:38,0.19047619047619047
04/11/2025 15:12:38,0.19047619047619047
04/11/2025 15:12:39,0.13636363636363635
04/11/2025 15:12:39,0.08695652173913043
04/11/2025 15:12:39,0.3157894736842105
04/11/2025 15:12:39,0.19047619047619047
04/11/2025 15:12:39,0.19047619047619047
04/11/2025 15:12:39,0.041666666666666664
04/11/2025 15:12:40,0.19047619047619047
04/11/2025 15:12:40,0.19047619047619047
04/11/2025 15:12:40,0.08695652173913043
04/11/2025 15:12:40,0.041666666666666664
04/11/2025 15:12:40,0.041666666666666664
04/11/2025 15:12:40,0.19047619047619047
04/11/2025 15:12:40,0.13636363636363635
04/11/2025 15:12:41,0.08695652173913043
04/11/2025 15:12:41,0.13636363636363635
04/11/2025 15:12:41,0.25
04/11/2025 15:12:41,0.25
04/11/2025 15:12:41,0.13636363636363635
04/11/2025 15:12:41,0.13636363636363635
04/11/2025 15:12:42,0.13636363636363635
04/11/2025 15:12:42,0.25
04/11/2025 15:12:42,0.13636363636363635
04/11/2025 15:12:42,0.13636363636363635
04/11/2025 15:12:42,0.13636363636363635
04/11/2025 15:12:42,0.08695652173913043
04/11/2025 15:12:43,0.041666666666666664
04/11/2025 15:12:43,0.08695652173913043
04/11/2025 15:12:43,0.08695652173913043
04/11/2025 15:12:43,0.19047619047619047
04/11/2025 15:12:43,0.19047619047619047
04/11/2025 15:12:43,0.19047619047619047
04/11/2025 15:12:44,0.0
04/11/2025 15:12:44,0.13636363636363635
04/11/2025 15:12:44,0.041666666666666664
04/11/2025 15:12:44,0.041666666666666664
04/11/2025 15:12:44,0.13636363636363635
04/11/2025 15:12:44,0.19047619047619047
04/11/2025 15:12:44,0.25
04/11/2025 15:12:45,0.041666666666666664
04/11/2025 15:12:45,0.08695652173913043
04/11/2025 15:12:45,0.19047619047619047
04/11/2025 15:12:45,0.19047619047619047
04/11/2025 15:12:45,0.08695652173913043
04/11/2025 15:12:45,0.3157894736842105
04/11/2025 15:12:46,0.3157894736842105
04/11/2025 15:12:46,0.08695652173913043
04/11/2025 15:12:46,0.13636363636363635
04/11/2025 15:12:46,0.19047619047619047
04/11/2025 15:12:46,0.25
04/11/2025 15:12:46,0.041666666666666664
04/11/2025 15:12:47,0.041666666666666664
04/11/2025 15:12:47,0.08695652173913043
04/11/2025 15:12:47,0.13636363636363635
04/11/2025 15:12:47,0.25
04/11/2025 15:12:47,0.08695652173913043
04/11/2025 15:12:47,0.13636363636363635
04/11/2025 15:12:48,0.19047619047619047
04/11/2025 15:12:48,0.041666666666666664
04/11/2025 15:12:48,0.041666666666666664
04/11/2025 15:12:48,0.25
04/11/2025 15:12:48,0.13636363636363635
04/11/2025 15:12:48,0.19047619047619047
04/11/2025 15:12:49,0.13636363636363635
04/11/2025 15:12:49,0.08695652173913043
04/11/2025 15:12:49,0.08695652173913043
04/11/2025 15:12:49,0.041666666666666664
04/11/2025 15:12:49,0.041666666666666664
04/11/2025 15:12:49,0.19047619047619047
04/11/2025 15:12:50,0.13636363636363635
04/11/2025 15:12:50,0.19047619047619047
04/11/2025 15:12:50,0.19047619047619047
04/11/2025 15:12:50,0.19047619047619047
04/11/2025 15:12:50,0.13636363636363635
04/11/2025 15:12:50,0.041666666666666664
04/11/2025 15:12:51,0.19047619047619047
04/11/2025 15:12:51,0.13636363636363635
04/11/2025 15:12:51,0.13636363636363635
04/11/2025 15:12:51,0.08695652173913043
04/11/2025 15:12:51,0.3157894736842105
04/11/2025 15:12:51,0.25
04/11/2025 15:12:52,0.13636363636363635
04/11/2025 15:12:52,0.08695652173913043
04/11/2025 15:12:52,0.08695652173913043
04/11/2025 15:12:52,0.25
04/11/2025 15:12:52,0.13636363636363635
04/11/2025 15:12:52,0.19047619047619047
04/11/2025 15:12:52,0.19047619047619047
04/11/2025 15:12:53,0.041666666666666664
04/11/2025 15:12:53,0.25
04/11/2025 15:12:53,0.13636363636363635
04/11/2025 15:12:53,0.19047619047619047
04/11/2025 15:12:53,0.08695652173913043
04/11/2025 15:12:53,0.08695652173913043
04/11/2025 15:12:54,0.25
04/11/2025 15:12:54,0.08695652173913043
04/11/2025 15:12:54,0.19047619047619047
04/11/2025 15:12:54,0.25
04/11/2025 15:12:54,0.13636363636363635
04/11/2025 15:12:54,0.13636363636363635
04/11/2025 15:12:55,0.19047619047619047
04/11/2025 15:12:55,0.13636363636363635
04/11/2025 15:12:55,0.13636363636363635
04/11/2025 15:12:55,0.08695652173913043
04/11/2025 15:12:55,0.08695652173913043
04/11/2025 15:12:55,0.041666666666666664
04/11/2025 15:12:56,0.08695652173913043
04/11/2025 15:12:56,0.19047619047619047
04/11/2025 15:12:56,0.25
04/11/2025 15:12:56,0.19047619047619047
04/11/2025 15:12:56,0.25
04/11/2025 15:12:56,0.08695652173913043
04/11/2025 15:12:56,0.19047619047619047
04/11/2025 15:12:57,0.08695652173913043
04/11/2025 15:12:57,0.25
04/11/2025 15:12:57,0.13636363636363635
04/11/2025 15:12:57,0.08695652173913043
04/11/2025 15:12:57,0.0
04/11/2025 15:12:57,0.08695652173913043
04/11/2025 15:12:58,0.13636363636363635
04/11/2025 15:12:58,0.041666666666666664
04/11/2025 15:12:58,0.25
04/11/2025 15:12:58,0.13636363636363635
04/11/2025 15:12:58,0.13636363636363635
04/11/2025 15:12:58,0.08695652173913043
04/11/2025 15:12:59,0.19047619047619047
04/11/2025 15:12:59,0.19047619047619047
04/11/2025 15:12:59,0.08695652173913043
04/11/2025 15:12:59,0.19047619047619047
04/11/2025 15:12:59,0.3157894736842105
04/11/2025 15:12:59,0.08695652173913043
04/11/2025 15:13:00,0.13636363636363635
04/11/2025 15:13:00,0.13636363636363635
04/11/2025 15:13:00,0.08695652173913043
04/11/2025 15:13:00,0.08695652173913043
04/11/2025 15:13:00,0.13636363636363635
04/11/2025 15:13:00,0.13636363636363635
04/11/2025 15:13:01,0.041666666666666664
04/11/2025 15:13:01,0.08695652173913043
04/11/2025 15:13:01,0.041666666666666664
04/11/2025 15:13:01,0.08695652173913043
04/11/2025 15:13:01,0.3888888888888889
04/11/2025 15:13:01,0.25
04/11/2025 15:13:02,0.13636363636363635
04/11/2025 15:13:02,0.0
04/11/2025 15:13:02,0.13636363636363635
04/11/2025 15:13:02,0.08695652173913043
04/11/2025 15:13:02,0.041666666666666664
04/11/2025 15:13:02,0.13636363636363635
04/11/2025 15:13:03,0.08695652173913043
04/11/2025 15:13:03,0.08695652173913043
04/11/2025 15:13:03,0.08695652173913043
04/11/2025 15:13:03,0.13636363636363635
04/11/2025 15:13:03,0.08695652173913043
04/11/2025 15:13:03,0.13636363636363635
04/11/2025 15:13:03,0.08695652173913043
04/11/2025 15:13:04,0.19047619047619047
04/11/2025 15:13:04,0.08695652173913043
04/11/2025 15:13:04,0.13636363636363635
04/11/2025 15:13:04,0.041666666666666664
04/11/2025 15:13:04,0.08695652173913043
04/11/2025 15:13:04,0.19047619047619047
04/11/2025 15:13:05,0.19047619047619047
04/11/2025 15:13:05,0.19047619047619047
04/11/2025 15:13:05,0.08695652173913043
04/11/2025 15:13:05,0.19047619047619047
04/11/2025 15:13:05,0.3157894736842105
04/11/2025 15:13:05,0.25
04/11/2025 15:13:06,0.25
04/11/2025 15:13:06,0.13636363636363635
04/11/2025 15:13:06,0.13636363636363635
04/11/2025 15:13:06,0.13636363636363635
04/11/2025 15:13:06,0.08695652173913043
04/11/2025 15:13:06,0.25
04/11/2025 15:13:07,0.08695652173913043
04/11/2025 15:13:07,0.13636363636363635
04/11/2025 15:13:07,0.13636363636363635
04/11/2025 15:13:07,0.13636363636363635
04/11/2025 15:13:07,0.08695652173913043
04/11/2025 15:13:07,0.3157894736842105
04/11/2025 15:13:07,0.0
04/11/2025 15:13:08,0.13636363636363635
04/11/2025 15:13:08,0.041666666666666664
04/11/2025 15:13:08,0.19047619047619047
04/11/2025 15:13:08,0.3157894736842105
04/11/2025 15:13:08,0.041666666666666664
04/11/2025 15:13:08,0.08695652173913043
04/11/2025 15:13:09,0.13636363636363635
04/11/2025 15:13:09,0.13636363636363635
04/11/2025 15:13:09,0.25
04/11/2025 15:13:09,0.08695652173913043
04/11/2025 15:13:09,0.13636363636363635
04/11/2025 15:13:09,0.25
04/11/2025 15:13:10,0.13636363636363635
04/11/2025 15:13:10,0.13636363636363635
04/11/2025 15:13:10,0.19047619047619047
04/11/2025 15:13:10,0.13636363636363635
04/11/2025 15:13:10,0.08695652173913043
04/11/2025 15:13:10,0.08695652173913043
04/11/2025 15:13:11,0.19047619047619047
04/11/2025 15:13:11,0.25
04/11/2025 15:13:11,0.0
04/11/2025 15:13:11,0.19047619047619047
04/11/2025 15:13:11,0.041666666666666664
04/11/2025 15:13:11,0.13636363636363635
04/11/2025 15:13:12,0.25
04/11/2025 15:13:12,0.041666666666666664
04/11/2025 15:13:12,0.13636363636363635
04/11/2025 15:13:12,0.08695652173913043
04/11/2025 15:13:12,0.19047619047619047
04/11/2025 15:13:12,0.13636363636363635
04/11/2025 15:13:13,0.08695652173913043
04/11/2025 15:13:13,0.13636363636363635
04/11/2025 15:13:13,0.08695652173913043
04/11/2025 15:13:13,0.041666666666666664
04/11/2025 15:13:13,0.13636363636363635
04/11/2025 15:13:13,0.08695652173913043
04/11/2025 15:13:13,0.041666666666666664
04/11/2025 15:13:14,0.041666666666666664
04/11/2025 15:13:14,0.13636363636363635
04/11/2025 15:13:14,0.13636363636363635
04/11/2025 15:13:14,0.08695652173913043
04/11/2025 15:13:14,0.13636363636363635
04/11/2025 15:13:14,0.08695652173913043
04/11/2025 15:13:15,0.19047619047619047
04/11/2025 15:13:15,0.08695652173913043
04/11/2025 15:13:15,0.13636363636363635
04/11/2025 15:13:15,0.0
04/11/2025 15:13:15,0.25
04/11/2025 15:13:15,0.13636363636363635
04/11/2025 15:13:16,0.19047619047619047
04/11/2025 15:13:16,0.19047619047619047
04/11/2025 15:13:16,0.08695652173913043
04/11/2025 15:13:16,0.13636363636363635
04/11/2025 15:13:16,0.041666666666666664
04/11/2025 15:13:16,0.08695652173913043
04/11/2025 15:13:17,0.13636363636363635
04/11/2025 15:13:17,0.19047619047619047
04/11/2025 15:13:17,0.13636363636363635
04/11/2025 15:13:17,0.13636363636363635
04/11/2025 15:13:17,0.041666666666666664
04/11/2025 15:13:17,0.19047619047619047
04/11/2025 15:13:17,0.19047619047619047
04/11/2025 15:13:18,0.13636363636363635
04/11/2025 15:13:18,0.041666666666666664
04/11/2025 15:13:18,0.19047619047619047
04/11/2025 15:13:18,0.13636363636363635
04/11/2025 15:13:18,0.19047619047619047
04/11/2025 15:13:19,0.08695652173913043
04/11/2025 15:13:19,0.3157894736842105
04/11/2025 15:13:19,0.08695652173913043
04/11/2025 15:13:19,0.0
04/11/2025 15:13:19,0.08695652173913043
04/11/2025 15:13:19,0.13636363636363635
04/11/2025 15:13:19,0.08695652173913043
04/11/2025 15:13:20,0.13636363636363635
04/11/2025 15:13:20,0.19047619047619047
04/11/2025 15:13:20,0.08695652173913043
04/11/2025 15:13:20,0.0
04/11/2025 15:13:20,0.08695652173913043
04/11/2025 15:13:20,0.3157894736842105
04/11/2025 15:13:21,0.08695652173913043
04/11/2025 15:13:21,0.19047619047619047
04/11/2025 15:13:21,0.041666666666666664
04/11/2025 15:13:21,0.3157894736842105
04/11/2025 15:13:21,0.19047619047619047
04/11/2025 15:13:21,0.08695652173913043
04/11/2025 15:13:22,0.13636363636363635
04/11/2025 15:13:22,0.13636363636363635
04/11/2025 15:13:22,0.08695652173913043
04/11/2025 15:13:22,0.0
04/11/2025 15:13:22,0.19047619047619047
04/11/2025 15:13:22,0.25
04/11/2025 15:13:23,0.13636363636363635
04/11/2025 15:13:23,0.041666666666666664
04/11/2025 15:13:23,0.19047619047619047
04/11/2025 15:13:23,0.19047619047619047
04/11/2025 15:13:23,0.08695652173913043
04/11/2025 15:13:23,0.08695652173913043
04/11/2025 15:13:23,0.08695652173913043
04/11/2025 15:13:24,0.041666666666666664
04/11/2025 15:13:24,0.08695652173913043
04/11/2025 15:13:24,0.041666666666666664
04/11/2025 15:13:24,0.041666666666666664
04/11/2025 15:13:24,0.19047619047619047
04/11/2025 15:13:24,0.08695652173913043
04/11/2025 15:13:25,0.13636363636363635
04/11/2025 15:13:25,0.25
04/11/2025 15:13:25,0.13636363636363635
04/11/2025 15:13:25,0.08695652173913043
04/11/2025 15:13:25,0.25
04/11/2025 15:13:25,0.0
04/11/2025 15:13:26,0.08695652173913043
04/11/2025 15:13:26,0.08695652173913043
04/11/2025 15:13:26,0.25
04/11/2025 15:13:26,0.3888888888888889
04/11/2025 15:13:26,0.25
04/11/2025 15:13:26,0.041666666666666664
04/11/2025 15:13:27,0.19047619047619047
04/11/2025 15:13:27,0.041666666666666664
04/11/2025 15:13:27,0.19047619047619047
04/11/2025 15:13:27,0.25
04/11/2025 15:13:27,0.3888888888888889
04/11/2025 15:13:27,0.13636363636363635
04/11/2025 15:13:28,0.13636363636363635
04/11/2025 15:13:28,0.25
04/11/2025 15:13:28,0.13636363636363635
04/11/2025 15:13:28,0.041666666666666664
04/11/2025 15:13:28,0.25
04/11/2025 15:13:28,0.19047619047619047
04/11/2025 15:13:29,0.08695652173913043
04/11/2025 15:13:29,0.3157894736842105
04/11/2025 15:13:29,0.19047619047619047
04/11/2025 15:13:29,0.19047619047619047
04/11/2025 15:13:29,0.19047619047619047
04/11/2025 15:13:29,0.08695652173913043
04/11/2025 15:13:29,0.08695652173913043
04/11/2025 15:13:30,0.19047619047619047
04/11/2025 15:13:30,0.19047619047619047
04/11/2025 15:13:30,0.0
04/11/2025 15:13:30,0.08695652173913043
04/11/2025 15:13:30,0.08695652173913043
04/11/2025 15:13:30,0.19047619047619047
04/11/2025 15:13:31,0.25
04/11/2025 15:13:31,0.19047619047619047
04/11/2025 15:13:31,0.13636363636363635
04/11/2025 15:13:31,0.13636363636363635
04/11/2025 15:13:31,0.19047619047619047
04/11/2025 15:13:31,0.08695652173913043
04/11/2025 15:13:32,0.13636363636363635
04/11/2025 15:13:32,0.19047619047619047
04/11/2025 15:13:32,0.19047619047619047
04/11/2025 15:13:32,0.08695652173913043
04/11/2025 15:13:32,0.13636363636363635
04/11/2025 15:13:32,0.08695652173913043
04/11/2025 15:13:32,0.25
04/11/2025 15:13:33,0.08695652173913043
04/11/2025 15:13:33,0.3157894736842105
04/11/2025 15:13:33,0.13636363636363635
04/11/2025 15:13:33,0.25
04/11/2025 15:13:33,0.19047619047619047
04/11/2025 15:13:34,0.19047619047619047
04/11/2025 15:13:34,0.08695652173913043
04/11/2025 15:13:34,0.25
04/11/2025 15:13:34,0.13636363636363635
04/11/2025 15:13:34,0.19047619047619047
04/11/2025 15:13:34,0.19047619047619047
04/11/2025 15:13:34,0.13636363636363635
04/11/2025 15:13:35,0.13636363636363635
04/11/2025 15:13:35,0.041666666666666664
04/11/2025 15:13:35,0.041666666666666664
04/11/2025 15:13:35,0.19047619047619047
04/11/2025 15:13:35,0.041666666666666664
04/11/2025 15:13:35,0.08695652173913043
04/11/2025 15:13:36,0.041666666666666664
04/11/2025 15:13:36,0.08695652173913043
04/11/2025 15:13:36,0.25
04/11/2025 15:13:36,0.13636363636363635
04/11/2025 15:13:36,0.041666666666666664
04/11/2025 15:13:36,0.0
04/11/2025 15:13:37,0.13636363636363635
04/11/2025 15:13:37,0.19047619047619047
04/11/2025 15:13:37,0.041666666666666664
04/11/2025 15:13:37,0.08695652173913043
04/11/2025 15:13:37,0.19047619047619047
04/11/2025 15:13:37,0.041666666666666664
04/11/2025 15:13:38,0.25
04/11/2025 15:13:38,0.08695652173913043
04/11/2025 15:13:38,0.13636363636363635
04/11/2025 15:13:38,0.041666666666666664
04/11/2025 15:13:38,0.08695652173913043
04/11/2025 15:13:38,0.13636363636363635
04/11/2025 15:13:39,0.13636363636363635
04/11/2025 15:13:39,0.041666666666666664
04/11/2025 15:13:39,0.13636363636363635
04/11/2025 15:13:39,0.13636363636363635
04/11/2025 15:13:39,0.19047619047619047
04/11/2025 15:13:39,0.13636363636363635
04/11/2025 15:13:40,0.13636363636363635
04/11/2025 15:13:40,0.041666666666666664
04/11/2025 15:13:40,0.19047619047619047
04/11/2025 15:13:40,0.13636363636363635
04/11/2025 15:13:40,0.19047619047619047
04/11/2025 15:13:40,0.13636363636363635
04/11/2025 15:13:41,0.08695652173913043
04/11/2025 15:13:41,0.13636363636363635
04/11/2025 15:13:41,0.08695652173913043
04/11/2025 15:13:41,0.13636363636363635
04/11/2025 15:13:41,0.0
04/11/2025 15:13:41,0.13636363636363635
04/11/2025 15:13:41,0.08695652173913043
04/11/2025 15:13:42,0.19047619047619047
04/11/2025 15:13:42,0.13636363636363635
04/11/2025 15:13:42,0.13636363636363635
04/11/2025 15:13:42,0.25
04/11/2025 15:13:42,0.08695652173913043
04/11/2025 15:13:43,0.13636363636363635
04/11/2025 15:13:43,0.3157894736842105
04/11/2025 15:13:43,0.3157894736842105
04/11/2025 15:13:43,0.25
04/11/2025 15:13:43,0.19047619047619047
04/11/2025 15:13:43,0.041666666666666664
04/11/2025 15:13:43,0.041666666666666664
04/11/2025 15:13:44,0.13636363636363635
04/11/2025 15:13:44,0.13636363636363635
04/11/2025 15:13:44,0.13636363636363635
04/11/2025 15:13:44,0.08695652173913043
04/11/2025 15:13:44,0.3157894736842105
04/11/2025 15:13:44,0.25
04/11/2025 15:13:45,0.13636363636363635
04/11/2025 15:13:45,0.041666666666666664
04/11/2025 15:13:45,0.08695652173913043
04/11/2025 15:13:45,0.25
04/11/2025 15:13:45,0.13636363636363635
04/11/2025 15:13:45,0.08695652173913043
04/11/2025 15:13:46,0.19047619047619047
04/11/2025 15:13:46,0.19047619047619047
04/11/2025 15:13:46,0.0
04/11/2025 15:13:46,0.041666666666666664
04/11/2025 15:13:46,0.19047619047619047
04/11/2025 15:13:46,0.25
04/11/2025 15:13:47,0.08695652173913043
04/11/2025 15:13:47,0.13636363636363635
04/11/2025 15:13:47,0.08695652173913043
04/11/2025 15:13:47,0.0
04/11/2025 15:13:47,0.041666666666666664
04/11/2025 15:13:47,0.041666666666666664
04/11/2025 15:13:47,0.19047619047619047
04/11/2025 15:13:48,0.13636363636363635
04/11/2025 15:13:48,0.08695652173913043
04/11/2025 15:13:48,0.08695652173913043
04/11/2025 15:13:48,0.19047619047619047
04/11/2025 15:13:48,0.13636363636363635
04/11/2025 15:13:48,0.13636363636363635
04/11/2025 15:13:49,0.13636363636363635
04/11/2025 15:13:49,0.25
04/11/2025 15:13:49,0.08695652173913043
04/11/2025 15:13:49,0.25
04/11/2025 15:13:49,0.041666666666666664
04/11/2025 15:13:49,0.08695652173913043
04/11/2025 15:13:50,0.13636363636363635
04/11/2025 15:13:50,0.13636363636363635
04/11/2025 15:13:50,0.041666666666666664
04/11/2025 15:13:50,0.041666666666666664
04/11/2025 15:13:50,0.13636363636363635
04/11/2025 15:13:50,0.25
04/11/2025 15:13:51,0.19047619047619047
04/11/2025 15:13:51,0.08695652173913043
04/11/2025 15:13:51,0.08695652173913043
04/11/2025 15:13:51,0.08695652173913043
04/11/2025 15:13:51,0.08695652173913043
04/11/2025 15:13:51,0.08695652173913043
04/11/2025 15:13:51,0.13636363636363635
04/11/2025 15:13:52,0.041666666666666664
04/11/2025 15:13:52,0.13636363636363635
04/11/2025 15:13:52,0.19047619047619047
04/11/2025 15:13:52,0.08695652173913043
04/11/2025 15:13:52,0.041666666666666664
04/11/2025 15:13:52,0.13636363636363635
04/11/2025 15:13:53,0.19047619047619047
04/11/2025 15:13:53,0.19047619047619047
04/11/2025 15:13:53,0.19047619047619047
04/11/2025 15:13:53,0.19047619047619047
04/11/2025 15:13:53,0.13636363636363635
04/11/2025 15:13:53,0.19047619047619047
04/11/2025 15:13:54,0.13636363636363635
04/11/2025 15:13:54,0.08695652173913043
04/11/2025 15:13:54,0.08695652173913043
04/11/2025 15:13:54,0.08695652173913043
04/11/2025 15:13:54,0.19047619047619047
04/11/2025 15:13:54,0.08695652173913043
04/11/2025 15:13:55,0.08695652173913043
04/11/2025 15:13:55,0.08695652173913043
04/11/2025 15:13:55,0.13636363636363635
04/11/2025 15:13:55,0.13636363636363635
04/11/2025 15:13:55,0.25
04/11/2025 15:13:55,0.19047619047619047
04/11/2025 15:13:56,0.08695652173913043
04/11/2025 15:13:56,0.25
04/11/2025 15:13:56,0.19047619047619047
04/11/2025 15:13:56,0.13636363636363635
04/11/2025 15:13:56,0.08695652173913043
04/11/2025 15:13:56,0.041666666666666664
04/11/2025 15:13:56,0.19047619047619047
04/11/2025 15:13:57,0.19047619047619047
04/11/2025 15:13:57,0.041666666666666664
04/11/2025 15:13:57,0.08695652173913043
04/11/2025 15:13:57,0.08695652173913043
04/11/2025 15:13:57,0.13636363636363635
04/11/2025 15:13:57,0.13636363636363635
04/11/2025 15:13:58,0.13636363636363635
04/11/2025 15:13:58,0.041666666666666664
04/11/2025 15:13:58,0.19047619047619047
04/11/2025 15:13:58,0.08695652173913043
04/11/2025 15:13:58,0.08695652173913043
04/11/2025 15:13:58,0.13636363636363635
04/11/2025 15:13:59,0.25
04/11/2025 15:13:59,0.25
04/11/2025 15:13:59,0.08695652173913043
04/11/2025 15:13:59,0.08695652173913043
04/11/2025 15:13:59,0.13636363636363635
04/11/2025 15:13:59,0.08695652173913043
04/11/2025 15:14:00,0.08695652173913043
04/11/2025 15:14:00,0.041666666666666664
04/11/2025 15:14:00,0.19047619047619047
04/11/2025 15:14:00,0.08695652173913043
04/11/2025 15:14:00,0.19047619047619047
04/11/2025 15:14:00,0.25
04/11/2025 15:14:01,0.19047619047619047
04/11/2025 15:14:01,0.13636363636363635
04/11/2025 15:14:01,0.13636363636363635
04/11/2025 15:14:01,0.13636363636363635
04/11/2025 15:14:01,0.13636363636363635
04/11/2025 15:14:01,0.08695652173913043
04/11/2025 15:14:02,0.08695652173913043
04/11/2025 15:14:02,0.13636363636363635
04/11/2025 15:14:02,0.13636363636363635
04/11/2025 15:14:02,0.08695652173913043
04/11/2025 15:14:02,0.041666666666666664
04/11/2025 15:14:02,0.19047619047619047
04/11/2025 15:14:02,0.041666666666666664
04/11/2025 15:14:03,0.0
04/11/2025 15:14:03,0.13636363636363635
04/11/2025 15:14:03,0.041666666666666664
04/11/2025 15:14:03,0.25
04/11/2025 15:14:03,0.13636363636363635
04/11/2025 15:14:03,0.08695652173913043
04/11/2025 15:14:04,0.25
04/11/2025 15:14:04,0.19047619047619047
04/11/2025 15:14:04,0.19047619047619047
04/11/2025 15:14:04,0.19047619047619047
04/11/2025 15:14:04,0.13636363636363635
04/11/2025 15:14:04,0.19047619047619047
04/11/2025 15:14:05,0.041666666666666664
04/11/2025 15:14:05,0.0
04/11/2025 15:14:05,0.13636363636363635
04/11/2025 15:14:05,0.19047619047619047
04/11/2025 15:14:05,0.13636363636363635
04/11/2025 15:14:05,0.13636363636363635
04/11/2025 15:14:06,0.25
04/11/2025 15:14:06,0.19047619047619047
04/11/2025 15:14:06,0.08695652173913043
04/11/2025 15:14:06,0.08695652173913043
04/11/2025 15:14:06,0.25
04/11/2025 15:14:06,0.13636363636363635
04/11/2025 15:14:06,0.19047619047619047
04/11/2025 15:14:07,0.08695652173913043
04/11/2025 15:14:07,0.13636363636363635
04/11/2025 15:14:07,0.19047619047619047
04/11/2025 15:14:07,0.13636363636363635
04/11/2025 15:14:07,0.25
04/11/2025 15:14:07,0.041666666666666664
04/11/2025 15:14:08,0.25
04/11/2025 15:14:08,0.041666666666666664
04/11/2025 15:14:08,0.19047619047619047
04/11/2025 15:14:08,0.13636363636363635
04/11/2025 15:14:08,0.19047619047619047
04/11/2025 15:14:08,0.25
04/11/2025 15:14:09,0.19047619047619047
04/11/2025 15:14:09,0.041666666666666664
04/11/2025 15:14:09,0.13636363636363635
04/11/2025 15:14:09,0.08695652173913043
04/11/2025 15:14:09,0.19047619047619047
04/11/2025 15:14:09,0.3157894736842105
04/11/2025 15:14:09,0.13636363636363635
04/11/2025 15:14:10,0.19047619047619047
04/11/2025 15:14:10,0.13636363636363635
04/11/2025 15:14:10,0.13636363636363635
04/11/2025 15:14:10,0.13636363636363635
04/11/2025 15:14:10,0.25
04/11/2025 15:14:10,0.3888888888888889
04/11/2025 15:14:11,0.13636363636363635
04/11/2025 15:14:11,0.08695652173913043
04/11/2025 15:14:11,0.08695652173913043
04/11/2025 15:14:11,0.08695652173913043
04/11/2025 15:14:11,0.041666666666666664
04/11/2025 15:14:11,0.13636363636363635
04/11/2025 15:14:12,0.19047619047619047
04/11/2025 15:14:12,0.13636363636363635
04/11/2025 15:14:12,0.041666666666666664
04/11/2025 15:14:12,0.041666666666666664
04/11/2025 15:14:12,0.19047619047619047
04/11/2025 15:14:12,0.13636363636363635
04/11/2025 15:14:13,0.25
04/11/2025 15:14:13,0.19047619047619047
04/11/2025 15:14:13,0.25
04/11/2025 15:14:13,0.3157894736842105
04/11/2025 15:14:13,0.08695652173913043
04/11/2025 15:14:13,0.13636363636363635
04/11/2025 15:14:14,0.041666666666666664
04/11/2025 15:14:14,0.08695652173913043
04/11/2025 15:14:14,0.08695652173913043
04/11/2025 15:14:14,0.13636363636363635
04/11/2025 15:14:14,0.19047619047619047
04/11/2025 15:14:14,0.13636363636363635
04/11/2025 15:14:15,0.25
04/11/2025 15:14:15,0.13636363636363635
04/11/2025 15:14:15,0.13636363636363635
04/11/2025 15:14:15,0.13636363636363635
04/11/2025 15:14:15,0.25
04/11/2025 15:14:15,0.19047619047619047
04/11/2025 15:14:16,0.13636363636363635
04/11/2025 15:14:16,0.19047619047619047
04/11/2025 15:14:16,0.19047619047619047
04/11/2025 15:14:16,0.25
04/11/2025 15:14:16,0.08695652173913043
04/11/2025 15:14:16,0.08695652173913043
04/11/2025 15:14:16,0.13636363636363635
04/11/2025 15:14:17,0.13636363636363635
04/11/2025 15:14:17,0.19047619047619047
04/11/2025 15:14:17,0.13636363636363635
04/11/2025 15:14:17,0.041666666666666664
04/11/2025 15:14:17,0.13636363636363635
04/11/2025 15:14:17,0.08695652173913043
04/11/2025 15:14:18,0.19047619047619047
04/11/2025 15:14:18,0.13636363636363635
04/11/2025 15:14:18,0.25
04/11/2025 15:14:18,0.08695652173913043
04/11/2025 15:14:18,0.3157894736842105
04/11/2025 15:14:18,0.3157894736842105
04/11/2025 15:14:19,0.19047619047619047
04/11/2025 15:14:19,0.19047619047619047
04/11/2025 15:14:19,0.13636363636363635
04/11/2025 15:14:19,0.08695652173913043
04/11/2025 15:14:19,0.0
04/11/2025 15:14:19,0.13636363636363635
04/11/2025 15:14:20,0.13636363636363635
04/11/2025 15:14:20,0.13636363636363635
04/11/2025 15:14:20,0.13636363636363635
04/11/2025 15:14:20,0.08695652173913043
04/11/2025 15:14:20,0.0
04/11/2025 15:14:20,0.08695652173913043
04/11/2025 15:14:21,0.13636363636363635
04/11/2025 15:14:21,0.13636363636363635
04/11/2025 15:14:21,0.13636363636363635
04/11/2025 15:14:21,0.13636363636363635
04/11/2025 15:14:21,0.08695652173913043
04/11/2025 15:14:21,0.13636363636363635
04/11/2025 15:14:21,0.19047619047619047
04/11/2025 15:14:22,0.13636363636363635
04/11/2025 15:14:22,0.08695652173913043
04/11/2025 15:14:22,0.041666666666666664
04/11/2025 15:14:22,0.19047619047619047
04/11/2025 15:14:22,0.3157894736842105
04/11/2025 15:14:22,0.13636363636363635
04/11/2025 15:14:23,0.25
04/11/2025 15:14:23,0.19047619047619047
04/11/2025 15:14:23,0.08695652173913043
04/11/2025 15:14:23,0.08695652173913043
04/11/2025 15:14:23,0.25
04/11/2025 15:14:23,0.19047619047619047
04/11/2025 15:14:24,0.08695652173913043
04/11/2025 15:14:24,0.08695652173913043
04/11/2025 15:14:24,0.08695652173913043
04/11/2025 15:14:24,0.08695652173913043
04/11/2025 15:14:24,0.19047619047619047
04/11/2025 15:14:24,0.08695652173913043
04/11/2025 15:14:25,0.08695652173913043
04/11/2025 15:14:25,0.3157894736842105
04/11/2025 15:14:25,0.13636363636363635
04/11/2025 15:14:25,0.25
04/11/2025 15:14:25,0.19047619047619047
04/11/2025 15:14:25,0.13636363636363635
04/11/2025 15:14:25,0.041666666666666664
04/11/2025 15:14:26,0.19047619047619047
04/11/2025 15:14:26,0.08695652173913043
04/11/2025 15:14:26,0.041666666666666664
04/11/2025 15:14:26,0.25
04/11/2025 15:14:26,0.19047619047619047
04/11/2025 15:14:26,0.19047619047619047
04/11/2025 15:14:27,0.08695652173913043
04/11/2025 15:14:27,0.3157894736842105
04/11/2025 15:14:27,0.13636363636363635
04/11/2025 15:14:27,0.13636363636363635
04/11/2025 15:14:27,0.19047619047619047
04/11/2025 15:14:27,0.08695652173913043
04/11/2025 15:14:28,0.19047619047619047
04/11/2025 15:14:28,0.19047619047619047
04/11/2025 15:14:28,0.13636363636363635
04/11/2025 15:14:28,0.25
04/11/2025 15:14:28,0.041666666666666664
04/11/2025 15:14:28,0.13636363636363635
04/11/2025 15:14:29,0.25
04/11/2025 15:14:29,0.13636363636363635
04/11/2025 15:14:29,0.08695652173913043
04/11/2025 15:14:29,0.25
04/11/2025 15:14:29,0.25
04/11/2025 15:14:29,0.19047619047619047
04/11/2025 15:14:30,0.041666666666666664
04/11/2025 15:14:30,0.13636363636363635
04/11/2025 15:14:30,0.08695652173913043
04/11/2025 15:14:30,0.08695652173913043
04/11/2025 15:14:30,0.08695652173913043
04/11/2025 15:14:30,0.08695652173913043
04/11/2025 15:14:31,0.13636363636363635
04/11/2025 15:14:31,0.13636363636363635
04/11/2025 15:14:31,0.13636363636363635
04/11/2025 15:14:31,0.19047619047619047
04/11/2025 15:14:31,0.19047619047619047
04/11/2025 15:14:31,0.13636363636363635
04/11/2025 15:14:32,0.08695652173913043
04/11/2025 15:14:32,0.25
04/11/2025 15:14:32,0.041666666666666664
04/11/2025 15:14:32,0.08695652173913043
04/11/2025 15:14:32,0.3157894736842105
04/11/2025 15:14:32,0.19047619047619047
04/11/2025 15:14:32,0.041666666666666664
04/11/2025 15:14:33,0.25
04/11/2025 15:14:33,0.13636363636363635
04/11/2025 15:14:33,0.19047619047619047
04/11/2025 15:14:33,0.25
04/11/2025 15:14:33,0.041666666666666664
04/11/2025 15:14:34,0.19047619047619047
04/11/2025 15:14:34,0.041666666666666664
04/11/2025 15:14:34,0.041666666666666664
04/11/2025 15:14:34,0.19047619047619047
04/11/2025 15:14:34,0.08695652173913043
04/11/2025 15:14:34,0.13636363636363635
04/11/2025 15:14:34,0.08695652173913043
04/11/2025 15:14:35,0.08695652173913043
04/11/2025 15:14:35,0.08695652173913043
04/11/2025 15:14:35,0.19047619047619047
04/11/2025 15:14:35,0.08695652173913043
04/11/2025 15:14:35,0.13636363636363635
04/11/2025 15:14:35,0.13636363636363635
04/11/2025 15:14:36,0.13636363636363635
04/11/2025 15:14:36,0.08695652173913043
04/11/2025 15:14:36,0.13636363636363635
04/11/2025 15:14:36,0.08695652173913043
04/11/2025 15:14:36,0.13636363636363635
04/11/2025 15:14:36,0.25
04/11/2025 15:14:37,0.25
04/11/2025 15:14:37,0.19047619047619047
04/11/2025 15:14:37,0.13636363636363635
04/11/2025 15:14:37,0.08695652173913043
04/11/2025 15:14:37,0.3157894736842105
04/11/2025 15:14:37,0.13636363636363635
04/11/2025 15:14:38,0.19047619047619047
04/11/2025 15:14:38,0.13636363636363635
04/11/2025 15:14:38,0.08695652173913043
04/11/2025 15:14:38,0.13636363636363635
04/11/2025 15:14:38,0.13636363636363635
04/11/2025 15:14:38,0.3157894736842105
04/11/2025 15:14:39,0.08695652173913043
04/11/2025 15:14:39,0.08695652173913043
04/11/2025 15:14:39,0.19047619047619047
04/11/2025 15:14:39,0.19047619047619047
04/11/2025 15:14:39,0.13636363636363635
04/11/2025 15:14:39,0.08695652173913043
04/11/2025 15:14:40,0.08695652173913043
04/11/2025 15:14:40,0.3157894736842105
04/11/2025 15:14:40,0.25
04/11/2025 15:14:40,0.041666666666666664
04/11/2025 15:14:40,0.0
04/11/2025 15:14:40,0.13636363636363635
04/11/2025 15:14:40,0.13636363636363635
04/11/2025 15:14:41,0.13636363636363635
04/11/2025 15:14:41,0.08695652173913043
04/11/2025 15:14:41,0.08695652173913043
04/11/2025 15:14:41,0.13636363636363635
04/11/2025 15:14:41,0.08695652173913043
04/11/2025 15:14:41,0.13636363636363635
04/11/2025 15:14:42,0.08695652173913043
04/11/2025 15:14:42,0.25
04/11/2025 15:14:42,0.08695652173913043
04/11/2025 15:14:42,0.13636363636363635
04/11/2025 15:14:42,0.19047619047619047
04/11/2025 15:14:42,0.13636363636363635
04/11/2025 15:14:43,0.19047619047619047
04/11/2025 15:14:43,0.13636363636363635
04/11/2025 15:14:43,0.19047619047619047
04/11/2025 15:14:43,0.19047619047619047
04/11/2025 15:14:43,0.13636363636363635
04/11/2025 15:14:43,0.25
04/11/2025 15:14:44,0.08695652173913043
04/11/2025 15:14:44,0.19047619047619047
04/11/2025 15:14:44,0.19047619047619047
04/11/2025 15:14:44,0.08695652173913043
04/11/2025 15:14:44,0.08695652173913043
04/11/2025 15:14:44,0.19047619047619047
04/11/2025 15:14:45,0.25
04/11/2025 15:14:45,0.19047619047619047
04/11/2025 15:14:45,0.041666666666666664
04/11/2025 15:14:45,0.25
04/11/2025 15:14:45,0.19047619047619047
04/11/2025 15:14:45,0.19047619047619047
04/11/2025 15:14:46,0.08695652173913043
04/11/2025 15:14:46,0.08695652173913043
04/11/2025 15:14:46,0.041666666666666664
04/11/2025 15:14:46,0.13636363636363635
04/11/2025 15:14:46,0.3888888888888889
04/11/2025 15:14:46,0.13636363636363635
04/11/2025 15:14:47,0.08695652173913043
04/11/2025 15:14:47,0.08695652173913043
04/11/2025 15:14:47,0.08695652173913043
04/11/2025 15:14:47,0.13636363636363635
04/11/2025 15:14:47,0.08695652173913043
04/11/2025 15:14:47,0.08695652173913043
04/11/2025 15:14:47,0.041666666666666664
04/11/2025 15:14:48,0.13636363636363635
04/11/2025 15:14:48,0.25
04/11/2025 15:14:48,0.08695652173913043
04/11/2025 15:14:48,0.08695652173913043
04/11/2025 15:14:48,0.0
04/11/2025 15:14:48,0.08695652173913043
04/11/2025 15:14:49,0.08695652173913043
04/11/2025 15:14:49,0.13636363636363635
04/11/2025 15:14:49,0.19047619047619047
04/11/2025 15:14:49,0.19047619047619047
04/11/2025 15:14:49,0.25
04/11/2025 15:14:49,0.19047619047619047
04/11/2025 15:14:50,0.08695652173913043
04/11/2025 15:14:50,0.13636363636363635
04/11/2025 15:14:50,0.13636363636363635
04/11/2025 15:14:50,0.08695652173913043
04/11/2025 15:14:50,0.13636363636363635
04/11/2025 15:14:50,0.08695652173913043
04/11/2025 15:14:51,0.13636363636363635
04/11/2025 15:14:51,0.08695652173913043
04/11/2025 15:14:51,0.25
04/11/2025 15:14:51,0.13636363636363635
04/11/2025 15:14:51,0.13636363636363635
04/11/2025 15:14:51,0.19047619047619047
04/11/2025 15:14:52,0.041666666666666664
04/11/2025 15:14:52,0.13636363636363635
04/11/2025 15:14:52,0.041666666666666664
04/11/2025 15:14:52,0.13636363636363635
04/11/2025 15:14:52,0.08695652173913043
04/11/2025 15:14:52,0.19047619047619047
04/11/2025 15:14:52,0.19047619047619047
04/11/2025 15:14:53,0.08695652173913043
04/11/2025 15:14:53,0.13636363636363635
04/11/2025 15:14:53,0.08695652173913043
04/11/2025 15:14:53,0.19047619047619047
04/11/2025 15:14:53,0.19047619047619047
04/11/2025 15:14:53,0.13636363636363635
04/11/2025 15:14:54,0.041666666666666664
04/11/2025 15:14:54,0.08695652173913043
04/11/2025 15:14:54,0.13636363636363635
04/11/2025 15:14:54,0.041666666666666664
04/11/2025 15:14:54,0.08695652173913043
04/11/2025 15:14:54,0.13636363636363635
04/11/2025 15:14:55,0.0
04/11/2025 15:14:55,0.08695652173913043
04/11/2025 15:14:55,0.13636363636363635
04/11/2025 15:14:55,0.13636363636363635
04/11/2025 15:14:55,0.041666666666666664
04/11/2025 15:14:55,0.13636363636363635
04/11/2025 15:14:56,0.08695652173913043
04/11/2025 15:14:56,0.13636363636363635
04/11/2025 15:14:56,0.19047619047619047
04/11/2025 15:14:56,0.25
04/11/2025 15:14:56,0.13636363636363635
04/11/2025 15:14:56,0.25
04/11/2025 15:14:56,0.19047619047619047
04/11/2025 15:14:57,0.041666666666666664
04/11/2025 15:14:57,0.08695652173913043
04/11/2025 15:14:57,0.041666666666666664
04/11/2025 15:14:57,0.08695652173913043
04/11/2025 15:14:57,0.19047619047619047
04/11/2025 15:14:57,0.13636363636363635
04/11/2025 15:14:58,0.08695652173913043
04/11/2025 15:14:58,0.13636363636363635
04/11/2025 15:14:58,0.13636363636363635
04/11/2025 15:14:58,0.08695652173913043
04/11/2025 15:14:58,0.13636363636363635
04/11/2025 15:14:58,0.08695652173913043
04/11/2025 15:14:59,0.041666666666666664
04/11/2025 15:14:59,0.08695652173913043
04/11/2025 15:14:59,0.041666666666666664
04/11/2025 15:14:59,0.13636363636363635
04/11/2025 15:14:59,0.25
04/11/2025 15:14:59,0.08695652173913043
04/11/2025 15:15:00,0.13636363636363635
04/11/2025 15:15:00,0.08695652173913043
04/11/2025 15:15:00,0.19047619047619047
04/11/2025 15:15:00,0.08695652173913043
04/11/2025 15:15:00,0.08695652173913043
04/11/2025 15:15:00,0.19047619047619047
04/11/2025 15:15:01,0.13636363636363635
04/11/2025 15:15:01,0.25
04/11/2025 15:15:01,0.08695652173913043
04/11/2025 15:15:01,0.25
04/11/2025 15:15:01,0.19047619047619047
04/11/2025 15:15:01,0.13636363636363635
04/11/2025 15:15:02,0.13636363636363635
04/11/2025 15:15:02,0.25
04/11/2025 15:15:02,0.08695652173913043
04/11/2025 15:15:02,0.13636363636363635
04/11/2025 15:15:02,0.08695652173913043
04/11/2025 15:15:02,0.13636363636363635
04/11/2025 15:15:03,0.041666666666666664
04/11/2025 15:15:03,0.25
04/11/2025 15:15:03,0.25
04/11/2025 15:15:03,0.13636363636363635
04/11/2025 15:15:03,0.08695652173913043
04/11/2025 15:15:03,0.041666666666666664
04/11/2025 15:15:03,0.08695652173913043
04/11/2025 15:15:04,0.041666666666666664
04/11/2025 15:15:04,0.19047619047619047
04/11/2025 15:15:04,0.08695652173913043
04/11/2025 15:15:04,0.19047619047619047
04/11/2025 15:15:04,0.08695652173913043
04/11/2025 15:15:04,0.13636363636363635
04/11/2025 15:15:05,0.041666666666666664
04/11/2025 15:15:05,0.13636363636363635
04/11/2025 15:15:05,0.13636363636363635
04/11/2025 15:15:05,0.13636363636363635
04/11/2025 15:15:05,0.19047619047619047
04/11/2025 15:15:05,0.041666666666666664
04/11/2025 15:15:06,0.13636363636363635
04/11/2025 15:15:06,0.13636363636363635
04/11/2025 15:15:06,0.08695652173913043
04/11/2025 15:15:06,0.08695652173913043
04/11/2025 15:15:06,0.13636363636363635
04/11/2025 15:15:06,0.08695652173913043
04/11/2025 15:15:07,0.19047619047619047
04/11/2025 15:15:07,0.25
04/11/2025 15:15:07,0.041666666666666664
04/11/2025 15:15:07,0.19047619047619047
04/11/2025 15:15:07,0.08695652173913043
04/11/2025 15:15:07,0.13636363636363635
04/11/2025 15:15:08,0.13636363636363635
04/11/2025 15:15:08,0.13636363636363635
04/11/2025 15:15:08,0.3157894736842105
04/11/2025 15:15:08,0.19047619047619047
04/11/2025 15:15:08,0.13636363636363635
04/11/2025 15:15:08,0.25
04/11/2025 15:15:08,0.08695652173913043
04/11/2025 15:15:09,0.041666666666666664
04/11/2025 15:15:09,0.13636363636363635
04/11/2025 15:15:09,0.19047619047619047
04/11/2025 15:15:09,0.13636363636363635
04/11/2025 15:15:09,0.13636363636363635
04/11/2025 15:15:09,0.13636363636363635
04/11/2025 15:15:10,0.19047619047619047
04/11/2025 15:15:10,0.041666666666666664
04/11/2025 15:15:10,0.13636363636363635
04/11/2025 15:15:10,0.13636363636363635
04/11/2025 15:15:10,0.08695652173913043
04/11/2025 15:15:10,0.041666666666666664
04/11/2025 15:15:11,0.13636363636363635
04/11/2025 15:15:11,0.08695652173913043
04/11/2025 15:15:11,0.13636363636363635
04/11/2025 15:15:11,0.13636363636363635
04/11/2025 15:15:11,0.13636363636363635
04/11/2025 15:15:11,0.13636363636363635
04/11/2025 15:15:12,0.041666666666666664
04/11/2025 15:15:12,0.13636363636363635
04/11/2025 15:15:12,0.13636363636363635
04/11/2025 15:15:12,0.3157894736842105
04/11/2025 15:15:12,0.08695652173913043
04/11/2025 15:15:12,0.13636363636363635
04/11/2025 15:15:13,0.19047619047619047
04/11/2025 15:15:13,0.08695652173913043
04/11/2025 15:15:13,0.08695652173913043
04/11/2025 15:15:13,0.08695652173913043
04/11/2025 15:15:13,0.19047619047619047
04/11/2025 15:15:13,0.25
04/11/2025 15:15:13,0.08695652173913043
04/11/2025 15:15:14,0.25
04/11/2025 15:15:14,0.08695652173913043
04/11/2025 15:15:14,0.13636363636363635
04/11/2025 15:15:14,0.13636363636363635
04/11/2025 15:15:14,0.13636363636363635
04/11/2025 15:15:14,0.19047619047619047
04/11/2025 15:15:15,0.13636363636363635
04/11/2025 15:15:15,0.08695652173913043
04/11/2025 15:15:15,0.0
04/11/2025 15:15:15,0.13636363636363635
04/11/2025 15:15:15,0.13636363636363635
04/11/2025 15:15:15,0.25
04/11/2025 15:15:16,0.25
04/11/2025 15:15:16,0.13636363636363635
04/11/2025 15:15:16,0.13636363636363635
04/11/2025 15:15:16,0.13636363636363635
04/11/2025 15:15:16,0.08695652173913043
04/11/2025 15:15:16,0.19047619047619047
04/11/2025 15:15:17,0.13636363636363635
04/11/2025 15:15:17,0.13636363636363635
04/11/2025 15:15:17,0.13636363636363635
04/11/2025 15:15:17,0.08695652173913043
04/11/2025 15:15:17,0.19047619047619047
04/11/2025 15:15:17,0.13636363636363635
04/11/2025 15:15:17,0.08695652173913043
04/11/2025 15:15:18,0.0
04/11/2025 15:15:18,0.25
04/11/2025 15:15:18,0.13636363636363635
04/11/2025 15:15:18,0.19047619047619047
04/11/2025 15:15:18,0.13636363636363635
04/11/2025 15:15:18,0.13636363636363635
04/11/2025 15:15:19,0.041666666666666664
04/11/2025 15:15:19,0.25
04/11/2025 15:15:19,0.19047619047619047
04/11/2025 15:15:19,0.19047619047619047
04/11/2025 15:15:19,0.08695652173913043
04/11/2025 15:15:19,0.13636363636363635
04/11/2025 15:15:20,0.041666666666666664
04/11/2025 15:15:20,0.19047619047619047
04/11/2025 15:15:20,0.19047619047619047
04/11/2025 15:15:20,0.13636363636363635
04/11/2025 15:15:20,0.19047619047619047
04/11/2025 15:15:20,0.08695652173913043
04/11/2025 15:15:21,0.041666666666666664
04/11/2025 15:15:21,0.19047619047619047
04/11/2025 15:15:21,0.08695652173913043
04/11/2025 15:15:21,0.13636363636363635
04/11/2025 15:15:21,0.19047619047619047
04/11/2025 15:15:21,0.19047619047619047
04/11/2025 15:15:21,0.08695652173913043
04/11/2025 15:15:22,0.13636363636363635
04/11/2025 15:15:22,0.19047619047619047
04/11/2025 15:15:22,0.19047619047619047
04/11/2025 15:15:22,0.08695652173913043
04/11/2025 15:15:22,0.041666666666666664
04/11/2025 15:15:22,0.25
04/11/2025 15:15:23,0.19047619047619047
04/11/2025 15:15:23,0.19047619047619047
04/11/2025 15:15:23,0.08695652173913043
04/11/2025 15:15:23,0.041666666666666664
04/11/2025 15:15:23,0.19047619047619047
04/11/2025 15:15:23,0.25
04/11/2025 15:15:24,0.13636363636363635
04/11/2025 15:15:24,0.19047619047619047
04/11/2025 15:15:24,0.13636363636363635
04/11/2025 15:15:24,0.19047619047619047
04/11/2025 15:15:24,0.041666666666666664
04/11/2025 15:15:24,0.19047619047619047
04/11/2025 15:15:25,0.13636363636363635
04/11/2025 15:15:25,0.13636363636363635
04/11/2025 15:15:25,0.13636363636363635
04/11/2025 15:15:25,0.19047619047619047
04/11/2025 15:15:25,0.041666666666666664
04/11/2025 15:15:25,0.19047619047619047
04/11/2025 15:15:26,0.08695652173913043
04/11/2025 15:15:26,0.08695652173913043
04/11/2025 15:15:26,0.13636363636363635
04/11/2025 15:15:26,0.041666666666666664
04/11/2025 15:15:26,0.13636363636363635
04/11/2025 15:15:26,0.08695652173913043
04/11/2025 15:15:27,0.13636363636363635
04/11/2025 15:15:27,0.25
04/11/2025 15:15:27,0.13636363636363635
04/11/2025 15:15:27,0.13636363636363635
04/11/2025 15:15:27,0.041666666666666664
04/11/2025 15:15:27,0.19047619047619047
04/11/2025 15:15:27,0.13636363636363635
04/11/2025 15:15:28,0.041666666666666664
04/11/2025 15:15:28,0.13636363636363635
04/11/2025 15:15:28,0.13636363636363635
04/11/2025 15:15:28,0.19047619047619047
04/11/2025 15:15:28,0.19047619047619047
04/11/2025 15:15:28,0.25
04/11/2025 15:15:29,0.19047619047619047
04/11/2025 15:15:29,0.19047619047619047
04/11/2025 15:15:29,0.08695652173913043
04/11/2025 15:15:29,0.08695652173913043
04/11/2025 15:15:29,0.13636363636363635
04/11/2025 15:15:29,0.19047619047619047
04/11/2025 15:15:30,0.08695652173913043
04/11/2025 15:15:30,0.19047619047619047
04/11/2025 15:15:30,0.13636363636363635
04/11/2025 15:15:30,0.13636363636363635
04/11/2025 15:15:30,0.19047619047619047
04/11/2025 15:15:30,0.19047619047619047
04/11/2025 15:15:31,0.25
04/11/2025 15:15:31,0.25
04/11/2025 15:15:31,0.13636363636363635
04/11/2025 15:15:31,0.13636363636363635
04/11/2025 15:15:31,0.041666666666666664
04/11/2025 15:15:31,0.25
04/11/2025 15:15:32,0.08695652173913043
04/11/2025 15:15:32,0.19047619047619047
04/11/2025 15:15:32,0.13636363636363635
04/11/2025 15:15:32,0.08695652173913043
04/11/2025 15:15:32,0.13636363636363635
04/11/2025 15:15:32,0.19047619047619047
04/11/2025 15:15:33,0.08695652173913043
04/11/2025 15:15:33,0.041666666666666664
04/11/2025 15:15:33,0.13636363636363635
04/11/2025 15:15:33,0.13636363636363635
04/11/2025 15:15:33,0.13636363636363635
04/11/2025 15:15:33,0.08695652173913043
04/11/2025 15:15:34,0.08695652173913043
04/11/2025 15:15:34,0.19047619047619047
04/11/2025 15:15:34,0.08695652173913043
04/11/2025 15:15:34,0.13636363636363635
04/11/2025 15:15:34,0.19047619047619047
04/11/2025 15:15:34,0.13636363636363635
04/11/2025 15:15:35,0.08695652173913043
04/11/2025 15:15:35,0.19047619047619047
04/11/2025 15:15:35,0.041666666666666664
04/11/2025 15:15:35,0.25
04/11/2025 15:15:35,0.19047619047619047
04/11/2025 15:15:35,0.19047619047619047
04/11/2025 15:15:36,0.19047619047619047
04/11/2025 15:15:36,0.13636363636363635
04/11/2025 15:15:36,0.13636363636363635
04/11/2025 15:15:36,0.19047619047619047
04/11/2025 15:15:36,0.13636363636363635
04/11/2025 15:15:36,0.13636363636363635
04/11/2025 15:15:37,0.13636363636363635
04/11/2025 15:15:37,0.08695652173913043
04/11/2025 15:15:37,0.25
04/11/2025 15:15:37,0.19047619047619047
04/11/2025 15:15:37,0.0
04/11/2025 15:15:37,0.08695652173913043
04/11/2025 15:15:37,0.19047619047619047
04/11/2025 15:15:38,0.13636363636363635
04/11/2025 15:15:38,0.08695652173913043
04/11/2025 15:15:38,0.19047619047619047
04/11/2025 15:15:38,0.19047619047619047
04/11/2025 15:15:38,0.08695652173913043
04/11/2025 15:15:38,0.13636363636363635
04/11/2025 15:15:39,0.25
04/11/2025 15:15:39,0.08695652173913043
04/11/2025 15:15:39,0.041666666666666664
04/11/2025 15:15:39,0.08695652173913043
04/11/2025 15:15:39,0.041666666666666664
04/11/2025 15:15:39,0.13636363636363635
04/11/2025 15:15:40,0.041666666666666664
04/11/2025 15:15:40,0.08695652173913043
04/11/2025 15:15:40,0.08695652173913043
04/11/2025 15:15:40,0.19047619047619047
04/11/2025 15:15:40,0.041666666666666664
04/11/2025 15:15:40,0.08695652173913043
04/11/2025 15:15:41,0.13636363636363635
04/11/2025 15:15:41,0.13636363636363635
04/11/2025 15:15:41,0.19047619047619047
04/11/2025 15:15:41,0.13636363636363635
04/11/2025 15:15:41,0.13636363636363635
04/11/2025 15:15:41,0.08695652173913043
04/11/2025 15:15:42,0.19047619047619047
04/11/2025 15:15:42,0.19047619047619047
04/11/2025 15:15:42,0.19047619047619047
04/11/2025 15:15:42,0.08695652173913043
04/11/2025 15:15:42,0.13636363636363635
04/11/2025 15:15:42,0.13636363636363635
04/11/2025 15:15:43,0.08695652173913043
04/11/2025 15:15:43,0.13636363636363635
04/11/2025 15:15:43,0.13636363636363635
04/11/2025 15:15:43,0.19047619047619047
04/11/2025 15:15:43,0.19047619047619047
04/11/2025 15:15:43,0.08695652173913043
04/11/2025 15:15:44,0.08695652173913043
04/11/2025 15:15:44,0.19047619047619047
04/11/2025 15:15:44,0.08695652173913043
04/11/2025 15:15:44,0.08695652173913043
04/11/2025 15:15:44,0.13636363636363635
04/11/2025 15:15:44,0.08695652173913043
04/11/2025 15:15:44,0.08695652173913043
04/11/2025 15:15:45,0.13636363636363635
04/11/2025 15:15:45,0.13636363636363635
04/11/2025 15:15:45,0.08695652173913043
04/11/2025 15:15:45,0.13636363636363635
04/11/2025 15:15:45,0.25
04/11/2025 15:15:45,0.25
04/11/2025 15:15:46,0.08695652173913043
04/11/2025 15:15:46,0.08695652173913043
04/11/2025 15:15:46,0.08695652173913043
04/11/2025 15:15:46,0.19047619047619047
04/11/2025 15:15:46,0.041666666666666664
04/11/2025 15:15:46,0.19047619047619047
04/11/2025 15:15:47,0.08695652173913043
04/11/2025 15:15:47,0.25
04/11/2025 15:15:47,0.13636363636363635
04/11/2025 15:15:47,0.13636363636363635
04/11/2025 15:15:47,0.13636363636363635
04/11/2025 15:15:47,0.19047619047619047
04/11/2025 15:15:48,0.08695652173913043
04/11/2025 15:15:48,0.25
04/11/2025 15:15:48,0.19047619047619047
04/11/2025 15:15:48,0.19047619047619047
04/11/2025 15:15:48,0.19047619047619047
04/11/2025 15:15:48,0.08695652173913043
04/11/2025 15:15:49,0.13636363636363635
04/11/2025 15:15:49,0.19047619047619047
04/11/2025 15:15:49,0.13636363636363635
04/11/2025 15:15:49,0.13636363636363635
04/11/2025 15:15:49,0.0
04/11/2025 15:15:49,0.19047619047619047
04/11/2025 15:15:50,0.041666666666666664
04/11/2025 15:15:50,0.08695652173913043
04/11/2025 15:15:50,0.19047619047619047
04/11/2025 15:15:50,0.19047619047619047
04/11/2025 15:15:50,0.13636363636363635
04/11/2025 15:15:50,0.041666666666666664
04/11/2025 15:15:51,0.25
04/11/2025 15:15:51,0.3157894736842105
04/11/2025 15:15:51,0.08695652173913043
04/11/2025 15:15:51,0.13636363636363635
04/11/2025 15:15:51,0.08695652173913043
04/11/2025 15:15:51,0.08695652173913043
04/11/2025 15:15:52,0.08695652173913043
04/11/2025 15:15:52,0.08695652173913043
04/11/2025 15:15:52,0.08695652173913043
04/11/2025 15:15:52,0.08695652173913043
04/11/2025 15:15:52,0.19047619047619047
04/11/2025 15:15:52,0.13636363636363635
04/11/2025 15:15:52,0.041666666666666664
04/11/2025 15:15:53,0.13636363636363635
04/11/2025 15:15:53,0.13636363636363635
04/11/2025 15:15:53,0.25
04/11/2025 15:15:53,0.041666666666666664
04/11/2025 15:15:53,0.3157894736842105
04/11/2025 15:15:53,0.19047619047619047
04/11/2025 15:15:54,0.041666666666666664
04/11/2025 15:15:54,0.041666666666666664
04/11/2025 15:15:54,0.19047619047619047
04/11/2025 15:15:54,0.13636363636363635
04/11/2025 15:15:54,0.08695652173913043
04/11/2025 15:15:54,0.19047619047619047
04/11/2025 15:15:55,0.13636363636363635
04/11/2025 15:15:55,0.08695652173913043
04/11/2025 15:15:55,0.19047619047619047
04/11/2025 15:15:55,0.19047619047619047
04/11/2025 15:15:55,0.13636363636363635
04/11/2025 15:15:55,0.19047619047619047
04/11/2025 15:15:56,0.13636363636363635
04/11/2025 15:15:56,0.08695652173913043
04/11/2025 15:15:56,0.19047619047619047
04/11/2025 15:15:56,0.19047619047619047
04/11/2025 15:15:56,0.19047619047619047
04/11/2025 15:15:56,0.25
04/11/2025 15:15:57,0.08695652173913043
04/11/2025 15:15:57,0.19047619047619047
04/11/2025 15:15:57,0.25
04/11/2025 15:15:57,0.13636363636363635
04/11/2025 15:15:57,0.13636363636363635
04/11/2025 15:15:57,0.08695652173913043
04/11/2025 15:15:58,0.13636363636363635
04/11/2025 15:15:58,0.13636363636363635
04/11/2025 15:15:58,0.041666666666666664
04/11/2025 15:15:58,0.13636363636363635
04/11/2025 15:15:58,0.19047619047619047
04/11/2025 15:15:58,0.19047619047619047
04/11/2025 15:15:58,0.19047619047619047
04/11/2025 15:15:59,0.13636363636363635
04/11/2025 15:15:59,0.08695652173913043
04/11/2025 15:15:59,0.13636363636363635
04/11/2025 15:15:59,0.041666666666666664
04/11/2025 15:15:59,0.13636363636363635
04/11/2025 15:15:59,0.19047619047619047
04/11/2025 15:16:00,0.08695652173913043
04/11/2025 15:16:00,0.08695652173913043
04/11/2025 15:16:00,0.0
04/11/2025 15:16:00,0.13636363636363635
04/11/2025 15:16:00,0.19047619047619047
04/11/2025 15:16:00,0.13636363636363635
04/11/2025 15:16:01,0.13636363636363635
04/11/2025 15:16:01,0.13636363636363635
04/11/2025 15:16:01,0.25
04/11/2025 15:16:01,0.19047619047619047
04/11/2025 15:16:01,0.08695652173913043
04/11/2025 15:16:01,0.19047619047619047
04/11/2025 15:16:02,0.0
04/11/2025 15:16:02,0.25
04/11/2025 15:16:02,0.08695652173913043
04/11/2025 15:16:02,0.25
04/11/2025 15:16:02,0.08695652173913043
04/11/2025 15:16:02,0.08695652173913043
04/11/2025 15:16:03,0.08695652173913043
04/11/2025 15:16:03,0.041666666666666664
04/11/2025 15:16:03,0.13636363636363635
04/11/2025 15:16:03,0.041666666666666664
04/11/2025 15:16:03,0.08695652173913043
04/11/2025 15:16:03,0.13636363636363635
04/11/2025 15:16:04,0.08695652173913043
04/11/2025 15:16:04,0.25
04/11/2025 15:16:04,0.19047619047619047
04/11/2025 15:16:04,0.041666666666666664
04/11/2025 15:16:04,0.13636363636363635
04/11/2025 15:16:04,0.041666666666666664
04/11/2025 15:16:05,0.19047619047619047
04/11/2025 15:16:05,0.19047619047619047
04/11/2025 15:16:05,0.08695652173913043
04/11/2025 15:16:05,0.08695652173913043
04/11/2025 15:16:05,0.13636363636363635
04/11/2025 15:16:05,0.13636363636363635
04/11/2025 15:16:05,0.08695652173913043
04/11/2025 15:16:06,0.041666666666666664
04/11/2025 15:16:06,0.08695652173913043
04/11/2025 15:16:06,0.19047619047619047
04/11/2025 15:16:06,0.13636363636363635
04/11/2025 15:16:06,0.08695652173913043
04/11/2025 15:16:06,0.3888888888888889
04/11/2025 15:16:07,0.13636363636363635
04/11/2025 15:16:07,0.25
04/11/2025 15:16:07,0.0
04/11/2025 15:16:07,0.13636363636363635
04/11/2025 15:16:07,0.08695652173913043
04/11/2025 15:16:07,0.08695652173913043
04/11/2025 15:16:08,0.13636363636363635
04/11/2025 15:16:08,0.19047619047619047
04/11/2025 15:16:08,0.13636363636363635
04/11/2025 15:16:08,0.08695652173913043
04/11/2025 15:16:08,0.08695652173913043
04/11/2025 15:16:08,0.19047619047619047
04/11/2025 15:16:09,0.13636363636363635
04/11/2025 15:16:09,0.25
04/11/2025 15:16:09,0.08695652173913043
04/11/2025 15:16:09,0.041666666666666664
04/11/2025 15:16:09,0.19047619047619047
04/11/2025 15:16:09,0.08695652173913043
04/11/2025 15:16:09,0.08695652173913043
04/11/2025 15:16:10,0.041666666666666664
04/11/2025 15:16:10,0.041666666666666664
04/11/2025 15:16:10,0.08695652173913043
04/11/2025 15:16:10,0.19047619047619047
04/11/2025 15:16:10,0.041666666666666664
04/11/2025 15:16:10,0.19047619047619047
04/11/2025 15:16:11,0.08695652173913043
04/11/2025 15:16:11,0.041666666666666664
04/11/2025 15:16:11,0.13636363636363635
04/11/2025 15:16:11,0.19047619047619047
04/11/2025 15:16:11,0.19047619047619047
04/11/2025 15:16:11,0.041666666666666664
04/11/2025 15:16:12,0.19047619047619047
04/11/2025 15:16:12,0.13636363636363635
04/11/2025 15:16:12,0.25
04/11/2025 15:16:12,0.13636363636363635
04/11/2025 15:16:12,0.13636363636363635
04/11/2025 15:16:12,0.13636363636363635
04/11/2025 15:16:12,0.13636363636363635
04/11/2025 15:16:13,0.19047619047619047
04/11/2025 15:16:13,0.13636363636363635
04/11/2025 15:16:13,0.13636363636363635
04/11/2025 15:16:13,0.0
04/11/2025 15:16:13,0.08695652173913043
04/11/2025 15:16:13,0.13636363636363635
04/11/2025 15:16:14,0.08695652173913043
04/11/2025 15:16:14,0.13636363636363635
04/11/2025 15:16:14,0.13636363636363635
04/11/2025 15:16:14,0.041666666666666664
04/11/2025 15:16:14,0.19047619047619047
04/11/2025 15:16:14,0.25
04/11/2025 15:16:15,0.041666666666666664
04/11/2025 15:16:15,0.08695652173913043
04/11/2025 15:16:15,0.25
04/11/2025 15:16:15,0.3157894736842105
04/11/2025 15:16:15,0.19047619047619047
04/11/2025 15:16:15,0.08695652173913043
04/11/2025 15:16:16,0.19047619047619047
04/11/2025 15:16:16,0.08695652173913043
04/11/2025 15:16:16,0.08695652173913043
04/11/2025 15:16:16,0.08695652173913043
04/11/2025 15:16:16,0.08695652173913043
04/11/2025 15:16:16,0.13636363636363635
04/11/2025 15:16:16,0.08695652173913043
04/11/2025 15:16:17,0.08695652173913043
04/11/2025 15:16:17,0.19047619047619047
04/11/2025 15:16:17,0.08695652173913043
04/11/2025 15:16:17,0.25
04/11/2025 15:16:17,0.08695652173913043
04/11/2025 15:16:17,0.13636363636363635
04/11/2025 15:16:18,0.19047619047619047
04/11/2025 15:16:18,0.19047619047619047
04/11/2025 15:16:18,0.25
04/11/2025 15:16:18,0.08695652173913043
04/11/2025 15:16:18,0.13636363636363635
04/11/2025 15:16:18,0.19047619047619047
04/11/2025 15:16:19,0.19047619047619047
04/11/2025 15:16:19,0.08695652173913043
04/11/2025 15:16:19,0.13636363636363635
04/11/2025 15:16:19,0.19047619047619047
04/11/2025 15:16:19,0.19047619047619047
04/11/2025 15:16:19,0.13636363636363635
04/11/2025 15:16:20,0.13636363636363635
04/11/2025 15:16:20,0.08695652173913043
04/11/2025 15:16:20,0.13636363636363635
04/11/2025 15:16:20,0.08695652173913043
04/11/2025 15:16:20,0.19047619047619047
04/11/2025 15:16:20,0.13636363636363635
04/11/2025 15:16:21,0.25
04/11/2025 15:16:21,0.041666666666666664
04/11/2025 15:16:21,0.041666666666666664
04/11/2025 15:16:21,0.08695652173913043
04/11/2025 15:16:21,0.13636363636363635
04/11/2025 15:16:21,0.13636363636363635
04/11/2025 15:16:22,0.041666666666666664
04/11/2025 15:16:22,0.13636363636363635
04/11/2025 15:16:22,0.13636363636363635
04/11/2025 15:16:22,0.08695652173913043
04/11/2025 15:16:22,0.08695652173913043
04/11/2025 15:16:22,0.25
04/11/2025 15:16:22,0.13636363636363635
04/11/2025 15:16:23,0.19047619047619047
04/11/2025 15:16:23,0.041666666666666664
04/11/2025 15:16:23,0.13636363636363635
04/11/2025 15:16:23,0.19047619047619047
04/11/2025 15:16:23,0.25
04/11/2025 15:16:23,0.08695652173913043
04/11/2025 15:16:24,0.19047619047619047
04/11/2025 15:16:24,0.08695652173913043
04/11/2025 15:16:24,0.13636363636363635
04/11/2025 15:16:24,0.08695652173913043
04/11/2025 15:16:24,0.13636363636363635
04/11/2025 15:16:24,0.13636363636363635
04/11/2025 15:16:25,0.19047619047619047
04/11/2025 15:16:25,0.08695652173913043
04/11/2025 15:16:25,0.3157894736842105
04/11/2025 15:16:25,0.13636363636363635
04/11/2025 15:16:25,0.3888888888888889
04/11/2025 15:16:25,0.25
04/11/2025 15:16:26,0.13636363636363635
04/11/2025 15:16:26,0.041666666666666664
04/11/2025 15:16:26,0.13636363636363635
04/11/2025 15:16:26,0.13636363636363635
04/11/2025 15:16:26,0.13636363636363635
04/11/2025 15:16:26,0.13636363636363635
04/11/2025 15:16:27,0.25
04/11/2025 15:16:27,0.13636363636363635
04/11/2025 15:16:27,0.041666666666666664
04/11/2025 15:16:27,0.041666666666666664
04/11/2025 15:16:27,0.08695652173913043
04/11/2025 15:16:27,0.13636363636363635
04/11/2025 15:16:27,0.08695652173913043
04/11/2025 15:16:28,0.08695652173913043
04/11/2025 15:16:28,0.19047619047619047
04/11/2025 15:16:28,0.08695652173913043
04/11/2025 15:16:28,0.13636363636363635
04/11/2025 15:16:28,0.19047619047619047
04/11/2025 15:16:28,0.0
04/11/2025 15:16:29,0.08695652173913043
04/11/2025 15:16:29,0.13636363636363635
04/11/2025 15:16:29,0.08695652173913043
04/11/2025 15:16:29,0.08695652173913043
04/11/2025 15:16:29,0.13636363636363635
04/11/2025 15:16:29,0.041666666666666664
04/11/2025 15:16:30,0.19047619047619047
04/11/2025 15:16:30,0.041666666666666664
04/11/2025 15:16:30,0.08695652173913043
04/11/2025 15:16:30,0.0
04/11/2025 15:16:30,0.041666666666666664
04/11/2025 15:16:30,0.041666666666666664
04/11/2025 15:16:31,0.19047619047619047
04/11/2025 15:16:31,0.041666666666666664
04/11/2025 15:16:31,0.19047619047619047
04/11/2025 15:16:31,0.13636363636363635
04/11/2025 15:16:31,0.25
04/11/2025 15:16:31,0.13636363636363635
04/11/2025 15:16:31,0.13636363636363635
04/11/2025 15:16:32,0.08695652173913043
04/11/2025 15:16:32,0.25
04/11/2025 15:16:32,0.19047619047619047
04/11/2025 15:16:32,0.13636363636363635
04/11/2025 15:16:32,0.041666666666666664
04/11/2025 15:16:32,0.08695652173913043
04/11/2025 15:16:33,0.13636363636363635
04/11/2025 15:16:33,0.19047619047619047
04/11/2025 15:16:33,0.08695652173913043
04/11/2025 15:16:33,0.25
04/11/2025 15:16:33,0.13636363636363635
04/11/2025 15:16:33,0.08695652173913043
04/11/2025 15:16:34,0.08695652173913043
04/11/2025 15:16:34,0.19047619047619047
04/11/2025 15:16:34,0.13636363636363635
04/11/2025 15:16:34,0.08695652173913043
04/11/2025 15:16:34,0.19047619047619047
04/11/2025 15:16:34,0.08695652173913043
04/11/2025 15:16:35,0.08695652173913043
04/11/2025 15:16:35,0.25
04/11/2025 15:16:35,0.08695652173913043
04/11/2025 15:16:35,0.19047619047619047
04/11/2025 15:16:35,0.13636363636363635
04/11/2025 15:16:35,0.25
04/11/2025 15:16:36,0.13636363636363635
04/11/2025 15:16:36,0.041666666666666664
04/11/2025 15:16:36,0.19047619047619047
04/11/2025 15:16:36,0.25
04/11/2025 15:16:36,0.13636363636363635
04/11/2025 15:16:36,0.19047619047619047
04/11/2025 15:16:37,0.19047619047619047
04/11/2025 15:16:37,0.08695652173913043
04/11/2025 15:16:37,0.13636363636363635
04/11/2025 15:16:37,0.041666666666666664
04/11/2025 15:16:37,0.19047619047619047
04/11/2025 15:16:37,0.08695652173913043
04/11/2025 15:16:38,0.0
04/11/2025 15:16:38,0.13636363636363635
04/11/2025 15:16:38,0.13636363636363635
04/11/2025 15:16:38,0.13636363636363635
04/11/2025 15:16:38,0.13636363636363635
04/11/2025 15:16:38,0.08695652173913043
04/11/2025 15:16:39,0.25
04/11/2025 15:16:39,0.08695652173913043
04/11/2025 15:16:39,0.041666666666666664
04/11/2025 15:16:39,0.08695652173913043
04/11/2025 15:16:39,0.08695652173913043
04/11/2025 15:16:39,0.25
04/11/2025 15:16:40,0.19047619047619047
04/11/2025 15:16:40,0.13636363636363635
04/11/2025 15:16:40,0.08695652173913043
04/11/2025 15:16:40,0.08695652173913043
04/11/2025 15:16:40,0.08695652173913043
04/11/2025 15:16:40,0.19047619047619047
04/11/2025 15:16:41,0.041666666666666664
04/11/2025 15:16:41,0.19047619047619047
04/11/2025 15:16:41,0.08695652173913043
04/11/2025 15:16:41,0.13636363636363635
04/11/2025 15:16:41,0.041666666666666664
04/11/2025 15:16:41,0.25
04/11/2025 15:16:42,0.19047619047619047
04/11/2025 15:16:42,0.13636363636363635
04/11/2025 15:16:42,0.19047619047619047
04/11/2025 15:16:42,0.13636363636363635
04/11/2025 15:16:42,0.19047619047619047
04/11/2025 15:16:42,0.19047619047619047
04/11/2025 15:16:42,0.041666666666666664
04/11/2025 15:16:43,0.19047619047619047
04/11/2025 15:16:43,0.08695652173913043
04/11/2025 15:16:43,0.13636363636363635
04/11/2025 15:16:43,0.13636363636363635
04/11/2025 15:16:43,0.13636363636363635
04/11/2025 15:16:43,0.19047619047619047
04/11/2025 15:16:44,0.08695652173913043
04/11/2025 15:16:44,0.08695652173913043
04/11/2025 15:16:44,0.041666666666666664
04/11/2025 15:16:44,0.19047619047619047
04/11/2025 15:16:44,0.19047619047619047
04/11/2025 15:16:44,0.19047619047619047
04/11/2025 15:16:45,0.3157894736842105
04/11/2025 15:16:45,0.08695652173913043
04/11/2025 15:16:45,0.041666666666666664
04/11/2025 15:16:45,0.08695652173913043
04/11/2025 15:16:45,0.08695652173913043
04/11/2025 15:16:45,0.13636363636363635
04/11/2025 15:16:46,0.041666666666666664
04/11/2025 15:16:46,0.13636363636363635
04/11/2025 15:16:46,0.08695652173913043
04/11/2025 15:16:46,0.13636363636363635
04/11/2025 15:16:46,0.08695652173913043
04/11/2025 15:16:46,0.19047619047619047
04/11/2025 15:16:47,0.08695652173913043
04/11/2025 15:16:47,0.19047619047619047
04/11/2025 15:16:47,0.041666666666666664
04/11/2025 15:16:47,0.19047619047619047
04/11/2025 15:16:47,0.19047619047619047
04/11/2025 15:16:47,0.19047619047619047
04/11/2025 15:16:48,0.08695652173913043
04/11/2025 15:16:48,0.13636363636363635
04/11/2025 15:16:48,0.13636363636363635
04/11/2025 15:16:48,0.08695652173913043
04/11/2025 15:16:48,0.13636363636363635
04/11/2025 15:16:48,0.19047619047619047
04/11/2025 15:16:49,0.08695652173913043
04/11/2025 15:16:49,0.3157894736842105
04/11/2025 15:16:49,0.08695652173913043
04/11/2025 15:16:49,0.13636363636363635
04/11/2025 15:16:49,0.08695652173913043
04/11/2025 15:16:49,0.08695652173913043
04/11/2025 15:16:49,0.041666666666666664
04/11/2025 15:16:50,0.13636363636363635
04/11/2025 15:16:50,0.13636363636363635
04/11/2025 15:16:50,0.13636363636363635
04/11/2025 15:16:50,0.08695652173913043
04/11/2025 15:16:50,0.19047619047619047
04/11/2025 15:16:50,0.19047619047619047
04/11/2025 15:16:51,0.041666666666666664
04/11/2025 15:16:51,0.19047619047619047
04/11/2025 15:16:51,0.25
04/11/2025 15:16:51,0.19047619047619047
04/11/2025 15:16:51,0.08695652173913043
04/11/2025 15:16:51,0.19047619047619047
04/11/2025 15:16:52,0.08695652173913043
04/11/2025 15:16:52,0.19047619047619047
04/11/2025 15:16:52,0.13636363636363635
04/11/2025 15:16:52,0.13636363636363635
04/11/2025 15:16:52,0.13636363636363635
04/11/2025 15:16:52,0.13636363636363635
04/11/2025 15:16:53,0.08695652173913043
04/11/2025 15:16:53,0.041666666666666664
04/11/2025 15:16:53,0.13636363636363635
04/11/2025 15:16:53,0.08695652173913043
04/11/2025 15:16:54,0.19047619047619047
04/11/2025 15:16:54,0.041666666666666664
04/11/2025 15:16:54,0.041666666666666664
04/11/2025 15:16:54,0.08695652173913043
04/11/2025 15:16:54,0.19047619047619047
04/11/2025 15:16:54,0.08695652173913043
04/11/2025 15:16:55,0.19047619047619047
04/11/2025 15:16:55,0.08695652173913043
04/11/2025 15:16:55,0.13636363636363635
04/11/2025 15:16:55,0.3157894736842105
04/11/2025 15:16:55,0.041666666666666664
04/11/2025 15:16:55,0.041666666666666664
04/11/2025 15:16:56,0.13636363636363635
04/11/2025 15:16:56,0.19047619047619047
04/11/2025 15:16:56,0.19047619047619047
04/11/2025 15:16:56,0.13636363636363635
04/11/2025 15:16:56,0.13636363636363635
04/11/2025 15:16:56,0.13636363636363635
04/11/2025 15:16:56,0.08695652173913043
04/11/2025 15:16:57,0.3157894736842105
04/11/2025 15:16:57,0.13636363636363635
04/11/2025 15:16:57,0.08695652173913043
04/11/2025 15:16:57,0.08695652173913043
04/11/2025 15:16:57,0.13636363636363635
04/11/2025 15:16:57,0.13636363636363635
04/11/2025 15:16:58,0.19047619047619047
04/11/2025 15:16:58,0.13636363636363635
04/11/2025 15:16:58,0.25
04/11/2025 15:16:58,0.19047619047619047
04/11/2025 15:16:58,0.041666666666666664
04/11/2025 15:16:58,0.08695652173913043
04/11/2025 15:16:59,0.041666666666666664
04/11/2025 15:16:59,0.25
04/11/2025 15:16:59,0.08695652173913043
04/11/2025 15:16:59,0.041666666666666664
04/11/2025 15:16:59,0.13636363636363635
04/11/2025 15:16:59,0.08695652173913043
04/11/2025 15:16:59,0.19047619047619047
04/11/2025 15:17:00,0.041666666666666664
04/11/2025 15:17:00,0.08695652173913043
04/11/2025 15:17:00,0.13636363636363635
04/11/2025 15:17:00,0.13636363636363635
04/11/2025 15:17:00,0.13636363636363635
04/11/2025 15:17:00,0.08695652173913043
04/11/2025 15:17:01,0.25
04/11/2025 15:17:01,0.13636363636363635
04/11/2025 15:17:01,0.13636363636363635
04/11/2025 15:17:01,0.08695652173913043
04/11/2025 15:17:01,0.13636363636363635
04/11/2025 15:17:01,0.13636363636363635
04/11/2025 15:17:02,0.13636363636363635
04/11/2025 15:17:02,0.08695652173913043
04/11/2025 15:17:02,0.13636363636363635
04/11/2025 15:17:02,0.08695652173913043
04/11/2025 15:17:02,0.08695652173913043
04/11/2025 15:17:02,0.19047619047619047
04/11/2025 15:17:03,0.08695652173913043
04/11/2025 15:17:03,0.08695652173913043
04/11/2025 15:17:03,0.08695652173913043
04/11/2025 15:17:03,0.25
04/11/2025 15:17:03,0.19047619047619047
04/11/2025 15:17:03,0.08695652173913043
04/11/2025 15:17:03,0.13636363636363635
04/11/2025 15:17:04,0.13636363636363635
04/11/2025 15:17:04,0.08695652173913043
04/11/2025 15:17:04,0.13636363636363635
04/11/2025 15:17:04,0.19047619047619047
04/11/2025 15:17:04,0.13636363636363635
04/11/2025 15:17:04,0.13636363636363635
04/11/2025 15:17:05,0.08695652173913043
04/11/2025 15:17:05,0.08695652173913043
04/11/2025 15:17:05,0.13636363636363635
04/11/2025 15:17:05,0.25
04/11/2025 15:17:05,0.19047619047619047
04/11/2025 15:17:05,0.13636363636363635
04/11/2025 15:17:06,0.08695652173913043
04/11/2025 15:17:06,0.19047619047619047
04/11/2025 15:17:06,0.041666666666666664
04/11/2025 15:17:06,0.13636363636363635
04/11/2025 15:17:06,0.13636363636363635
04/11/2025 15:17:06,0.19047619047619047
04/11/2025 15:17:06,0.13636363636363635
04/11/2025 15:17:07,0.19047619047619047
04/11/2025 15:17:07,0.19047619047619047
04/11/2025 15:17:07,0.13636363636363635
04/11/2025 15:17:07,0.041666666666666664
04/11/2025 15:17:07,0.13636363636363635
04/11/2025 15:17:07,0.19047619047619047
04/11/2025 15:17:08,0.13636363636363635
04/11/2025 15:17:08,0.13636363636363635
04/11/2025 15:17:08,0.13636363636363635
04/11/2025 15:17:08,0.13636363636363635
04/11/2025 15:17:08,0.08695652173913043
04/11/2025 15:17:08,0.25
04/11/2025 15:17:09,0.13636363636363635
04/11/2025 15:17:09,0.13636363636363635
04/11/2025 15:17:09,0.08695652173913043
04/11/2025 15:17:09,0.13636363636363635
04/11/2025 15:17:09,0.3157894736842105
04/11/2025 15:17:09,0.25
04/11/2025 15:17:10,0.3157894736842105
04/11/2025 15:17:10,0.041666666666666664
04/11/2025 15:17:10,0.13636363636363635
04/11/2025 15:17:10,0.13636363636363635
04/11/2025 15:17:10,0.19047619047619047
04/11/2025 15:17:10,0.08695652173913043
04/11/2025 15:17:11,0.13636363636363635
04/11/2025 15:17:11,0.041666666666666664
04/11/2025 15:17:11,0.13636363636363635
04/11/2025 15:17:11,0.19047619047619047
04/11/2025 15:17:11,0.19047619047619047
04/11/2025 15:17:11,0.25
04/11/2025 15:17:12,0.3157894736842105
04/11/2025 15:17:12,0.041666666666666664
04/11/2025 15:17:12,0.19047619047619047
04/11/2025 15:17:12,0.13636363636363635
04/11/2025 15:17:12,0.08695652173913043
04/11/2025 15:17:12,0.19047619047619047
04/11/2025 15:17:12,0.25
04/11/2025 15:17:13,0.19047619047619047
04/11/2025 15:17:13,0.25
04/11/2025 15:17:13,0.19047619047619047
04/11/2025 15:17:13,0.19047619047619047
04/11/2025 15:17:13,0.041666666666666664
04/11/2025 15:17:13,0.13636363636363635
04/11/2025 15:17:14,0.0
04/11/2025 15:17:14,0.0
04/11/2025 15:17:14,0.13636363636363635
04/11/2025 15:17:14,0.25
04/11/2025 15:17:14,0.08695652173913043
04/11/2025 15:17:14,0.08695652173913043
04/11/2025 15:17:15,0.08695652173913043
04/11/2025 15:17:15,0.041666666666666664
04/11/2025 15:17:15,0.08695652173913043
04/11/2025 15:17:15,0.08695652173913043
04/11/2025 15:17:15,0.13636363636363635
04/11/2025 15:17:15,0.08695652173913043
04/11/2025 15:17:15,0.19047619047619047
04/11/2025 15:17:16,0.13636363636363635
04/11/2025 15:17:16,0.25
04/11/2025 15:17:16,0.041666666666666664
04/11/2025 15:17:16,0.13636363636363635
04/11/2025 15:17:16,0.08695652173913043
04/11/2025 15:17:16,0.041666666666666664
04/11/2025 15:17:17,0.08695652173913043
04/11/2025 15:17:17,0.08695652173913043
04/11/2025 15:17:17,0.19047619047619047
04/11/2025 15:17:17,0.08695652173913043
04/11/2025 15:17:17,0.19047619047619047
04/11/2025 15:17:17,0.19047619047619047
04/11/2025 15:17:18,0.19047619047619047
04/11/2025 15:17:18,0.13636363636363635
04/11/2025 15:17:18,0.19047619047619047
04/11/2025 15:17:18,0.13636363636363635
04/11/2025 15:17:18,0.13636363636363635
04/11/2025 15:17:18,0.13636363636363635
04/11/2025 15:17:18,0.19047619047619047
04/11/2025 15:17:19,0.19047619047619047
04/11/2025 15:17:19,0.25
04/11/2025 15:17:19,0.25
04/11/2025 15:17:19,0.08695652173913043
04/11/2025 15:17:19,0.19047619047619047
04/11/2025 15:17:19,0.13636363636363635
04/11/2025 15:17:20,0.08695652173913043
04/11/2025 15:17:20,0.13636363636363635
04/11/2025 15:17:20,0.19047619047619047
04/11/2025 15:17:20,0.08695652173913043
04/11/2025 15:17:20,0.08695652173913043
04/11/2025 15:17:20,0.08695652173913043
04/11/2025 15:17:20,0.19047619047619047
04/11/2025 15:17:21,0.08695652173913043
04/11/2025 15:17:21,0.13636363636363635
04/11/2025 15:17:21,0.08695652173913043
04/11/2025 15:17:21,0.13636363636363635
04/11/2025 15:17:21,0.13636363636363635
04/11/2025 15:17:21,0.25
04/11/2025 15:17:22,0.08695652173913043
04/11/2025 15:17:22,0.13636363636363635
04/11/2025 15:17:22,0.08695652173913043
04/11/2025 15:17:22,0.13636363636363635
04/11/2025 15:17:22,0.08695652173913043
04/11/2025 15:17:22,0.19047619047619047
04/11/2025 15:17:23,0.13636363636363635
04/11/2025 15:17:23,0.19047619047619047
04/11/2025 15:17:23,0.08695652173913043
04/11/2025 15:17:23,0.13636363636363635
04/11/2025 15:17:23,0.08695652173913043
04/11/2025 15:17:23,0.041666666666666664
04/11/2025 15:17:23,0.041666666666666664
04/11/2025 15:17:24,0.13636363636363635
04/11/2025 15:17:24,0.13636363636363635
04/11/2025 15:17:24,0.13636363636363635
04/11/2025 15:17:24,0.041666666666666664
04/11/2025 15:17:24,0.13636363636363635
04/11/2025 15:17:24,0.25
04/11/2025 15:17:25,0.13636363636363635
04/11/2025 15:17:25,0.08695652173913043
04/11/2025 15:17:25,0.13636363636363635
04/11/2025 15:17:25,0.08695652173913043
04/11/2025 15:17:25,0.041666666666666664
04/11/2025 15:17:25,0.19047619047619047
04/11/2025 15:17:26,0.3157894736842105
04/11/2025 15:17:26,0.08695652173913043
04/11/2025 15:17:26,0.08695652173913043
04/11/2025 15:17:26,0.041666666666666664
04/11/2025 15:17:26,0.13636363636363635
04/11/2025 15:17:26,0.3157894736842105
04/11/2025 15:17:27,0.19047619047619047
04/11/2025 15:17:27,0.19047619047619047
04/11/2025 15:17:27,0.13636363636363635
04/11/2025 15:17:27,0.13636363636363635
04/11/2025 15:17:27,0.3157894736842105
04/11/2025 15:17:27,0.3157894736842105
04/11/2025 15:17:27,0.13636363636363635
04/11/2025 15:17:28,0.25
04/11/2025 15:17:28,0.19047619047619047
04/11/2025 15:17:28,0.08695652173913043
04/11/2025 15:17:28,0.3157894736842105
04/11/2025 15:17:28,0.25
04/11/2025 15:17:28,0.13636363636363635
04/11/2025 15:17:29,0.19047619047619047
04/11/2025 15:17:29,0.0
04/11/2025 15:17:29,0.041666666666666664
04/11/2025 15:17:29,0.13636363636363635
04/11/2025 15:17:29,0.19047619047619047
04/11/2025 15:17:29,0.08695652173913043
04/11/2025 15:17:29,0.08695652173913043
04/11/2025 15:17:30,0.19047619047619047
04/11/2025 15:17:30,0.041666666666666664
04/11/2025 15:17:30,0.08695652173913043
04/11/2025 15:17:30,0.13636363636363635
04/11/2025 15:17:30,0.08695652173913043
04/11/2025 15:17:30,0.19047619047619047
04/11/2025 15:17:31,0.041666666666666664
04/11/2025 15:17:31,0.19047619047619047
04/11/2025 15:17:31,0.08695652173913043
04/11/2025 15:17:31,0.13636363636363635
04/11/2025 15:17:31,0.08695652173913043
04/11/2025 15:17:31,0.13636363636363635
04/11/2025 15:17:32,0.19047619047619047
04/11/2025 15:17:32,0.19047619047619047
04/11/2025 15:17:32,0.25
04/11/2025 15:17:32,0.13636363636363635
04/11/2025 15:17:32,0.08695652173913043
04/11/2025 15:17:32,0.13636363636363635
04/11/2025 15:17:33,0.19047619047619047
04/11/2025 15:17:33,0.08695652173913043
04/11/2025 15:17:33,0.08695652173913043
04/11/2025 15:17:33,0.13636363636363635
04/11/2025 15:17:33,0.08695652173913043
04/11/2025 15:17:33,0.13636363636363635
04/11/2025 15:17:33,0.19047619047619047
04/11/2025 15:17:34,0.08695652173913043
04/11/2025 15:17:34,0.19047619047619047
04/11/2025 15:17:34,0.08695652173913043
04/11/2025 15:17:34,0.13636363636363635
04/11/2025 15:17:34,0.13636363636363635
04/11/2025 15:17:34,0.19047619047619047
04/11/2025 15:17:35,0.13636363636363635
04/11/2025 15:17:35,0.13636363636363635
04/11/2025 15:17:35,0.25
04/11/2025 15:17:35,0.19047619047619047
04/11/2025 15:17:35,0.25
04/11/2025 15:17:35,0.13636363636363635
04/11/2025 15:17:36,0.13636363636363635
04/11/2025 15:17:36,0.19047619047619047
04/11/2025 15:17:36,0.08695652173913043
04/11/2025 15:17:36,0.08695652173913043
04/11/2025 15:17:36,0.19047619047619047
04/11/2025 15:17:36,0.13636363636363635
04/11/2025 15:17:36,0.13636363636363635
04/11/2025 15:17:37,0.08695652173913043
04/11/2025 15:17:37,0.19047619047619047
04/11/2025 15:17:37,0.25
04/11/2025 15:17:37,0.08695652173913043
04/11/2025 15:17:37,0.041666666666666664
04/11/2025 15:17:37,0.13636363636363635
04/11/2025 15:17:38,0.13636363636363635
04/11/2025 15:17:38,0.13636363636363635
04/11/2025 15:17:38,0.25
04/11/2025 15:17:38,0.08695652173913043
04/11/2025 15:17:38,0.19047619047619047
04/11/2025 15:17:38,0.041666666666666664
04/11/2025 15:17:39,0.13636363636363635
04/11/2025 15:17:39,0.08695652173913043
04/11/2025 15:17:39,0.08695652173913043
04/11/2025 15:17:39,0.08695652173913043
04/11/2025 15:17:39,0.08695652173913043
04/11/2025 15:17:39,0.19047619047619047
04/11/2025 15:17:39,0.19047619047619047
04/11/2025 15:17:40,0.13636363636363635
04/11/2025 15:17:40,0.08695652173913043
04/11/2025 15:17:40,0.08695652173913043
04/11/2025 15:17:40,0.13636363636363635
04/11/2025 15:17:40,0.13636363636363635
04/11/2025 15:17:40,0.13636363636363635
04/11/2025 15:17:41,0.13636363636363635
04/11/2025 15:17:41,0.13636363636363635
04/11/2025 15:17:41,0.19047619047619047
04/11/2025 15:17:41,0.13636363636363635
04/11/2025 15:17:41,0.13636363636363635
04/11/2025 15:17:41,0.13636363636363635
04/11/2025 15:17:42,0.19047619047619047
04/11/2025 15:17:42,0.13636363636363635
04/11/2025 15:17:42,0.13636363636363635
04/11/2025 15:17:42,0.041666666666666664
04/11/2025 15:17:42,0.19047619047619047
04/11/2025 15:17:42,0.08695652173913043
04/11/2025 15:17:42,0.25
04/11/2025 15:17:43,0.25
04/11/2025 15:17:43,0.25
04/11/2025 15:17:43,0.08695652173913043
04/11/2025 15:17:43,0.13636363636363635
04/11/2025 15:17:43,0.13636363636363635
04/11/2025 15:17:43,0.19047619047619047
04/11/2025 15:17:44,0.19047619047619047
04/11/2025 15:17:44,0.19047619047619047
04/11/2025 15:17:44,0.08695652173913043
04/11/2025 15:17:44,0.08695652173913043
04/11/2025 15:17:44,0.08695652173913043
04/11/2025 15:17:44,0.08695652173913043
04/11/2025 15:17:45,0.08695652173913043
04/11/2025 15:17:45,0.13636363636363635
04/11/2025 15:17:45,0.19047619047619047
04/11/2025 15:17:45,0.13636363636363635
04/11/2025 15:17:45,0.25
04/11/2025 15:17:45,0.08695652173913043
04/11/2025 15:17:45,0.25
04/11/2025 15:17:46,0.08695652173913043
04/11/2025 15:17:46,0.19047619047619047
04/11/2025 15:17:46,0.08695652173913043
04/11/2025 15:17:46,0.13636363636363635
04/11/2025 15:17:46,0.08695652173913043
04/11/2025 15:17:46,0.13636363636363635
04/11/2025 15:17:47,0.13636363636363635
04/11/2025 15:17:47,0.08695652173913043
04/11/2025 15:17:47,0.08695652173913043
04/11/2025 15:17:47,0.13636363636363635
04/11/2025 15:17:47,0.041666666666666664
04/11/2025 15:17:47,0.08695652173913043
04/11/2025 15:17:47,0.19047619047619047
04/11/2025 15:17:48,0.08695652173913043
04/11/2025 15:17:48,0.25
04/11/2025 15:17:48,0.041666666666666664
04/11/2025 15:17:48,0.041666666666666664
04/11/2025 15:17:48,0.08695652173913043
04/11/2025 15:17:48,0.19047619047619047
04/11/2025 15:17:49,0.19047619047619047
04/11/2025 15:17:49,0.19047619047619047
04/11/2025 15:17:49,0.25
04/11/2025 15:17:49,0.25
04/11/2025 15:17:49,0.08695652173913043
04/11/2025 15:17:49,0.041666666666666664
04/11/2025 15:17:50,0.08695652173913043
04/11/2025 15:17:50,0.13636363636363635
04/11/2025 15:17:50,0.13636363636363635
04/11/2025 15:17:50,0.19047619047619047
04/11/2025 15:17:50,0.13636363636363635
04/11/2025 15:17:50,0.13636363636363635
04/11/2025 15:17:51,0.13636363636363635
04/11/2025 15:17:51,0.08695652173913043
04/11/2025 15:17:51,0.041666666666666664
04/11/2025 15:17:51,0.13636363636363635
04/11/2025 15:17:51,0.041666666666666664
04/11/2025 15:17:51,0.19047619047619047
04/11/2025 15:17:51,0.25
04/11/2025 15:17:52,0.08695652173913043
04/11/2025 15:17:52,0.13636363636363635
04/11/2025 15:17:52,0.08695652173913043
04/11/2025 15:17:52,0.041666666666666664
04/11/2025 15:17:53,0.13636363636363635
04/11/2025 15:17:53,0.19047619047619047
04/11/2025 15:17:53,0.08695652173913043
04/11/2025 15:17:53,0.19047619047619047
04/11/2025 15:17:54,0.08695652173913043
04/11/2025 15:17:54,0.08695652173913043
04/11/2025 15:17:54,0.19047619047619047
04/11/2025 15:17:54,0.19047619047619047
04/11/2025 15:17:54,0.13636363636363635
04/11/2025 15:17:54,0.19047619047619047
04/11/2025 15:17:55,0.08695652173913043
04/11/2025 15:17:55,0.13636363636363635
04/11/2025 15:17:55,0.08695652173913043
04/11/2025 15:17:55,0.08695652173913043
04/11/2025 15:17:55,0.19047619047619047
04/11/2025 15:17:56,0.13636363636363635
04/11/2025 15:17:56,0.19047619047619047
04/11/2025 15:17:56,0.25
04/11/2025 15:17:56,0.13636363636363635
04/11/2025 15:17:56,0.08695652173913043
04/11/2025 15:17:56,0.13636363636363635
04/11/2025 15:17:57,0.19047619047619047
04/11/2025 15:17:57,0.08695652173913043
04/11/2025 15:17:57,0.08695652173913043
04/11/2025 15:17:57,0.19047619047619047
04/11/2025 15:17:57,0.041666666666666664
04/11/2025 15:17:58,0.13636363636363635
04/11/2025 15:17:58,0.13636363636363635
04/11/2025 15:17:58,0.19047619047619047
04/11/2025 15:17:58,0.041666666666666664
04/11/2025 15:17:58,0.3888888888888889
04/11/2025 15:17:58,0.08695652173913043
04/11/2025 15:17:59,0.13636363636363635
04/11/2025 15:17:59,0.3157894736842105
04/11/2025 15:17:59,0.08695652173913043
04/11/2025 15:17:59,0.13636363636363635
04/11/2025 15:17:59,0.13636363636363635
04/11/2025 15:17:59,0.19047619047619047
04/11/2025 15:18:00,0.041666666666666664
04/11/2025 15:18:00,0.08695652173913043
04/11/2025 15:18:00,0.19047619047619047
04/11/2025 15:18:00,0.13636363636363635
04/11/2025 15:18:00,0.041666666666666664
04/11/2025 15:18:00,0.041666666666666664
04/11/2025 15:18:01,0.25
04/11/2025 15:18:01,0.13636363636363635
04/11/2025 15:18:01,0.19047619047619047
04/11/2025 15:18:01,0.08695652173913043
04/11/2025 15:18:01,0.25
04/11/2025 15:18:01,0.13636363636363635
04/11/2025 15:18:02,0.25
04/11/2025 15:18:02,0.13636363636363635
04/11/2025 15:18:02,0.19047619047619047
04/11/2025 15:18:02,0.0
04/11/2025 15:18:02,0.19047619047619047
04/11/2025 15:18:02,0.19047619047619047
04/11/2025 15:18:03,0.25
04/11/2025 15:18:03,0.08695652173913043
04/11/2025 15:18:03,0.13636363636363635
04/11/2025 15:18:03,0.13636363636363635
04/11/2025 15:18:03,0.13636363636363635
04/11/2025 15:18:04,0.13636363636363635
04/11/2025 15:18:04,0.13636363636363635
04/11/2025 15:18:04,0.13636363636363635
04/11/2025 15:18:04,0.08695652173913043
04/11/2025 15:18:04,0.13636363636363635
04/11/2025 15:18:05,0.08695652173913043
04/11/2025 15:18:05,0.19047619047619047
04/11/2025 15:18:05,0.041666666666666664
04/11/2025 15:18:05,0.08695652173913043
04/11/2025 15:18:05,0.25
04/11/2025 15:18:05,0.19047619047619047
04/11/2025 15:18:06,0.19047619047619047
04/11/2025 15:18:06,0.08695652173913043
04/11/2025 15:18:06,0.13636363636363635
04/11/2025 15:18:06,0.13636363636363635
04/11/2025 15:18:06,0.3157894736842105
04/11/2025 15:18:06,0.041666666666666664
04/11/2025 15:18:07,0.25
04/11/2025 15:18:07,0.041666666666666664
04/11/2025 15:18:07,0.19047619047619047
04/11/2025 15:18:07,0.13636363636363635
04/11/2025 15:18:07,0.08695652173913043
04/11/2025 15:18:08,0.08695652173913043
04/11/2025 15:18:08,0.041666666666666664
04/11/2025 15:18:08,0.3157894736842105
04/11/2025 15:18:08,0.13636363636363635
04/11/2025 15:18:09,0.19047619047619047
04/11/2025 15:18:09,0.19047619047619047
04/11/2025 15:18:09,0.08695652173913043
04/11/2025 15:18:09,0.13636363636363635
04/11/2025 15:18:09,0.19047619047619047
04/11/2025 15:18:09,0.25
04/11/2025 15:18:09,0.08695652173913043
04/11/2025 15:18:10,0.08695652173913043
04/11/2025 15:18:10,0.08695652173913043
04/11/2025 15:18:10,0.25
04/11/2025 15:18:10,0.19047619047619047
04/11/2025 15:18:10,0.13636363636363635
04/11/2025 15:18:11,0.19047619047619047
04/11/2025 15:18:11,0.19047619047619047
04/11/2025 15:18:11,0.08695652173913043
04/11/2025 15:18:11,0.25
04/11/2025 15:18:11,0.041666666666666664
04/11/2025 15:18:11,0.25
04/11/2025 15:18:12,0.08695652173913043
04/11/2025 15:18:12,0.08695652173913043
04/11/2025 15:18:12,0.13636363636363635
04/11/2025 15:18:12,0.13636363636363635
04/11/2025 15:18:13,0.08695652173913043
04/11/2025 15:18:13,0.041666666666666664
04/11/2025 15:18:14,0.13636363636363635
04/11/2025 15:18:14,0.19047619047619047
04/11/2025 15:18:14,0.08695652173913043
04/11/2025 15:18:14,0.08695652173913043
04/11/2025 15:18:14,0.13636363636363635
04/11/2025 15:18:14,0.041666666666666664
04/11/2025 15:18:15,0.19047619047619047
04/11/2025 15:18:15,0.19047619047619047
04/11/2025 15:18:15,0.08695652173913043
04/11/2025 15:18:15,0.13636363636363635
04/11/2025 15:18:15,0.25
04/11/2025 15:18:15,0.25
04/11/2025 15:18:15,0.13636363636363635
04/11/2025 15:18:16,0.08695652173913043
04/11/2025 15:18:16,0.041666666666666664
04/11/2025 15:18:16,0.041666666666666664
04/11/2025 15:18:16,0.19047619047619047
04/11/2025 15:18:16,0.08695652173913043
04/11/2025 15:18:16,0.08695652173913043
04/11/2025 15:18:17,0.13636363636363635
04/11/2025 15:18:17,0.041666666666666664
04/11/2025 15:18:17,0.25
04/11/2025 15:18:17,0.19047619047619047
04/11/2025 15:18:17,0.13636363636363635
04/11/2025 15:18:17,0.13636363636363635
04/11/2025 15:18:18,0.08695652173913043
04/11/2025 15:18:18,0.08695652173913043
04/11/2025 15:18:18,0.19047619047619047
04/11/2025 15:18:18,0.041666666666666664
04/11/2025 15:18:18,0.08695652173913043
04/11/2025 15:18:18,0.19047619047619047
04/11/2025 15:18:19,0.13636363636363635
04/11/2025 15:18:19,0.3157894736842105
04/11/2025 15:18:19,0.25
04/11/2025 15:18:19,0.13636363636363635
04/11/2025 15:18:19,0.08695652173913043
04/11/2025 15:18:19,0.13636363636363635
04/11/2025 15:18:20,0.13636363636363635
04/11/2025 15:18:20,0.08695652173913043
04/11/2025 15:18:20,0.08695652173913043
04/11/2025 15:18:20,0.25
04/11/2025 15:18:20,0.08695652173913043
04/11/2025 15:18:20,0.19047619047619047
04/11/2025 15:18:20,0.08695652173913043
04/11/2025 15:18:21,0.25
04/11/2025 15:18:21,0.041666666666666664
04/11/2025 15:18:21,0.19047619047619047
04/11/2025 15:18:21,0.19047619047619047
04/11/2025 15:18:21,0.13636363636363635
04/11/2025 15:18:21,0.13636363636363635
04/11/2025 15:18:22,0.3157894736842105
04/11/2025 15:18:22,0.19047619047619047
04/11/2025 15:18:22,0.19047619047619047
04/11/2025 15:18:22,0.25
04/11/2025 15:18:22,0.25
04/11/2025 15:18:22,0.08695652173913043
04/11/2025 15:18:23,0.041666666666666664
04/11/2025 15:18:23,0.13636363636363635
04/11/2025 15:18:23,0.19047619047619047
04/11/2025 15:18:23,0.19047619047619047
04/11/2025 15:18:23,0.08695652173913043
04/11/2025 15:18:23,0.08695652173913043
04/11/2025 15:18:23,0.19047619047619047
04/11/2025 15:18:24,0.13636363636363635
04/11/2025 15:18:24,0.25
04/11/2025 15:18:24,0.25
04/11/2025 15:18:24,0.19047619047619047
04/11/2025 15:18:24,0.13636363636363635
04/11/2025 15:18:24,0.08695652173913043
04/11/2025 15:18:25,0.13636363636363635
04/11/2025 15:18:25,0.25
04/11/2025 15:18:25,0.19047619047619047
04/11/2025 15:18:25,0.13636363636363635
04/11/2025 15:18:25,0.3157894736842105
04/11/2025 15:18:25,0.25
04/11/2025 15:18:26,0.0
04/11/2025 15:18:26,0.041666666666666664
04/11/2025 15:18:26,0.08695652173913043
04/11/2025 15:18:26,0.08695652173913043
04/11/2025 15:18:26,0.19047619047619047
04/11/2025 15:18:26,0.08695652173913043
04/11/2025 15:18:27,0.08695652173913043
04/11/2025 15:18:27,0.08695652173913043
04/11/2025 15:18:27,0.19047619047619047
04/11/2025 15:18:27,0.25
04/11/2025 15:18:27,0.13636363636363635
04/11/2025 15:18:27,0.19047619047619047
04/11/2025 15:18:27,0.08695652173913043
04/11/2025 15:18:28,0.19047619047619047
04/11/2025 15:18:28,0.19047619047619047
04/11/2025 15:18:28,0.08695652173913043
04/11/2025 15:18:28,0.13636363636363635
04/11/2025 15:18:28,0.25
04/11/2025 15:18:28,0.08695652173913043
04/11/2025 15:18:29,0.13636363636363635
04/11/2025 15:18:29,0.19047619047619047
04/11/2025 15:18:29,0.19047619047619047
04/11/2025 15:18:29,0.13636363636363635
04/11/2025 15:18:29,0.13636363636363635
04/11/2025 15:18:29,0.13636363636363635
04/11/2025 15:18:30,0.0
04/11/2025 15:18:30,0.19047619047619047
04/11/2025 15:18:30,0.08695652173913043
04/11/2025 15:18:30,0.25
04/11/2025 15:18:30,0.13636363636363635
04/11/2025 15:18:30,0.19047619047619047
04/11/2025 15:18:31,0.08695652173913043
04/11/2025 15:18:31,0.25
04/11/2025 15:18:31,0.13636363636363635
04/11/2025 15:18:31,0.25
04/11/2025 15:18:31,0.19047619047619047
04/11/2025 15:18:31,0.19047619047619047
04/11/2025 15:18:31,0.13636363636363635
04/11/2025 15:18:32,0.13636363636363635
04/11/2025 15:18:32,0.25
04/11/2025 15:18:32,0.13636363636363635
04/11/2025 15:18:32,0.13636363636363635
04/11/2025 15:18:32,0.13636363636363635
04/11/2025 15:18:32,0.13636363636363635
04/11/2025 15:18:33,0.19047619047619047
04/11/2025 15:18:33,0.25
04/11/2025 15:18:33,0.13636363636363635
04/11/2025 15:18:33,0.08695652173913043
04/11/2025 15:18:33,0.08695652173913043
04/11/2025 15:18:33,0.25
04/11/2025 15:18:34,0.19047619047619047
04/11/2025 15:18:34,0.08695652173913043
04/11/2025 15:18:34,0.13636363636363635
04/11/2025 15:18:34,0.13636363636363635
04/11/2025 15:18:34,0.19047619047619047
04/11/2025 15:18:34,0.08695652173913043
04/11/2025 15:18:35,0.13636363636363635
04/11/2025 15:18:35,0.25
04/11/2025 15:18:35,0.08695652173913043
04/11/2025 15:18:35,0.08695652173913043
04/11/2025 15:18:35,0.13636363636363635
04/11/2025 15:18:35,0.13636363636363635
04/11/2025 15:18:35,0.13636363636363635
04/11/2025 15:18:36,0.25
04/11/2025 15:18:36,0.08695652173913043
04/11/2025 15:18:36,0.19047619047619047
04/11/2025 15:18:36,0.13636363636363635
04/11/2025 15:18:36,0.19047619047619047
04/11/2025 15:18:36,0.13636363636363635
04/11/2025 15:18:37,0.13636363636363635
04/11/2025 15:18:37,0.08695652173913043
04/11/2025 15:18:37,0.13636363636363635
04/11/2025 15:18:37,0.13636363636363635
04/11/2025 15:18:37,0.08695652173913043
04/11/2025 15:18:37,0.08695652173913043
04/11/2025 15:18:38,0.13636363636363635
04/11/2025 15:18:38,0.19047619047619047
04/11/2025 15:18:38,0.13636363636363635
04/11/2025 15:18:38,0.041666666666666664
04/11/2025 15:18:38,0.19047619047619047
04/11/2025 15:18:38,0.13636363636363635
04/11/2025 15:18:39,0.19047619047619047
04/11/2025 15:18:39,0.13636363636363635
04/11/2025 15:18:39,0.3157894736842105
04/11/2025 15:18:39,0.19047619047619047
04/11/2025 15:18:39,0.19047619047619047
04/11/2025 15:18:39,0.13636363636363635
04/11/2025 15:18:39,0.041666666666666664
04/11/2025 15:18:40,0.08695652173913043
04/11/2025 15:18:40,0.19047619047619047
04/11/2025 15:18:40,0.13636363636363635
04/11/2025 15:18:40,0.3157894736842105
04/11/2025 15:18:40,0.13636363636363635
04/11/2025 15:18:40,0.19047619047619047
04/11/2025 15:18:41,0.13636363636363635
04/11/2025 15:18:41,0.25
04/11/2025 15:18:41,0.13636363636363635
04/11/2025 15:18:41,0.19047619047619047
04/11/2025 15:18:41,0.08695652173913043
04/11/2025 15:18:41,0.19047619047619047
04/11/2025 15:18:42,0.19047619047619047
04/11/2025 15:18:42,0.041666666666666664
04/11/2025 15:18:42,0.19047619047619047
04/11/2025 15:18:42,0.19047619047619047
04/11/2025 15:18:42,0.08695652173913043
04/11/2025 15:18:42,0.08695652173913043
04/11/2025 15:18:43,0.08695652173913043
04/11/2025 15:18:43,0.08695652173913043
04/11/2025 15:18:43,0.13636363636363635
04/11/2025 15:18:43,0.19047619047619047
04/11/2025 15:18:43,0.13636363636363635
04/11/2025 15:18:43,0.041666666666666664
04/11/2025 15:18:43,0.19047619047619047
04/11/2025 15:18:44,0.13636363636363635
04/11/2025 15:18:44,0.08695652173913043
04/11/2025 15:18:44,0.08695652173913043
04/11/2025 15:18:44,0.19047619047619047
04/11/2025 15:18:44,0.13636363636363635
04/11/2025 15:18:44,0.13636363636363635
04/11/2025 15:18:45,0.25
04/11/2025 15:18:45,0.13636363636363635
04/11/2025 15:18:45,0.19047619047619047
04/11/2025 15:18:45,0.13636363636363635
04/11/2025 15:18:45,0.13636363636363635
04/11/2025 15:18:45,0.19047619047619047
04/11/2025 15:18:46,0.13636363636363635
04/11/2025 15:18:46,0.08695652173913043
04/11/2025 15:18:46,0.13636363636363635
04/11/2025 15:18:46,0.19047619047619047
04/11/2025 15:18:46,0.13636363636363635
04/11/2025 15:18:46,0.041666666666666664
04/11/2025 15:18:47,0.19047619047619047
04/11/2025 15:18:47,0.08695652173913043
04/11/2025 15:18:47,0.19047619047619047
04/11/2025 15:18:47,0.041666666666666664
04/11/2025 15:18:47,0.13636363636363635
04/11/2025 15:18:47,0.08695652173913043
04/11/2025 15:18:48,0.3157894736842105
04/11/2025 15:18:48,0.13636363636363635
04/11/2025 15:18:48,0.08695652173913043
04/11/2025 15:18:48,0.19047619047619047
04/11/2025 15:18:48,0.13636363636363635
04/11/2025 15:18:48,0.041666666666666664
04/11/2025 15:18:48,0.13636363636363635
04/11/2025 15:18:49,0.19047619047619047
04/11/2025 15:18:49,0.13636363636363635
04/11/2025 15:18:49,0.08695652173913043
04/11/2025 15:18:49,0.041666666666666664
04/11/2025 15:18:49,0.13636363636363635
04/11/2025 15:18:49,0.25
04/11/2025 15:18:50,0.19047619047619047
04/11/2025 15:18:50,0.19047619047619047
04/11/2025 15:18:50,0.13636363636363635
04/11/2025 15:18:50,0.13636363636363635
04/11/2025 15:18:50,0.13636363636363635
04/11/2025 15:18:50,0.041666666666666664
04/11/2025 15:18:51,0.25
04/11/2025 15:18:51,0.041666666666666664
04/11/2025 15:18:51,0.041666666666666664
04/11/2025 15:18:51,0.08695652173913043
04/11/2025 15:18:51,0.25
04/11/2025 15:18:51,0.13636363636363635
04/11/2025 15:18:52,0.25
04/11/2025 15:18:52,0.13636363636363635
04/11/2025 15:18:52,0.19047619047619047
04/11/2025 15:18:52,0.13636363636363635
04/11/2025 15:18:52,0.041666666666666664
04/11/2025 15:18:52,0.19047619047619047
04/11/2025 15:18:53,0.19047619047619047
04/11/2025 15:18:53,0.13636363636363635
04/11/2025 15:18:53,0.08695652173913043
04/11/2025 15:18:53,0.08695652173913043
04/11/2025 15:18:53,0.3157894736842105
04/11/2025 15:18:53,0.13636363636363635
04/11/2025 15:18:54,0.19047619047619047
04/11/2025 15:18:54,0.13636363636363635
04/11/2025 15:18:54,0.13636363636363635
04/11/2025 15:18:54,0.13636363636363635
04/11/2025 15:18:54,0.041666666666666664
04/11/2025 15:18:54,0.3157894736842105
04/11/2025 15:18:54,0.041666666666666664
04/11/2025 15:18:55,0.13636363636363635
04/11/2025 15:18:55,0.13636363636363635
04/11/2025 15:18:55,0.19047619047619047
04/11/2025 15:18:55,0.13636363636363635
04/11/2025 15:18:55,0.13636363636363635
04/11/2025 15:18:55,0.08695652173913043
04/11/2025 15:18:56,0.08695652173913043
04/11/2025 15:18:56,0.13636363636363635
04/11/2025 15:18:56,0.19047619047619047
04/11/2025 15:18:56,0.25
04/11/2025 15:18:56,0.08695652173913043
04/11/2025 15:18:56,0.13636363636363635
04/11/2025 15:18:57,0.13636363636363635
04/11/2025 15:18:57,0.19047619047619047
04/11/2025 15:18:57,0.19047619047619047
04/11/2025 15:18:57,0.13636363636363635
04/11/2025 15:18:57,0.19047619047619047
04/11/2025 15:18:57,0.25
04/11/2025 15:18:58,0.19047619047619047
04/11/2025 15:18:58,0.19047619047619047
04/11/2025 15:18:58,0.19047619047619047
04/11/2025 15:18:58,0.19047619047619047
04/11/2025 15:18:58,0.13636363636363635
04/11/2025 15:18:58,0.13636363636363635
04/11/2025 15:18:58,0.08695652173913043
04/11/2025 15:18:59,0.19047619047619047
04/11/2025 15:18:59,0.13636363636363635
04/11/2025 15:18:59,0.13636363636363635
04/11/2025 15:18:59,0.041666666666666664
04/11/2025 15:18:59,0.19047619047619047
04/11/2025 15:18:59,0.3157894736842105
04/11/2025 15:19:00,0.25
04/11/2025 15:19:00,0.13636363636363635
04/11/2025 15:19:00,0.0
04/11/2025 15:19:00,0.08695652173913043
04/11/2025 15:19:00,0.25
04/11/2025 15:19:00,0.19047619047619047
04/11/2025 15:19:01,0.19047619047619047
04/11/2025 15:19:01,0.19047619047619047
04/11/2025 15:19:01,0.13636363636363635
04/11/2025 15:19:01,0.13636363636363635
04/11/2025 15:19:01,0.13636363636363635
04/11/2025 15:19:01,0.19047619047619047
04/11/2025 15:19:02,0.13636363636363635
04/11/2025 15:19:02,0.08695652173913043
04/11/2025 15:19:02,0.041666666666666664
04/11/2025 15:19:02,0.13636363636363635
04/11/2025 15:19:02,0.08695652173913043
04/11/2025 15:19:02,0.25
04/11/2025 15:19:03,0.3157894736842105
04/11/2025 15:19:03,0.25
04/11/2025 15:19:03,0.19047619047619047
04/11/2025 15:19:03,0.13636363636363635
04/11/2025 15:19:03,0.08695652173913043
04/11/2025 15:19:03,0.25
04/11/2025 15:19:03,0.041666666666666664
04/11/2025 15:19:04,0.041666666666666664
04/11/2025 15:19:04,0.08695652173913043
04/11/2025 15:19:04,0.19047619047619047
04/11/2025 15:19:04,0.13636363636363635
04/11/2025 15:19:04,0.13636363636363635
04/11/2025 15:19:04,0.3157894736842105
04/11/2025 15:19:05,0.13636363636363635
04/11/2025 15:19:05,0.13636363636363635
04/11/2025 15:19:05,0.19047619047619047
04/11/2025 15:19:05,0.08695652173913043
04/11/2025 15:19:05,0.08695652173913043
04/11/2025 15:19:05,0.13636363636363635
04/11/2025 15:19:06,0.041666666666666664
04/11/2025 15:19:06,0.3157894736842105
04/11/2025 15:19:06,0.13636363636363635
04/11/2025 15:19:06,0.19047619047619047
04/11/2025 15:19:06,0.13636363636363635
04/11/2025 15:19:06,0.3157894736842105
04/11/2025 15:19:07,0.041666666666666664
04/11/2025 15:19:07,0.08695652173913043
04/11/2025 15:19:07,0.08695652173913043
04/11/2025 15:19:07,0.08695652173913043
04/11/2025 15:19:07,0.13636363636363635
04/11/2025 15:19:07,0.13636363636363635
04/11/2025 15:19:07,0.08695652173913043
04/11/2025 15:19:08,0.08695652173913043
04/11/2025 15:19:08,0.13636363636363635
04/11/2025 15:19:08,0.08695652173913043
04/11/2025 15:19:08,0.13636363636363635
04/11/2025 15:19:08,0.19047619047619047
04/11/2025 15:19:08,0.25
04/11/2025 15:19:09,0.13636363636363635
04/11/2025 15:19:09,0.25
04/11/2025 15:19:09,0.13636363636363635
04/11/2025 15:19:09,0.19047619047619047
04/11/2025 15:19:09,0.13636363636363635
04/11/2025 15:19:09,0.19047619047619047
04/11/2025 15:19:10,0.19047619047619047
04/11/2025 15:19:10,0.19047619047619047
04/11/2025 15:19:10,0.041666666666666664
04/11/2025 15:19:10,0.13636363636363635
04/11/2025 15:19:10,0.25
04/11/2025 15:19:10,0.19047619047619047
04/11/2025 15:19:11,0.19047619047619047
04/11/2025 15:19:11,0.19047619047619047
04/11/2025 15:19:11,0.13636363636363635
04/11/2025 15:19:11,0.08695652173913043
04/11/2025 15:19:11,0.08695652173913043
04/11/2025 15:19:11,0.25
04/11/2025 15:19:12,0.19047619047619047
04/11/2025 15:19:12,0.19047619047619047
04/11/2025 15:19:12,0.19047619047619047
04/11/2025 15:19:12,0.08695652173913043
04/11/2025 15:19:12,0.19047619047619047
04/11/2025 15:19:12,0.041666666666666664
04/11/2025 15:19:12,0.041666666666666664
04/11/2025 15:19:13,0.13636363636363635
04/11/2025 15:19:13,0.13636363636363635
04/11/2025 15:19:13,0.3157894736842105
04/11/2025 15:19:13,0.19047619047619047
04/11/2025 15:19:13,0.19047619047619047
04/11/2025 15:19:13,0.08695652173913043
04/11/2025 15:19:14,0.19047619047619047
04/11/2025 15:19:14,0.19047619047619047
04/11/2025 15:19:14,0.13636363636363635
04/11/2025 15:19:14,0.13636363636363635
04/11/2025 15:19:14,0.13636363636363635
04/11/2025 15:19:14,0.19047619047619047
04/11/2025 15:19:15,0.13636363636363635
04/11/2025 15:19:15,0.08695652173913043
04/11/2025 15:19:15,0.041666666666666664
04/11/2025 15:19:15,0.25
04/11/2025 15:19:15,0.08695652173913043
04/11/2025 15:19:15,0.041666666666666664
04/11/2025 15:19:16,0.19047619047619047
04/11/2025 15:19:16,0.3157894736842105
04/11/2025 15:19:16,0.19047619047619047
04/11/2025 15:19:16,0.08695652173913043
04/11/2025 15:19:16,0.13636363636363635
04/11/2025 15:19:16,0.13636363636363635
04/11/2025 15:19:17,0.19047619047619047
04/11/2025 15:19:17,0.08695652173913043
04/11/2025 15:19:17,0.13636363636363635
04/11/2025 15:19:17,0.041666666666666664
04/11/2025 15:19:17,0.13636363636363635
04/11/2025 15:19:17,0.08695652173913043
04/11/2025 15:19:17,0.19047619047619047
04/11/2025 15:19:18,0.25
04/11/2025 15:19:18,0.08695652173913043
04/11/2025 15:19:18,0.13636363636363635
04/11/2025 15:19:18,0.13636363636363635
04/11/2025 15:19:18,0.25
04/11/2025 15:19:18,0.08695652173913043
04/11/2025 15:19:19,0.19047619047619047
04/11/2025 15:19:19,0.041666666666666664
04/11/2025 15:19:19,0.25
04/11/2025 15:19:19,0.13636363636363635
04/11/2025 15:19:19,0.041666666666666664
04/11/2025 15:19:19,0.08695652173913043
04/11/2025 15:19:20,0.041666666666666664
04/11/2025 15:19:20,0.08695652173913043
04/11/2025 15:19:20,0.3157894736842105
04/11/2025 15:19:20,0.19047619047619047
04/11/2025 15:19:20,0.19047619047619047
04/11/2025 15:19:20,0.08695652173913043
04/11/2025 15:19:21,0.13636363636363635
04/11/2025 15:19:21,0.08695652173913043
04/11/2025 15:19:21,0.13636363636363635
04/11/2025 15:19:21,0.08695652173913043
04/11/2025 15:19:21,0.19047619047619047
04/11/2025 15:19:21,0.13636363636363635
04/11/2025 15:19:22,0.13636363636363635
04/11/2025 15:19:22,0.25
04/11/2025 15:19:22,0.25
04/11/2025 15:19:22,0.08695652173913043
04/11/2025 15:19:22,0.0
04/11/2025 15:19:22,0.13636363636363635
04/11/2025 15:19:23,0.19047619047619047
04/11/2025 15:19:23,0.3157894736842105
04/11/2025 15:19:23,0.08695652173913043
04/11/2025 15:19:23,0.08695652173913043
04/11/2025 15:19:23,0.08695652173913043
04/11/2025 15:19:23,0.19047619047619047
04/11/2025 15:19:23,0.13636363636363635
04/11/2025 15:19:24,0.19047619047619047
04/11/2025 15:19:24,0.041666666666666664
04/11/2025 15:19:24,0.08695652173913043
04/11/2025 15:19:24,0.041666666666666664
04/11/2025 15:19:24,0.13636363636363635
04/11/2025 15:19:24,0.19047619047619047
04/11/2025 15:19:25,0.13636363636363635
04/11/2025 15:19:25,0.13636363636363635
04/11/2025 15:19:25,0.08695652173913043
04/11/2025 15:19:25,0.19047619047619047
04/11/2025 15:19:25,0.08695652173913043
04/11/2025 15:19:25,0.13636363636363635
04/11/2025 15:19:26,0.3157894736842105
04/11/2025 15:19:26,0.19047619047619047
04/11/2025 15:19:26,0.19047619047619047
04/11/2025 15:19:26,0.13636363636363635
04/11/2025 15:19:26,0.08695652173913043
04/11/2025 15:19:26,0.13636363636363635
04/11/2025 15:19:27,0.19047619047619047
04/11/2025 15:19:27,0.08695652173913043
04/11/2025 15:19:27,0.13636363636363635
04/11/2025 15:19:27,0.041666666666666664
04/11/2025 15:19:27,0.08695652173913043
04/11/2025 15:19:27,0.3157894736842105
04/11/2025 15:19:28,0.19047619047619047
04/11/2025 15:19:28,0.13636363636363635
04/11/2025 15:19:28,0.19047619047619047
04/11/2025 15:19:28,0.13636363636363635
04/11/2025 15:19:28,0.08695652173913043
04/11/2025 15:19:28,0.19047619047619047
04/11/2025 15:19:29,0.25
04/11/2025 15:19:29,0.13636363636363635
04/11/2025 15:19:29,0.13636363636363635
04/11/2025 15:19:29,0.25
04/11/2025 15:19:29,0.19047619047619047
04/11/2025 15:19:29,0.25
04/11/2025 15:19:29,0.041666666666666664
04/11/2025 15:19:30,0.13636363636363635
04/11/2025 15:19:30,0.13636363636363635
04/11/2025 15:19:30,0.08695652173913043
04/11/2025 15:19:30,0.08695652173913043
04/11/2025 15:19:30,0.13636363636363635
04/11/2025 15:19:30,0.08695652173913043
04/11/2025 15:19:31,0.08695652173913043
04/11/2025 15:19:31,0.25
04/11/2025 15:19:31,0.13636363636363635
04/11/2025 15:19:31,0.08695652173913043
04/11/2025 15:19:31,0.25
04/11/2025 15:19:31,0.08695652173913043
04/11/2025 15:19:32,0.13636363636363635
04/11/2025 15:19:32,0.08695652173913043
04/11/2025 15:19:32,0.3157894736842105
04/11/2025 15:19:32,0.25
04/11/2025 15:19:32,0.19047619047619047
04/11/2025 15:19:32,0.13636363636363635
04/11/2025 15:19:33,0.13636363636363635
04/11/2025 15:19:33,0.08695652173913043
04/11/2025 15:19:33,0.19047619047619047
04/11/2025 15:19:33,0.25
04/11/2025 15:19:33,0.13636363636363635
04/11/2025 15:19:33,0.19047619047619047
04/11/2025 15:19:34,0.08695652173913043
04/11/2025 15:19:34,0.041666666666666664
04/11/2025 15:19:34,0.08695652173913043
04/11/2025 15:19:34,0.13636363636363635
04/11/2025 15:19:34,0.13636363636363635
04/11/2025 15:19:34,0.13636363636363635
04/11/2025 15:19:35,0.041666666666666664
04/11/2025 15:19:35,0.13636363636363635
04/11/2025 15:19:35,0.13636363636363635
04/11/2025 15:19:35,0.19047619047619047
04/11/2025 15:19:35,0.08695652173913043
04/11/2025 15:19:35,0.13636363636363635
04/11/2025 15:19:35,0.041666666666666664
04/11/2025 15:19:36,0.13636363636363635
04/11/2025 15:19:36,0.08695652173913043
04/11/2025 15:19:36,0.3157894736842105
04/11/2025 15:19:36,0.13636363636363635
04/11/2025 15:19:36,0.13636363636363635
04/11/2025 15:19:36,0.13636363636363635
04/11/2025 15:19:37,0.0
04/11/2025 15:19:37,0.19047619047619047
04/11/2025 15:19:37,0.13636363636363635
04/11/2025 15:19:37,0.08695652173913043
04/11/2025 15:19:37,0.08695652173913043
04/11/2025 15:19:37,0.13636363636363635
04/11/2025 15:19:38,0.13636363636363635
04/11/2025 15:19:38,0.25
04/11/2025 15:19:38,0.13636363636363635
04/11/2025 15:19:38,0.13636363636363635
04/11/2025 15:19:38,0.25
04/11/2025 15:19:38,0.25
04/11/2025 15:19:39,0.08695652173913043
04/11/2025 15:19:39,0.13636363636363635
04/11/2025 15:19:39,0.19047619047619047
04/11/2025 15:19:39,0.08695652173913043
04/11/2025 15:19:39,0.19047619047619047
04/11/2025 15:19:39,0.25
04/11/2025 15:19:39,0.13636363636363635
04/11/2025 15:19:40,0.13636363636363635
04/11/2025 15:19:40,0.13636363636363635
04/11/2025 15:19:40,0.08695652173913043
04/11/2025 15:19:40,0.13636363636363635
04/11/2025 15:19:40,0.08695652173913043
04/11/2025 15:19:40,0.08695652173913043
04/11/2025 15:19:41,0.13636363636363635
04/11/2025 15:19:41,0.041666666666666664
04/11/2025 15:19:41,0.19047619047619047
04/11/2025 15:19:41,0.13636363636363635
04/11/2025 15:19:41,0.19047619047619047
04/11/2025 15:19:41,0.13636363636363635
04/11/2025 15:19:42,0.08695652173913043
04/11/2025 15:19:42,0.19047619047619047
04/11/2025 15:19:42,0.13636363636363635
04/11/2025 15:19:42,0.19047619047619047
04/11/2025 15:19:42,0.08695652173913043
04/11/2025 15:19:42,0.041666666666666664
04/11/2025 15:19:43,0.08695652173913043
04/11/2025 15:19:43,0.08695652173913043
04/11/2025 15:19:43,0.08695652173913043
04/11/2025 15:19:43,0.19047619047619047
04/11/2025 15:19:43,0.19047619047619047
04/11/2025 15:19:43,0.19047619047619047
04/11/2025 15:19:44,0.13636363636363635
04/11/2025 15:19:44,0.08695652173913043
04/11/2025 15:19:44,0.19047619047619047
04/11/2025 15:19:44,0.0
04/11/2025 15:19:44,0.13636363636363635
04/11/2025 15:19:44,0.08695652173913043
04/11/2025 15:19:44,0.13636363636363635
04/11/2025 15:19:45,0.0
04/11/2025 15:19:45,0.08695652173913043
04/11/2025 15:19:45,0.0
04/11/2025 15:19:45,0.13636363636363635
04/11/2025 15:19:45,0.08695652173913043
04/11/2025 15:19:45,0.08695652173913043
04/11/2025 15:19:46,0.13636363636363635
04/11/2025 15:19:46,0.25
04/11/2025 15:19:46,0.08695652173913043
04/11/2025 15:19:46,0.19047619047619047
04/11/2025 15:19:46,0.13636363636363635
04/11/2025 15:19:46,0.08695652173913043
04/11/2025 15:19:47,0.08695652173913043
04/11/2025 15:19:47,0.08695652173913043
04/11/2025 15:19:47,0.13636363636363635
04/11/2025 15:19:47,0.041666666666666664
04/11/2025 15:19:47,0.19047619047619047
04/11/2025 15:19:47,0.19047619047619047
04/11/2025 15:19:48,0.13636363636363635
04/11/2025 15:19:48,0.08695652173913043
04/11/2025 15:19:48,0.13636363636363635
04/11/2025 15:19:48,0.08695652173913043
04/11/2025 15:19:48,0.19047619047619047
04/11/2025 15:19:48,0.0
04/11/2025 15:19:49,0.08695652173913043
04/11/2025 15:19:49,0.041666666666666664
04/11/2025 15:19:49,0.19047619047619047
04/11/2025 15:19:49,0.13636363636363635
04/11/2025 15:19:49,0.08695652173913043
04/11/2025 15:19:49,0.19047619047619047
04/11/2025 15:19:49,0.3157894736842105
04/11/2025 15:19:50,0.08695652173913043
04/11/2025 15:19:50,0.25
04/11/2025 15:19:50,0.08695652173913043
04/11/2025 15:19:50,0.25
04/11/2025 15:19:50,0.13636363636363635
04/11/2025 15:19:50,0.13636363636363635
04/11/2025 15:19:51,0.19047619047619047
04/11/2025 15:19:51,0.08695652173913043
04/11/2025 15:19:51,0.13636363636363635
04/11/2025 15:19:51,0.08695652173913043
04/11/2025 15:19:51,0.19047619047619047
04/11/2025 15:19:51,0.08695652173913043
04/11/2025 15:19:52,0.13636363636363635
04/11/2025 15:19:52,0.25
04/11/2025 15:19:52,0.13636363636363635
04/11/2025 15:19:52,0.13636363636363635
04/11/2025 15:19:52,0.13636363636363635
04/11/2025 15:19:52,0.08695652173913043
04/11/2025 15:19:53,0.13636363636363635
04/11/2025 15:19:53,0.041666666666666664
04/11/2025 15:19:53,0.041666666666666664
04/11/2025 15:19:53,0.13636363636363635
04/11/2025 15:19:53,0.25
04/11/2025 15:19:53,0.13636363636363635
04/11/2025 15:19:54,0.08695652173913043
04/11/2025 15:19:54,0.041666666666666664
04/11/2025 15:19:54,0.08695652173913043
04/11/2025 15:19:54,0.08695652173913043
04/11/2025 15:19:54,0.08695652173913043
04/11/2025 15:19:54,0.13636363636363635
04/11/2025 15:19:54,0.13636363636363635
04/11/2025 15:19:55,0.041666666666666664
04/11/2025 15:19:55,0.19047619047619047
04/11/2025 15:19:55,0.041666666666666664
04/11/2025 15:19:55,0.19047619047619047
04/11/2025 15:19:55,0.19047619047619047
04/11/2025 15:19:55,0.25
04/11/2025 15:19:56,0.19047619047619047
04/11/2025 15:19:56,0.13636363636363635
04/11/2025 15:19:56,0.08695652173913043
04/11/2025 15:19:56,0.13636363636363635
04/11/2025 15:19:56,0.25
04/11/2025 15:19:56,0.25
04/11/2025 15:19:57,0.13636363636363635
04/11/2025 15:19:57,0.13636363636363635
04/11/2025 15:19:57,0.08695652173913043
04/11/2025 15:19:57,0.041666666666666664
04/11/2025 15:19:57,0.0
04/11/2025 15:19:57,0.25
04/11/2025 15:19:58,0.25
04/11/2025 15:19:58,0.13636363636363635
04/11/2025 15:19:58,0.08695652173913043
04/11/2025 15:19:58,0.19047619047619047
04/11/2025 15:19:58,0.19047619047619047
04/11/2025 15:19:58,0.13636363636363635
04/11/2025 15:19:59,0.08695652173913043
04/11/2025 15:19:59,0.08695652173913043
04/11/2025 15:19:59,0.19047619047619047
04/11/2025 15:19:59,0.19047619047619047
04/11/2025 15:19:59,0.13636363636363635
04/11/2025 15:19:59,0.13636363636363635
04/11/2025 15:20:00,0.19047619047619047
04/11/2025 15:20:00,0.13636363636363635
04/11/2025 15:20:00,0.19047619047619047
04/11/2025 15:20:00,0.08695652173913043
04/11/2025 15:20:00,0.25
04/11/2025 15:20:00,0.08695652173913043
04/11/2025 15:20:01,0.13636363636363635
04/11/2025 15:20:01,0.13636363636363635
04/11/2025 15:20:01,0.13636363636363635
04/11/2025 15:20:01,0.08695652173913043
04/11/2025 15:20:01,0.19047619047619047
04/11/2025 15:20:01,0.13636363636363635
04/11/2025 15:20:02,0.13636363636363635
04/11/2025 15:20:02,0.13636363636363635
04/11/2025 15:20:02,0.19047619047619047
04/11/2025 15:20:02,0.08695652173913043
04/11/2025 15:20:02,0.08695652173913043
04/11/2025 15:20:02,0.19047619047619047
04/11/2025 15:20:02,0.13636363636363635
04/11/2025 15:20:03,0.13636363636363635
04/11/2025 15:20:03,0.19047619047619047
04/11/2025 15:20:03,0.3157894736842105
04/11/2025 15:20:03,0.08695652173913043
04/11/2025 15:20:03,0.08695652173913043
04/11/2025 15:20:03,0.19047619047619047
04/11/2025 15:20:04,0.13636363636363635
04/11/2025 15:20:04,0.13636363636363635
04/11/2025 15:20:04,0.041666666666666664
04/11/2025 15:20:04,0.19047619047619047
04/11/2025 15:20:04,0.19047619047619047
04/11/2025 15:20:04,0.13636363636363635
04/11/2025 15:20:05,0.08695652173913043
04/11/2025 15:20:05,0.08695652173913043
04/11/2025 15:20:05,0.08695652173913043
04/11/2025 15:20:05,0.13636363636363635
04/11/2025 15:20:05,0.041666666666666664
04/11/2025 15:20:05,0.13636363636363635
04/11/2025 15:20:06,0.08695652173913043
04/11/2025 15:20:06,0.041666666666666664
04/11/2025 15:20:06,0.13636363636363635
04/11/2025 15:20:06,0.19047619047619047
04/11/2025 15:20:06,0.041666666666666664
04/11/2025 15:20:06,0.0
04/11/2025 15:20:07,0.13636363636363635
04/11/2025 15:20:07,0.13636363636363635
04/11/2025 15:20:07,0.19047619047619047
04/11/2025 15:20:07,0.13636363636363635
04/11/2025 15:20:07,0.08695652173913043
04/11/2025 15:20:07,0.08695652173913043
04/11/2025 15:20:08,0.13636363636363635
04/11/2025 15:20:08,0.19047619047619047
04/11/2025 15:20:08,0.08695652173913043
04/11/2025 15:20:08,0.25
04/11/2025 15:20:08,0.0
04/11/2025 15:20:08,0.13636363636363635
04/11/2025 15:20:09,0.3157894736842105
04/11/2025 15:20:09,0.041666666666666664
04/11/2025 15:20:09,0.08695652173913043
04/11/2025 15:20:09,0.041666666666666664
04/11/2025 15:20:09,0.19047619047619047
04/11/2025 15:20:09,0.08695652173913043
04/11/2025 15:20:09,0.3157894736842105
04/11/2025 15:20:10,0.13636363636363635
04/11/2025 15:20:10,0.3157894736842105
04/11/2025 15:20:10,0.13636363636363635
04/11/2025 15:20:10,0.08695652173913043
04/11/2025 15:20:10,0.19047619047619047
04/11/2025 15:20:10,0.25
04/11/2025 15:20:11,0.19047619047619047
04/11/2025 15:20:11,0.13636363636363635
04/11/2025 15:20:11,0.19047619047619047
04/11/2025 15:20:11,0.19047619047619047
04/11/2025 15:20:11,0.13636363636363635
04/11/2025 15:20:11,0.08695652173913043
04/11/2025 15:20:12,0.13636363636363635
04/11/2025 15:20:12,0.08695652173913043
04/11/2025 15:20:12,0.041666666666666664
04/11/2025 15:20:12,0.19047619047619047
04/11/2025 15:20:12,0.08695652173913043
04/11/2025 15:20:12,0.3157894736842105
04/11/2025 15:20:13,0.13636363636363635
04/11/2025 15:20:13,0.19047619047619047
04/11/2025 15:20:13,0.19047619047619047
04/11/2025 15:20:13,0.13636363636363635
04/11/2025 15:20:13,0.19047619047619047
04/11/2025 15:20:13,0.08695652173913043
04/11/2025 15:20:14,0.13636363636363635
04/11/2025 15:20:14,0.13636363636363635
04/11/2025 15:20:14,0.19047619047619047
04/11/2025 15:20:14,0.3157894736842105
04/11/2025 15:20:14,0.08695652173913043
04/11/2025 15:20:14,0.13636363636363635
04/11/2025 15:20:15,0.13636363636363635
04/11/2025 15:20:15,0.13636363636363635
04/11/2025 15:20:15,0.19047619047619047
04/11/2025 15:20:15,0.0
04/11/2025 15:20:15,0.19047619047619047
04/11/2025 15:20:15,0.08695652173913043
04/11/2025 15:20:16,0.08695652173913043
04/11/2025 15:20:16,0.041666666666666664
04/11/2025 15:20:16,0.19047619047619047
04/11/2025 15:20:16,0.08695652173913043
04/11/2025 15:20:16,0.08695652173913043
04/11/2025 15:20:16,0.08695652173913043
04/11/2025 15:20:16,0.25
04/11/2025 15:20:17,0.13636363636363635
04/11/2025 15:20:17,0.19047619047619047
04/11/2025 15:20:17,0.08695652173913043
04/11/2025 15:20:17,0.08695652173913043
04/11/2025 15:20:17,0.3888888888888889
04/11/2025 15:20:17,0.25
04/11/2025 15:20:18,0.0
04/11/2025 15:20:18,0.19047619047619047
04/11/2025 15:20:18,0.08695652173913043
04/11/2025 15:20:18,0.08695652173913043
04/11/2025 15:20:18,0.041666666666666664
04/11/2025 15:20:18,0.25
04/11/2025 15:20:19,0.13636363636363635
04/11/2025 15:20:19,0.08695652173913043
04/11/2025 15:20:19,0.13636363636363635
04/11/2025 15:20:19,0.19047619047619047
04/11/2025 15:20:19,0.08695652173913043
04/11/2025 15:20:19,0.13636363636363635
04/11/2025 15:20:20,0.25
04/11/2025 15:20:20,0.08695652173913043
04/11/2025 15:20:20,0.19047619047619047
04/11/2025 15:20:20,0.25
04/11/2025 15:20:20,0.08695652173913043
04/11/2025 15:20:21,0.19047619047619047
04/11/2025 15:20:21,0.041666666666666664
04/11/2025 15:20:21,0.13636363636363635
04/11/2025 15:20:21,0.08695652173913043
04/11/2025 15:20:21,0.19047619047619047
04/11/2025 15:20:21,0.19047619047619047
04/11/2025 15:20:22,0.08695652173913043
04/11/2025 15:20:22,0.13636363636363635
04/11/2025 15:20:22,0.25
04/11/2025 15:20:22,0.08695652173913043
04/11/2025 15:20:22,0.041666666666666664
04/11/2025 15:20:23,0.08695652173913043
04/11/2025 15:20:23,0.13636363636363635
04/11/2025 15:20:23,0.08695652173913043
04/11/2025 15:20:23,0.041666666666666664
04/11/2025 15:20:24,0.19047619047619047
04/11/2025 15:20:24,0.08695652173913043
04/11/2025 15:20:24,0.19047619047619047
04/11/2025 15:20:24,0.19047619047619047
04/11/2025 15:20:24,0.08695652173913043
04/11/2025 15:20:25,0.041666666666666664
04/11/2025 15:20:25,0.19047619047619047
04/11/2025 15:20:25,0.25
04/11/2025 15:20:25,0.19047619047619047
04/11/2025 15:20:25,0.08695652173913043
04/11/2025 15:20:26,0.08695652173913043
04/11/2025 15:20:26,0.19047619047619047
04/11/2025 15:20:26,0.13636363636363635
04/11/2025 15:20:26,0.13636363636363635
04/11/2025 15:20:26,0.19047619047619047
04/11/2025 15:20:26,0.19047619047619047
04/11/2025 15:20:27,0.13636363636363635
04/11/2025 15:20:27,0.19047619047619047
04/11/2025 15:20:27,0.19047619047619047
04/11/2025 15:20:27,0.08695652173913043
04/11/2025 15:20:27,0.041666666666666664
04/11/2025 15:20:27,0.13636363636363635
04/11/2025 15:20:28,0.13636363636363635
04/11/2025 15:20:28,0.19047619047619047
04/11/2025 15:20:28,0.3157894736842105
04/11/2025 15:20:28,0.041666666666666664
04/11/2025 15:20:28,0.13636363636363635
04/11/2025 15:20:28,0.08695652173913043
04/11/2025 15:20:29,0.13636363636363635
04/11/2025 15:20:29,0.13636363636363635
04/11/2025 15:20:29,0.19047619047619047
04/11/2025 15:20:29,0.13636363636363635
04/11/2025 15:20:29,0.08695652173913043
04/11/2025 15:20:29,0.25
04/11/2025 15:20:30,0.25
04/11/2025 15:20:30,0.08695652173913043
04/11/2025 15:20:30,0.25
04/11/2025 15:20:30,0.08695652173913043
04/11/2025 15:20:30,0.08695652173913043
04/11/2025 15:20:30,0.08695652173913043
04/11/2025 15:20:31,0.25
04/11/2025 15:20:31,0.25
04/11/2025 15:20:31,0.13636363636363635
04/11/2025 15:20:31,0.08695652173913043
04/11/2025 15:20:31,0.13636363636363635
04/11/2025 15:20:31,0.041666666666666664
04/11/2025 15:20:32,0.13636363636363635
04/11/2025 15:20:32,0.19047619047619047
04/11/2025 15:20:32,0.08695652173913043
04/11/2025 15:20:32,0.13636363636363635
04/11/2025 15:20:32,0.041666666666666664
04/11/2025 15:20:32,0.13636363636363635
04/11/2025 15:20:33,0.08695652173913043
04/11/2025 15:20:33,0.08695652173913043
04/11/2025 15:20:33,0.13636363636363635
04/11/2025 15:20:33,0.19047619047619047
04/11/2025 15:20:33,0.08695652173913043
04/11/2025 15:20:33,0.08695652173913043
04/11/2025 15:20:34,0.041666666666666664
04/11/2025 15:20:34,0.25
04/11/2025 15:20:34,0.25
04/11/2025 15:20:34,0.3888888888888889
04/11/2025 15:20:34,0.13636363636363635
04/11/2025 15:20:34,0.13636363636363635
04/11/2025 15:20:34,0.08695652173913043
04/11/2025 15:20:35,0.041666666666666664
04/11/2025 15:20:35,0.19047619047619047
04/11/2025 15:20:35,0.08695652173913043
04/11/2025 15:20:35,0.08695652173913043
04/11/2025 15:20:35,0.13636363636363635
04/11/2025 15:20:36,0.13636363636363635
04/11/2025 15:20:36,0.13636363636363635
04/11/2025 15:20:36,0.19047619047619047
04/11/2025 15:20:36,0.19047619047619047
04/11/2025 15:20:36,0.08695652173913043
04/11/2025 15:20:36,0.13636363636363635
04/11/2025 15:20:36,0.19047619047619047
04/11/2025 15:20:37,0.13636363636363635
04/11/2025 15:20:37,0.19047619047619047
04/11/2025 15:20:37,0.19047619047619047
04/11/2025 15:20:37,0.19047619047619047
04/11/2025 15:20:37,0.19047619047619047
04/11/2025 15:20:37,0.19047619047619047
04/11/2025 15:20:38,0.041666666666666664
04/11/2025 15:20:38,0.19047619047619047
04/11/2025 15:20:38,0.041666666666666664
04/11/2025 15:20:38,0.19047619047619047
04/11/2025 15:20:38,0.19047619047619047
04/11/2025 15:20:38,0.25
04/11/2025 15:20:39,0.08695652173913043
04/11/2025 15:20:39,0.13636363636363635
04/11/2025 15:20:39,0.08695652173913043
04/11/2025 15:20:39,0.08695652173913043
04/11/2025 15:20:39,0.13636363636363635
04/11/2025 15:20:39,0.13636363636363635
04/11/2025 15:20:40,0.19047619047619047
04/11/2025 15:20:40,0.08695652173913043
04/11/2025 15:20:40,0.041666666666666664
04/11/2025 15:20:40,0.13636363636363635
04/11/2025 15:20:40,0.13636363636363635
04/11/2025 15:20:40,0.19047619047619047
04/11/2025 15:20:41,0.19047619047619047
04/11/2025 15:20:41,0.19047619047619047
04/11/2025 15:20:41,0.25
04/11/2025 15:20:41,0.13636363636363635
04/11/2025 15:20:41,0.25
04/11/2025 15:20:41,0.19047619047619047
04/11/2025 15:20:42,0.25
04/11/2025 15:20:42,0.041666666666666664
04/11/2025 15:20:42,0.19047619047619047
04/11/2025 15:20:42,0.08695652173913043
04/11/2025 15:20:42,0.13636363636363635
04/11/2025 15:20:42,0.08695652173913043
04/11/2025 15:20:42,0.13636363636363635
04/11/2025 15:20:43,0.08695652173913043
04/11/2025 15:20:43,0.041666666666666664
04/11/2025 15:20:43,0.08695652173913043
04/11/2025 15:20:43,0.19047619047619047
04/11/2025 15:20:43,0.25
04/11/2025 15:20:43,0.13636363636363635
04/11/2025 15:20:44,0.08695652173913043
04/11/2025 15:20:44,0.19047619047619047
04/11/2025 15:20:44,0.13636363636363635
04/11/2025 15:20:44,0.041666666666666664
04/11/2025 15:20:44,0.25
04/11/2025 15:20:44,0.13636363636363635
04/11/2025 15:20:45,0.25
04/11/2025 15:20:45,0.25
04/11/2025 15:20:45,0.19047619047619047
04/11/2025 15:20:45,0.19047619047619047
04/11/2025 15:20:45,0.19047619047619047
04/11/2025 15:20:45,0.08695652173913043
04/11/2025 15:20:46,0.19047619047619047
04/11/2025 15:20:46,0.19047619047619047
04/11/2025 15:20:46,0.08695652173913043
04/11/2025 15:20:46,0.13636363636363635
04/11/2025 15:20:46,0.13636363636363635
04/11/2025 15:20:47,0.19047619047619047
04/11/2025 15:20:47,0.3157894736842105
04/11/2025 15:20:47,0.08695652173913043
04/11/2025 15:20:47,0.25
04/11/2025 15:20:47,0.041666666666666664
04/11/2025 15:20:47,0.19047619047619047
04/11/2025 15:20:47,0.13636363636363635
04/11/2025 15:20:48,0.13636363636363635
04/11/2025 15:20:48,0.08695652173913043
04/11/2025 15:20:48,0.13636363636363635
04/11/2025 15:20:48,0.13636363636363635
04/11/2025 15:20:48,0.08695652173913043
04/11/2025 15:20:48,0.08695652173913043
04/11/2025 15:20:49,0.19047619047619047
04/11/2025 15:20:49,0.13636363636363635
04/11/2025 15:20:49,0.13636363636363635
04/11/2025 15:20:49,0.041666666666666664
04/11/2025 15:20:49,0.13636363636363635
04/11/2025 15:20:49,0.19047619047619047
04/11/2025 15:20:50,0.08695652173913043
04/11/2025 15:20:50,0.25
04/11/2025 15:20:50,0.08695652173913043
04/11/2025 15:20:50,0.13636363636363635
04/11/2025 15:20:50,0.08695652173913043
04/11/2025 15:20:50,0.08695652173913043
04/11/2025 15:20:51,0.13636363636363635
04/11/2025 15:20:51,0.13636363636363635
04/11/2025 15:20:51,0.041666666666666664
04/11/2025 15:20:51,0.13636363636363635
04/11/2025 15:20:51,0.08695652173913043
04/11/2025 15:20:51,0.08695652173913043
04/11/2025 15:20:51,0.041666666666666664
04/11/2025 15:20:52,0.25
04/11/2025 15:20:52,0.19047619047619047
04/11/2025 15:20:52,0.19047619047619047
04/11/2025 15:20:52,0.041666666666666664
04/11/2025 15:20:52,0.13636363636363635
04/11/2025 15:20:52,0.13636363636363635
04/11/2025 15:20:53,0.19047619047619047
04/11/2025 15:20:53,0.13636363636363635
04/11/2025 15:20:53,0.041666666666666664
04/11/2025 15:20:53,0.13636363636363635
04/11/2025 15:20:53,0.13636363636363635
04/11/2025 15:20:53,0.08695652173913043
04/11/2025 15:20:54,0.041666666666666664
04/11/2025 15:20:54,0.25
04/11/2025 15:20:54,0.25
04/11/2025 15:20:54,0.13636363636363635
04/11/2025 15:20:54,0.13636363636363635
04/11/2025 15:20:54,0.041666666666666664
04/11/2025 15:20:54,0.041666666666666664
04/11/2025 15:20:55,0.19047619047619047
04/11/2025 15:20:55,0.08695652173913043
04/11/2025 15:20:55,0.13636363636363635
04/11/2025 15:20:55,0.13636363636363635
04/11/2025 15:20:55,0.19047619047619047
04/11/2025 15:20:55,0.19047619047619047
04/11/2025 15:20:56,0.13636363636363635
04/11/2025 15:20:56,0.13636363636363635
04/11/2025 15:20:56,0.13636363636363635
04/11/2025 15:20:56,0.19047619047619047
04/11/2025 15:20:56,0.13636363636363635
04/11/2025 15:20:56,0.13636363636363635
04/11/2025 15:20:57,0.08695652173913043
04/11/2025 15:20:57,0.08695652173913043
04/11/2025 15:20:57,0.19047619047619047
04/11/2025 15:20:57,0.041666666666666664
04/11/2025 15:20:57,0.08695652173913043
04/11/2025 15:20:57,0.08695652173913043
04/11/2025 15:20:58,0.041666666666666664
04/11/2025 15:20:58,0.13636363636363635
04/11/2025 15:20:58,0.13636363636363635
04/11/2025 15:20:58,0.19047619047619047
04/11/2025 15:20:58,0.25
04/11/2025 15:20:58,0.13636363636363635
04/11/2025 15:20:58,0.08695652173913043
04/11/2025 15:20:59,0.13636363636363635
04/11/2025 15:20:59,0.08695652173913043
04/11/2025 15:20:59,0.13636363636363635
04/11/2025 15:20:59,0.25
04/11/2025 15:20:59,0.13636363636363635
04/11/2025 15:20:59,0.08695652173913043
04/11/2025 15:21:00,0.13636363636363635
04/11/2025 15:21:00,0.3157894736842105
04/11/2025 15:21:00,0.19047619047619047
04/11/2025 15:21:00,0.19047619047619047
04/11/2025 15:21:00,0.08695652173913043
04/11/2025 15:21:00,0.0
04/11/2025 15:21:01,0.041666666666666664
04/11/2025 15:21:01,0.13636363636363635
04/11/2025 15:21:01,0.13636363636363635
04/11/2025 15:21:01,0.13636363636363635
04/11/2025 15:21:01,0.13636363636363635
04/11/2025 15:21:01,0.041666666666666664
04/11/2025 15:21:02,0.19047619047619047
04/11/2025 15:21:02,0.08695652173913043
04/11/2025 15:21:02,0.08695652173913043
04/11/2025 15:21:02,0.19047619047619047
04/11/2025 15:21:02,0.041666666666666664
04/11/2025 15:21:02,0.3888888888888889
04/11/2025 15:21:02,0.041666666666666664
04/11/2025 15:21:03,0.0
04/11/2025 15:21:03,0.13636363636363635
04/11/2025 15:21:03,0.19047619047619047
04/11/2025 15:21:03,0.25
04/11/2025 15:21:03,0.19047619047619047
04/11/2025 15:21:03,0.0
04/11/2025 15:21:04,0.08695652173913043
04/11/2025 15:21:04,0.08695652173913043
04/11/2025 15:21:04,0.25
04/11/2025 15:21:04,0.19047619047619047
04/11/2025 15:21:04,0.0
04/11/2025 15:21:04,0.041666666666666664
04/11/2025 15:21:05,0.08695652173913043
04/11/2025 15:21:05,0.13636363636363635
04/11/2025 15:21:05,0.08695652173913043
04/11/2025 15:21:05,0.041666666666666664
04/11/2025 15:21:05,0.13636363636363635
04/11/2025 15:21:05,0.08695652173913043
04/11/2025 15:21:06,0.19047619047619047
04/11/2025 15:21:06,0.19047619047619047
04/11/2025 15:21:06,0.25
04/11/2025 15:21:06,0.19047619047619047
04/11/2025 15:21:06,0.08695652173913043
04/11/2025 15:21:06,0.19047619047619047
04/11/2025 15:21:07,0.25
04/11/2025 15:21:07,0.0
04/11/2025 15:21:07,0.13636363636363635
04/11/2025 15:21:07,0.25
04/11/2025 15:21:07,0.13636363636363635
04/11/2025 15:21:07,0.08695652173913043
04/11/2025 15:21:08,0.19047619047619047
04/11/2025 15:21:08,0.19047619047619047
04/11/2025 15:21:08,0.25
04/11/2025 15:21:08,0.08695652173913043
04/11/2025 15:21:08,0.25
04/11/2025 15:21:08,0.13636363636363635
04/11/2025 15:21:09,0.13636363636363635
04/11/2025 15:21:09,0.25
04/11/2025 15:21:09,0.13636363636363635
04/11/2025 15:21:09,0.13636363636363635
04/11/2025 15:21:09,0.08695652173913043
04/11/2025 15:21:09,0.13636363636363635
04/11/2025 15:21:09,0.13636363636363635
04/11/2025 15:21:10,0.19047619047619047
04/11/2025 15:21:10,0.041666666666666664
04/11/2025 15:21:10,0.25
04/11/2025 15:21:10,0.13636363636363635
04/11/2025 15:21:10,0.19047619047619047
04/11/2025 15:21:10,0.08695652173913043
04/11/2025 15:21:11,0.19047619047619047
04/11/2025 15:21:11,0.19047619047619047
04/11/2025 15:21:11,0.13636363636363635
04/11/2025 15:21:11,0.3157894736842105
04/11/2025 15:21:11,0.19047619047619047
04/11/2025 15:21:11,0.19047619047619047
04/11/2025 15:21:11,0.041666666666666664
04/11/2025 15:21:12,0.25
04/11/2025 15:21:12,0.3157894736842105
04/11/2025 15:21:12,0.13636363636363635
04/11/2025 15:21:12,0.08695652173913043
04/11/2025 15:21:12,0.13636363636363635
04/11/2025 15:21:13,0.19047619047619047
04/11/2025 15:21:13,0.13636363636363635
04/11/2025 15:21:13,0.08695652173913043
04/11/2025 15:21:13,0.3157894736842105
04/11/2025 15:21:13,0.13636363636363635
04/11/2025 15:21:13,0.041666666666666664
04/11/2025 15:21:14,0.08695652173913043
04/11/2025 15:21:14,0.041666666666666664
04/11/2025 15:21:14,0.19047619047619047
04/11/2025 15:21:14,0.08695652173913043
04/11/2025 15:21:14,0.041666666666666664
04/11/2025 15:21:14,0.08695652173913043
04/11/2025 15:21:15,0.19047619047619047
04/11/2025 15:21:15,0.041666666666666664
04/11/2025 15:21:15,0.13636363636363635
04/11/2025 15:21:15,0.19047619047619047
04/11/2025 15:21:15,0.13636363636363635
04/11/2025 15:21:15,0.041666666666666664
04/11/2025 15:21:16,0.3157894736842105
04/11/2025 15:21:16,0.19047619047619047
04/11/2025 15:21:16,0.13636363636363635
04/11/2025 15:21:16,0.25
04/11/2025 15:21:16,0.08695652173913043
04/11/2025 15:21:17,0.08695652173913043
04/11/2025 15:21:17,0.041666666666666664
04/11/2025 15:21:17,0.13636363636363635
04/11/2025 15:21:17,0.25
04/11/2025 15:21:17,0.08695652173913043
04/11/2025 15:21:17,0.08695652173913043
04/11/2025 15:21:18,0.25
04/11/2025 15:21:18,0.19047619047619047
04/11/2025 15:21:18,0.13636363636363635
04/11/2025 15:21:18,0.08695652173913043
04/11/2025 15:21:18,0.041666666666666664
04/11/2025 15:21:18,0.13636363636363635
04/11/2025 15:21:19,0.041666666666666664
04/11/2025 15:21:19,0.13636363636363635
04/11/2025 15:21:19,0.08695652173913043
04/11/2025 15:21:19,0.08695652173913043
04/11/2025 15:21:19,0.08695652173913043
04/11/2025 15:21:19,0.25
04/11/2025 15:21:20,0.19047619047619047
04/11/2025 15:21:20,0.08695652173913043
04/11/2025 15:21:20,0.0
04/11/2025 15:21:20,0.13636363636363635
04/11/2025 15:21:20,0.08695652173913043
04/11/2025 15:21:20,0.08695652173913043
04/11/2025 15:21:21,0.041666666666666664
04/11/2025 15:21:21,0.13636363636363635
04/11/2025 15:21:21,0.19047619047619047
04/11/2025 15:21:21,0.13636363636363635
04/11/2025 15:21:21,0.13636363636363635
04/11/2025 15:21:21,0.13636363636363635
04/11/2025 15:21:22,0.0
04/11/2025 15:21:22,0.19047619047619047
04/11/2025 15:21:22,0.08695652173913043
04/11/2025 15:21:22,0.13636363636363635
04/11/2025 15:21:22,0.041666666666666664
04/11/2025 15:21:22,0.0
04/11/2025 15:21:23,0.13636363636363635
04/11/2025 15:21:23,0.041666666666666664
04/11/2025 15:21:23,0.13636363636363635
04/11/2025 15:21:23,0.19047619047619047
04/11/2025 15:21:23,0.19047619047619047
04/11/2025 15:21:23,0.13636363636363635
04/11/2025 15:21:24,0.19047619047619047
04/11/2025 15:21:24,0.13636363636363635
04/11/2025 15:21:24,0.19047619047619047
04/11/2025 15:21:24,0.25
04/11/2025 15:21:24,0.19047619047619047
04/11/2025 15:21:25,0.19047619047619047
04/11/2025 15:21:25,0.041666666666666664
04/11/2025 15:21:25,0.19047619047619047
04/11/2025 15:21:25,0.13636363636363635
04/11/2025 15:21:25,0.19047619047619047
04/11/2025 15:21:26,0.19047619047619047
04/11/2025 15:21:26,0.041666666666666664
04/11/2025 15:21:26,0.13636363636363635
04/11/2025 15:21:26,0.19047619047619047
04/11/2025 15:21:26,0.041666666666666664
04/11/2025 15:21:26,0.13636363636363635
04/11/2025 15:21:27,0.13636363636363635
04/11/2025 15:21:27,0.08695652173913043
04/11/2025 15:21:27,0.08695652173913043
04/11/2025 15:21:27,0.13636363636363635
04/11/2025 15:21:27,0.19047619047619047
04/11/2025 15:21:27,0.08695652173913043
04/11/2025 15:21:28,0.08695652173913043
04/11/2025 15:21:28,0.08695652173913043
04/11/2025 15:21:28,0.041666666666666664
04/11/2025 15:21:28,0.08695652173913043
04/11/2025 15:21:28,0.19047619047619047
04/11/2025 15:21:28,0.13636363636363635
04/11/2025 15:21:29,0.041666666666666664
04/11/2025 15:21:29,0.19047619047619047
04/11/2025 15:21:29,0.25
04/11/2025 15:21:29,0.25
04/11/2025 15:21:29,0.19047619047619047
04/11/2025 15:21:29,0.19047619047619047
04/11/2025 15:21:29,0.13636363636363635
04/11/2025 15:21:30,0.13636363636363635
04/11/2025 15:21:30,0.25
04/11/2025 15:21:30,0.08695652173913043
04/11/2025 15:21:30,0.08695652173913043
04/11/2025 15:21:30,0.08695652173913043
04/11/2025 15:21:30,0.19047619047619047
04/11/2025 15:21:31,0.041666666666666664
04/11/2025 15:21:31,0.08695652173913043
04/11/2025 15:21:31,0.041666666666666664
04/11/2025 15:21:31,0.13636363636363635
04/11/2025 15:21:31,0.08695652173913043
04/11/2025 15:21:31,0.08695652173913043
04/11/2025 15:21:32,0.08695652173913043
04/11/2025 15:21:32,0.08695652173913043
04/11/2025 15:21:32,0.13636363636363635
04/11/2025 15:21:32,0.13636363636363635
04/11/2025 15:21:32,0.13636363636363635
04/11/2025 15:21:33,0.041666666666666664
04/11/2025 15:21:33,0.13636363636363635
04/11/2025 15:21:33,0.13636363636363635
04/11/2025 15:21:33,0.25
04/11/2025 15:21:33,0.19047619047619047
04/11/2025 15:21:33,0.13636363636363635
04/11/2025 15:21:34,0.25
04/11/2025 15:21:34,0.19047619047619047
04/11/2025 15:21:34,0.19047619047619047
04/11/2025 15:21:34,0.08695652173913043
04/11/2025 15:21:34,0.3888888888888889
04/11/2025 15:21:34,0.08695652173913043
04/11/2025 15:21:35,0.08695652173913043
04/11/2025 15:21:35,0.13636363636363635
04/11/2025 15:21:35,0.19047619047619047
04/11/2025 15:21:35,0.08695652173913043
04/11/2025 15:21:35,0.08695652173913043
04/11/2025 15:21:35,0.19047619047619047
04/11/2025 15:21:36,0.041666666666666664
04/11/2025 15:21:36,0.13636363636363635
04/11/2025 15:21:36,0.13636363636363635
04/11/2025 15:21:36,0.041666666666666664
04/11/2025 15:21:36,0.13636363636363635
04/11/2025 15:21:36,0.13636363636363635
04/11/2025 15:21:37,0.13636363636363635
04/11/2025 15:21:37,0.08695652173913043
04/11/2025 15:21:37,0.19047619047619047
04/11/2025 15:21:37,0.041666666666666664
04/11/2025 15:21:37,0.13636363636363635
04/11/2025 15:21:37,0.041666666666666664
04/11/2025 15:21:38,0.25
04/11/2025 15:21:38,0.041666666666666664
04/11/2025 15:21:38,0.08695652173913043
04/11/2025 15:21:38,0.13636363636363635
04/11/2025 15:21:38,0.19047619047619047
04/11/2025 15:21:39,0.13636363636363635
04/11/2025 15:21:39,0.13636363636363635
04/11/2025 15:21:39,0.13636363636363635
04/11/2025 15:21:39,0.08695652173913043
04/11/2025 15:21:39,0.19047619047619047
04/11/2025 15:21:39,0.13636363636363635
04/11/2025 15:21:40,0.08695652173913043
04/11/2025 15:21:40,0.19047619047619047
04/11/2025 15:21:40,0.08695652173913043
04/11/2025 15:21:40,0.13636363636363635
04/11/2025 15:21:40,0.19047619047619047
04/11/2025 15:21:40,0.08695652173913043
04/11/2025 15:21:41,0.19047619047619047
04/11/2025 15:21:41,0.08695652173913043
04/11/2025 15:21:41,0.13636363636363635
04/11/2025 15:21:41,0.08695652173913043
04/11/2025 15:21:41,0.19047619047619047
04/11/2025 15:21:41,0.19047619047619047
04/11/2025 15:21:42,0.13636363636363635
04/11/2025 15:21:42,0.13636363636363635
04/11/2025 15:21:42,0.13636363636363635
04/11/2025 15:21:42,0.08695652173913043
04/11/2025 15:21:42,0.041666666666666664
04/11/2025 15:21:43,0.19047619047619047
04/11/2025 15:21:43,0.08695652173913043
04/11/2025 15:21:43,0.08695652173913043
04/11/2025 15:21:43,0.0
04/11/2025 15:21:43,0.3157894736842105
04/11/2025 15:21:43,0.19047619047619047
04/11/2025 15:21:44,0.13636363636363635
04/11/2025 15:21:44,0.13636363636363635
04/11/2025 15:21:44,0.19047619047619047
04/11/2025 15:21:44,0.19047619047619047
04/11/2025 15:21:44,0.08695652173913043
04/11/2025 15:21:44,0.08695652173913043
04/11/2025 15:21:45,0.19047619047619047
04/11/2025 15:21:45,0.25
04/11/2025 15:21:45,0.041666666666666664
04/11/2025 15:21:45,0.25
04/11/2025 15:21:45,0.25
04/11/2025 15:21:45,0.08695652173913043
04/11/2025 15:21:46,0.13636363636363635
04/11/2025 15:21:46,0.13636363636363635
04/11/2025 15:21:46,0.19047619047619047
04/11/2025 15:21:46,0.13636363636363635
04/11/2025 15:21:46,0.13636363636363635
04/11/2025 15:21:46,0.08695652173913043
04/11/2025 15:21:47,0.19047619047619047
04/11/2025 15:21:47,0.13636363636363635
04/11/2025 15:21:47,0.19047619047619047
04/11/2025 15:21:47,0.13636363636363635
04/11/2025 15:21:47,0.13636363636363635
04/11/2025 15:21:47,0.3157894736842105
04/11/2025 15:21:48,0.041666666666666664
04/11/2025 15:21:48,0.13636363636363635
04/11/2025 15:21:48,0.08695652173913043
04/11/2025 15:21:48,0.08695652173913043
04/11/2025 15:21:48,0.08695652173913043
04/11/2025 15:21:48,0.13636363636363635
04/11/2025 15:21:49,0.13636363636363635
04/11/2025 15:21:49,0.13636363636363635
04/11/2025 15:21:49,0.13636363636363635
04/11/2025 15:21:49,0.19047619047619047
04/11/2025 15:21:49,0.19047619047619047
04/11/2025 15:21:50,0.13636363636363635
04/11/2025 15:21:50,0.041666666666666664
04/11/2025 15:21:50,0.13636363636363635
04/11/2025 15:21:50,0.08695652173913043
04/11/2025 15:21:50,0.08695652173913043
04/11/2025 15:21:50,0.19047619047619047
04/11/2025 15:21:51,0.13636363636363635
04/11/2025 15:21:51,0.19047619047619047
04/11/2025 15:21:51,0.041666666666666664
04/11/2025 15:21:51,0.13636363636363635
04/11/2025 15:21:51,0.08695652173913043
04/11/2025 15:21:51,0.0
04/11/2025 15:21:52,0.041666666666666664
04/11/2025 15:21:52,0.08695652173913043
04/11/2025 15:21:52,0.08695652173913043
04/11/2025 15:21:52,0.19047619047619047
04/11/2025 15:21:52,0.08695652173913043
04/11/2025 15:21:52,0.13636363636363635
04/11/2025 15:21:53,0.19047619047619047
04/11/2025 15:21:53,0.13636363636363635
04/11/2025 15:21:53,0.041666666666666664
04/11/2025 15:21:53,0.19047619047619047
04/11/2025 15:21:53,0.19047619047619047
04/11/2025 15:21:53,0.041666666666666664
04/11/2025 15:21:54,0.19047619047619047
04/11/2025 15:21:54,0.19047619047619047
04/11/2025 15:21:54,0.13636363636363635
04/11/2025 15:21:54,0.08695652173913043
04/11/2025 15:21:54,0.13636363636363635
04/11/2025 15:21:54,0.3157894736842105
04/11/2025 15:21:55,0.25
04/11/2025 15:21:55,0.19047619047619047
04/11/2025 15:21:55,0.13636363636363635
04/11/2025 15:21:55,0.08695652173913043
04/11/2025 15:21:55,0.08695652173913043
04/11/2025 15:21:55,0.041666666666666664
04/11/2025 15:21:55,0.19047619047619047
04/11/2025 15:21:56,0.08695652173913043
04/11/2025 15:21:56,0.13636363636363635
04/11/2025 15:21:56,0.08695652173913043
04/11/2025 15:21:56,0.13636363636363635
04/11/2025 15:21:56,0.041666666666666664
04/11/2025 15:21:56,0.08695652173913043
04/11/2025 15:21:57,0.08695652173913043
04/11/2025 15:21:57,0.041666666666666664
04/11/2025 15:21:57,0.13636363636363635
04/11/2025 15:21:57,0.08695652173913043
04/11/2025 15:21:57,0.08695652173913043
04/11/2025 15:21:57,0.08695652173913043
04/11/2025 15:21:58,0.25
04/11/2025 15:21:58,0.19047619047619047
04/11/2025 15:21:58,0.19047619047619047
04/11/2025 15:21:58,0.13636363636363635
04/11/2025 15:21:58,0.19047619047619047
04/11/2025 15:21:58,0.19047619047619047
04/11/2025 15:21:59,0.13636363636363635
04/11/2025 15:21:59,0.13636363636363635
04/11/2025 15:21:59,0.19047619047619047
04/11/2025 15:21:59,0.13636363636363635
04/11/2025 15:21:59,0.19047619047619047
04/11/2025 15:21:59,0.3157894736842105
04/11/2025 15:22:00,0.13636363636363635
04/11/2025 15:22:00,0.13636363636363635
04/11/2025 15:22:00,0.19047619047619047
04/11/2025 15:22:00,0.25
04/11/2025 15:22:00,0.041666666666666664
04/11/2025 15:22:00,0.13636363636363635
04/11/2025 15:22:00,0.19047619047619047
04/11/2025 15:22:01,0.13636363636363635
04/11/2025 15:22:01,0.13636363636363635
04/11/2025 15:22:01,0.041666666666666664
04/11/2025 15:22:01,0.08695652173913043
04/11/2025 15:22:01,0.041666666666666664
04/11/2025 15:22:01,0.041666666666666664
04/11/2025 15:22:02,0.08695652173913043
04/11/2025 15:22:02,0.25
04/11/2025 15:22:02,0.08695652173913043
04/11/2025 15:22:02,0.25
04/11/2025 15:22:02,0.08695652173913043
04/11/2025 15:22:02,0.13636363636363635
04/11/2025 15:22:03,0.13636363636363635
04/11/2025 15:22:03,0.13636363636363635
04/11/2025 15:22:03,0.13636363636363635
04/11/2025 15:22:03,0.19047619047619047
04/11/2025 15:22:03,0.13636363636363635
04/11/2025 15:22:03,0.0
04/11/2025 15:22:04,0.041666666666666664
04/11/2025 15:22:04,0.19047619047619047
04/11/2025 15:22:04,0.19047619047619047
04/11/2025 15:22:04,0.08695652173913043
04/11/2025 15:22:04,0.13636363636363635
04/11/2025 15:22:04,0.08695652173913043
04/11/2025 15:22:05,0.13636363636363635
04/11/2025 15:22:05,0.13636363636363635
04/11/2025 15:22:05,0.13636363636363635
04/11/2025 15:22:05,0.25
04/11/2025 15:22:05,0.25
04/11/2025 15:22:05,0.041666666666666664
04/11/2025 15:22:06,0.08695652173913043
04/11/2025 15:22:06,0.041666666666666664
04/11/2025 15:22:06,0.13636363636363635
04/11/2025 15:22:06,0.13636363636363635
04/11/2025 15:22:06,0.08695652173913043
04/11/2025 15:22:06,0.3157894736842105
04/11/2025 15:22:07,0.19047619047619047
04/11/2025 15:22:07,0.19047619047619047
04/11/2025 15:22:07,0.041666666666666664
04/11/2025 15:22:07,0.0
04/11/2025 15:22:07,0.08695652173913043
04/11/2025 15:22:08,0.08695652173913043
04/11/2025 15:22:08,0.13636363636363635
04/11/2025 15:22:08,0.13636363636363635
04/11/2025 15:22:08,0.041666666666666664
04/11/2025 15:22:08,0.25
04/11/2025 15:22:08,0.13636363636363635
04/11/2025 15:22:08,0.25
04/11/2025 15:22:09,0.13636363636363635
04/11/2025 15:22:09,0.13636363636363635
04/11/2025 15:22:09,0.041666666666666664
04/11/2025 15:22:09,0.25
04/11/2025 15:22:09,0.13636363636363635
04/11/2025 15:22:09,0.13636363636363635
04/11/2025 15:22:10,0.08695652173913043
04/11/2025 15:22:10,0.041666666666666664
04/11/2025 15:22:10,0.19047619047619047
04/11/2025 15:22:10,0.08695652173913043
04/11/2025 15:22:10,0.13636363636363635
04/11/2025 15:22:10,0.13636363636363635
04/11/2025 15:22:11,0.13636363636363635
04/11/2025 15:22:11,0.08695652173913043
04/11/2025 15:22:11,0.13636363636363635
04/11/2025 15:22:11,0.13636363636363635
04/11/2025 15:22:11,0.08695652173913043
04/11/2025 15:22:11,0.19047619047619047
04/11/2025 15:22:12,0.08695652173913043
04/11/2025 15:22:12,0.08695652173913043
04/11/2025 15:22:12,0.08695652173913043
04/11/2025 15:22:12,0.13636363636363635
04/11/2025 15:22:12,0.13636363636363635
04/11/2025 15:22:12,0.13636363636363635
04/11/2025 15:22:13,0.19047619047619047
04/11/2025 15:22:13,0.041666666666666664
04/11/2025 15:22:13,0.25
04/11/2025 15:22:13,0.13636363636363635
04/11/2025 15:22:13,0.08695652173913043
04/11/2025 15:22:13,0.041666666666666664
04/11/2025 15:22:14,0.25
04/11/2025 15:22:14,0.13636363636363635
04/11/2025 15:22:14,0.08695652173913043
04/11/2025 15:22:14,0.041666666666666664
04/11/2025 15:22:14,0.25
04/11/2025 15:22:14,0.13636363636363635
04/11/2025 15:22:15,0.08695652173913043
04/11/2025 15:22:15,0.08695652173913043
04/11/2025 15:22:15,0.08695652173913043
04/11/2025 15:22:15,0.19047619047619047
04/11/2025 15:22:15,0.041666666666666664
04/11/2025 15:22:15,0.08695652173913043
04/11/2025 15:22:16,0.041666666666666664
04/11/2025 15:22:16,0.13636363636363635
04/11/2025 15:22:16,0.3157894736842105
04/11/2025 15:22:16,0.13636363636363635
04/11/2025 15:22:16,0.08695652173913043
04/11/2025 15:22:17,0.19047619047619047
04/11/2025 15:22:17,0.19047619047619047
04/11/2025 15:22:17,0.13636363636363635
04/11/2025 15:22:17,0.08695652173913043
04/11/2025 15:22:17,0.19047619047619047
04/11/2025 15:22:17,0.19047619047619047
04/11/2025 15:22:18,0.08695652173913043
04/11/2025 15:22:18,0.13636363636363635
04/11/2025 15:22:18,0.13636363636363635
04/11/2025 15:22:18,0.13636363636363635
04/11/2025 15:22:18,0.13636363636363635
04/11/2025 15:22:18,0.041666666666666664
04/11/2025 15:22:19,0.25
04/11/2025 15:22:19,0.041666666666666664
04/11/2025 15:22:19,0.25
04/11/2025 15:22:19,0.13636363636363635
04/11/2025 15:22:19,0.13636363636363635
04/11/2025 15:22:20,0.13636363636363635
04/11/2025 15:22:20,0.08695652173913043
04/11/2025 15:22:20,0.08695652173913043
04/11/2025 15:22:20,0.19047619047619047
04/11/2025 15:22:21,0.25
04/11/2025 15:22:21,0.25
04/11/2025 15:22:21,0.25
04/11/2025 15:22:21,0.19047619047619047
04/11/2025 15:22:21,0.13636363636363635
04/11/2025 15:22:22,0.13636363636363635
04/11/2025 15:22:22,0.19047619047619047
04/11/2025 15:22:22,0.08695652173913043
04/11/2025 15:22:22,0.08695652173913043
04/11/2025 15:22:22,0.25
04/11/2025 15:22:22,0.13636363636363635
04/11/2025 15:22:23,0.13636363636363635
04/11/2025 15:22:23,0.041666666666666664
04/11/2025 15:22:23,0.08695652173913043
04/11/2025 15:22:23,0.13636363636363635
04/11/2025 15:22:23,0.13636363636363635
04/11/2025 15:22:23,0.25
04/11/2025 15:22:24,0.19047619047619047
04/11/2025 15:22:24,0.08695652173913043
04/11/2025 15:22:24,0.13636363636363635
04/11/2025 15:22:24,0.0
04/11/2025 15:22:24,0.041666666666666664
04/11/2025 15:22:25,0.19047619047619047
04/11/2025 15:22:25,0.08695652173913043
04/11/2025 15:22:25,0.13636363636363635
04/11/2025 15:22:25,0.13636363636363635
04/11/2025 15:22:25,0.13636363636363635
04/11/2025 15:22:25,0.13636363636363635
04/11/2025 15:22:26,0.19047619047619047
04/11/2025 15:22:26,0.3888888888888889
04/11/2025 15:22:26,0.0
04/11/2025 15:22:26,0.3157894736842105
04/11/2025 15:22:26,0.19047619047619047
04/11/2025 15:22:26,0.19047619047619047
04/11/2025 15:22:27,0.08695652173913043
04/11/2025 15:22:27,0.19047619047619047
04/11/2025 15:22:27,0.13636363636363635
04/11/2025 15:22:27,0.08695652173913043
04/11/2025 15:22:27,0.13636363636363635
04/11/2025 15:22:27,0.08695652173913043
04/11/2025 15:22:27,0.25
04/11/2025 15:22:28,0.041666666666666664
04/11/2025 15:22:28,0.19047619047619047
04/11/2025 15:22:28,0.0
04/11/2025 15:22:28,0.19047619047619047
04/11/2025 15:22:29,0.19047619047619047
04/11/2025 15:22:29,0.13636363636363635
04/11/2025 15:22:29,0.19047619047619047
04/11/2025 15:22:29,0.19047619047619047
04/11/2025 15:22:29,0.08695652173913043
04/11/2025 15:22:30,0.13636363636363635
04/11/2025 15:22:30,0.08695652173913043
04/11/2025 15:22:30,0.13636363636363635
04/11/2025 15:22:30,0.08695652173913043
04/11/2025 15:22:30,0.08695652173913043
04/11/2025 15:22:31,0.13636363636363635
04/11/2025 15:22:31,0.13636363636363635
04/11/2025 15:22:31,0.3157894736842105
04/11/2025 15:22:31,0.041666666666666664
04/11/2025 15:22:32,0.13636363636363635
04/11/2025 15:22:32,0.13636363636363635
04/11/2025 15:22:32,0.19047619047619047
04/11/2025 15:22:32,0.08695652173913043
04/11/2025 15:22:33,0.08695652173913043
04/11/2025 15:22:33,0.13636363636363635
04/11/2025 15:22:33,0.13636363636363635
04/11/2025 15:22:33,0.19047619047619047
04/11/2025 15:22:34,0.13636363636363635
04/11/2025 15:22:34,0.19047619047619047
04/11/2025 15:22:34,0.08695652173913043
04/11/2025 15:22:34,0.19047619047619047
04/11/2025 15:22:34,0.08695652173913043
04/11/2025 15:22:34,0.08695652173913043
04/11/2025 15:22:35,0.08695652173913043
04/11/2025 15:22:35,0.19047619047619047
04/11/2025 15:22:35,0.08695652173913043
04/11/2025 15:22:35,0.041666666666666664
04/11/2025 15:22:36,0.13636363636363635
04/11/2025 15:22:36,0.13636363636363635
04/11/2025 15:22:36,0.19047619047619047
04/11/2025 15:22:36,0.13636363636363635
04/11/2025 15:22:36,0.25
04/11/2025 15:22:37,0.041666666666666664
04/11/2025 15:22:37,0.041666666666666664
04/11/2025 15:22:37,0.13636363636363635
04/11/2025 15:22:37,0.25
04/11/2025 15:22:37,0.19047619047619047
04/11/2025 15:22:38,0.13636363636363635
04/11/2025 15:22:38,0.13636363636363635
04/11/2025 15:22:38,0.19047619047619047
04/11/2025 15:22:38,0.08695652173913043
04/11/2025 15:22:38,0.13636363636363635
04/11/2025 15:22:38,0.13636363636363635
04/11/2025 15:22:39,0.19047619047619047
04/11/2025 15:22:39,0.13636363636363635
04/11/2025 15:22:39,0.19047619047619047
04/11/2025 15:22:39,0.19047619047619047
04/11/2025 15:22:39,0.13636363636363635
04/11/2025 15:22:39,0.041666666666666664
04/11/2025 15:22:40,0.0
04/11/2025 15:22:40,0.25
04/11/2025 15:22:40,0.13636363636363635
04/11/2025 15:22:40,0.25
04/11/2025 15:22:40,0.19047619047619047
04/11/2025 15:22:40,0.13636363636363635
04/11/2025 15:22:41,0.25
04/11/2025 15:22:41,0.13636363636363635
04/11/2025 15:22:41,0.08695652173913043
04/11/2025 15:22:41,0.25
04/11/2025 15:22:41,0.19047619047619047
04/11/2025 15:22:41,0.19047619047619047
04/11/2025 15:22:42,0.25
04/11/2025 15:22:42,0.041666666666666664
04/11/2025 15:22:42,0.13636363636363635
04/11/2025 15:22:42,0.19047619047619047
04/11/2025 15:22:42,0.19047619047619047
04/11/2025 15:22:42,0.13636363636363635
04/11/2025 15:22:43,0.19047619047619047
04/11/2025 15:22:43,0.19047619047619047
04/11/2025 15:22:43,0.08695652173913043
04/11/2025 15:22:43,0.08695652173913043
04/11/2025 15:22:43,0.041666666666666664
04/11/2025 15:22:43,0.19047619047619047
04/11/2025 15:22:44,0.19047619047619047
04/11/2025 15:22:44,0.08695652173913043
04/11/2025 15:22:44,0.041666666666666664
04/11/2025 15:22:44,0.19047619047619047
04/11/2025 15:22:44,0.13636363636363635
04/11/2025 15:22:44,0.13636363636363635
04/11/2025 15:22:44,0.13636363636363635
04/11/2025 15:22:45,0.19047619047619047
04/11/2025 15:22:45,0.041666666666666664
04/11/2025 15:22:45,0.08695652173913043
04/11/2025 15:22:45,0.13636363636363635
04/11/2025 15:22:45,0.25
04/11/2025 15:22:45,0.08695652173913043
04/11/2025 15:22:46,0.13636363636363635
04/11/2025 15:22:46,0.13636363636363635
04/11/2025 15:22:46,0.25
04/11/2025 15:22:46,0.08695652173913043
04/11/2025 15:22:46,0.3157894736842105
04/11/2025 15:22:46,0.041666666666666664
04/11/2025 15:22:47,0.3157894736842105
04/11/2025 15:22:47,0.13636363636363635
04/11/2025 15:22:47,0.13636363636363635
04/11/2025 15:22:47,0.041666666666666664
04/11/2025 15:22:47,0.13636363636363635
04/11/2025 15:22:47,0.13636363636363635
04/11/2025 15:22:48,0.08695652173913043
04/11/2025 15:22:48,0.13636363636363635
04/11/2025 15:22:48,0.13636363636363635
04/11/2025 15:22:48,0.13636363636363635
04/11/2025 15:22:48,0.19047619047619047
04/11/2025 15:22:48,0.13636363636363635
04/11/2025 15:22:49,0.19047619047619047
04/11/2025 15:22:49,0.13636363636363635
04/11/2025 15:22:49,0.19047619047619047
04/11/2025 15:22:49,0.13636363636363635
04/11/2025 15:22:49,0.3157894736842105
04/11/2025 15:22:49,0.25
04/11/2025 15:22:50,0.19047619047619047
04/11/2025 15:22:50,0.08695652173913043
04/11/2025 15:22:50,0.13636363636363635
04/11/2025 15:22:50,0.0
04/11/2025 15:22:50,0.08695652173913043
04/11/2025 15:22:50,0.041666666666666664
04/11/2025 15:22:51,0.19047619047619047
04/11/2025 15:22:51,0.08695652173913043
04/11/2025 15:22:51,0.25
04/11/2025 15:22:51,0.041666666666666664
04/11/2025 15:22:51,0.19047619047619047
04/11/2025 15:22:51,0.08695652173913043
04/11/2025 15:22:52,0.08695652173913043
04/11/2025 15:22:52,0.0
04/11/2025 15:22:52,0.19047619047619047
04/11/2025 15:22:52,0.19047619047619047
04/11/2025 15:22:52,0.13636363636363635
04/11/2025 15:22:53,0.13636363636363635
04/11/2025 15:22:53,0.08695652173913043
04/11/2025 15:22:53,0.08695652173913043
04/11/2025 15:22:53,0.19047619047619047
04/11/2025 15:22:53,0.13636363636363635
04/11/2025 15:22:53,0.3157894736842105
04/11/2025 15:22:53,0.13636363636363635
04/11/2025 15:22:54,0.13636363636363635
04/11/2025 15:22:54,0.19047619047619047
04/11/2025 15:22:54,0.13636363636363635
04/11/2025 15:22:54,0.08695652173913043
04/11/2025 15:22:54,0.25
04/11/2025 15:22:54,0.13636363636363635
04/11/2025 15:22:55,0.19047619047619047
04/11/2025 15:22:55,0.13636363636363635
04/11/2025 15:22:55,0.19047619047619047
04/11/2025 15:22:55,0.3157894736842105
04/11/2025 15:22:55,0.08695652173913043
04/11/2025 15:22:55,0.041666666666666664
04/11/2025 15:22:56,0.13636363636363635
04/11/2025 15:22:56,0.19047619047619047
04/11/2025 15:22:56,0.13636363636363635
04/11/2025 15:22:56,0.08695652173913043
04/11/2025 15:22:56,0.19047619047619047
04/11/2025 15:22:56,0.08695652173913043
04/11/2025 15:22:57,0.13636363636363635
04/11/2025 15:22:57,0.041666666666666664
04/11/2025 15:22:57,0.08695652173913043
04/11/2025 15:22:57,0.041666666666666664
04/11/2025 15:22:57,0.19047619047619047
04/11/2025 15:22:58,0.13636363636363635
04/11/2025 15:22:58,0.08695652173913043
04/11/2025 15:22:58,0.08695652173913043
04/11/2025 15:22:58,0.08695652173913043
04/11/2025 15:22:58,0.13636363636363635
04/11/2025 15:22:58,0.19047619047619047
04/11/2025 15:22:59,0.13636363636363635
04/11/2025 15:22:59,0.13636363636363635
04/11/2025 15:22:59,0.13636363636363635
04/11/2025 15:22:59,0.13636363636363635
04/11/2025 15:22:59,0.08695652173913043
04/11/2025 15:22:59,0.19047619047619047
04/11/2025 15:23:00,0.13636363636363635
04/11/2025 15:23:00,0.041666666666666664
04/11/2025 15:23:00,0.25
04/11/2025 15:23:00,0.08695652173913043
04/11/2025 15:23:00,0.13636363636363635
04/11/2025 15:23:00,0.08695652173913043
04/11/2025 15:23:01,0.25
04/11/2025 15:23:01,0.13636363636363635
04/11/2025 15:23:01,0.041666666666666664
04/11/2025 15:23:01,0.13636363636363635
04/11/2025 15:23:01,0.13636363636363635
04/11/2025 15:23:01,0.13636363636363635
04/11/2025 15:23:02,0.3888888888888889
04/11/2025 15:23:02,0.08695652173913043
04/11/2025 15:23:02,0.13636363636363635
04/11/2025 15:23:02,0.13636363636363635
04/11/2025 15:23:02,0.041666666666666664
04/11/2025 15:23:02,0.19047619047619047
04/11/2025 15:23:03,0.08695652173913043
04/11/2025 15:23:03,0.19047619047619047
04/11/2025 15:23:03,0.08695652173913043
04/11/2025 15:23:03,0.13636363636363635
04/11/2025 15:23:03,0.13636363636363635
04/11/2025 15:23:04,0.25
04/11/2025 15:23:04,0.08695652173913043
04/11/2025 15:23:04,0.13636363636363635
04/11/2025 15:23:04,0.13636363636363635
04/11/2025 15:23:04,0.13636363636363635
04/11/2025 15:23:04,0.13636363636363635
04/11/2025 15:23:04,0.08695652173913043
04/11/2025 15:23:05,0.13636363636363635
04/11/2025 15:23:05,0.08695652173913043
04/11/2025 15:23:05,0.041666666666666664
04/11/2025 15:23:05,0.13636363636363635
04/11/2025 15:23:05,0.13636363636363635
04/11/2025 15:23:05,0.041666666666666664
04/11/2025 15:23:06,0.13636363636363635
04/11/2025 15:23:06,0.041666666666666664
04/11/2025 15:23:06,0.19047619047619047
04/11/2025 15:23:06,0.25
04/11/2025 15:23:06,0.13636363636363635
04/11/2025 15:23:06,0.041666666666666664
04/11/2025 15:23:07,0.3157894736842105
04/11/2025 15:23:07,0.19047619047619047
04/11/2025 15:23:07,0.13636363636363635
04/11/2025 15:23:07,0.13636363636363635
04/11/2025 15:23:07,0.08695652173913043
04/11/2025 15:23:07,0.041666666666666664
04/11/2025 15:23:08,0.19047619047619047
04/11/2025 15:23:08,0.13636363636363635
04/11/2025 15:23:08,0.25
04/11/2025 15:23:08,0.13636363636363635
04/11/2025 15:23:08,0.08695652173913043
04/11/2025 15:23:08,0.041666666666666664
04/11/2025 15:23:09,0.13636363636363635
04/11/2025 15:23:09,0.041666666666666664
04/11/2025 15:23:09,0.19047619047619047
04/11/2025 15:23:09,0.19047619047619047
04/11/2025 15:23:09,0.13636363636363635
04/11/2025 15:23:09,0.19047619047619047
04/11/2025 15:23:10,0.13636363636363635
04/11/2025 15:23:10,0.25
04/11/2025 15:23:10,0.19047619047619047
04/11/2025 15:23:10,0.19047619047619047
04/11/2025 15:23:10,0.13636363636363635
04/11/2025 15:23:10,0.25
04/11/2025 15:23:11,0.08695652173913043
04/11/2025 15:23:11,0.13636363636363635
04/11/2025 15:23:11,0.08695652173913043
04/11/2025 15:23:11,0.13636363636363635
04/11/2025 15:23:11,0.08695652173913043
04/11/2025 15:23:11,0.19047619047619047
04/11/2025 15:23:12,0.08695652173913043
04/11/2025 15:23:12,0.08695652173913043
04/11/2025 15:23:12,0.3157894736842105
04/11/2025 15:23:12,0.13636363636363635
04/11/2025 15:23:12,0.19047619047619047
04/11/2025 15:23:12,0.13636363636363635
04/11/2025 15:23:13,0.08695652173913043
04/11/2025 15:23:13,0.3157894736842105
04/11/2025 15:23:13,0.08695652173913043
04/11/2025 15:23:13,0.19047619047619047
04/11/2025 15:23:13,0.13636363636363635
04/11/2025 15:23:14,0.25
04/11/2025 15:23:14,0.13636363636363635
04/11/2025 15:23:14,0.19047619047619047
04/11/2025 15:23:14,0.13636363636363635
04/11/2025 15:23:14,0.25
04/11/2025 15:23:14,0.13636363636363635
04/11/2025 15:23:14,0.13636363636363635
04/11/2025 15:23:15,0.08695652173913043
04/11/2025 15:23:15,0.13636363636363635
04/11/2025 15:23:15,0.13636363636363635
04/11/2025 15:23:15,0.19047619047619047
04/11/2025 15:23:15,0.08695652173913043
04/11/2025 15:23:15,0.041666666666666664
04/11/2025 15:23:16,0.13636363636363635
04/11/2025 15:23:16,0.13636363636363635
04/11/2025 15:23:16,0.25
04/11/2025 15:23:16,0.08695652173913043
04/11/2025 15:23:16,0.19047619047619047
04/11/2025 15:23:16,0.13636363636363635
04/11/2025 15:23:17,0.19047619047619047
04/11/2025 15:23:17,0.13636363636363635
04/11/2025 15:23:17,0.19047619047619047
04/11/2025 15:23:17,0.08695652173913043
04/11/2025 15:23:17,0.13636363636363635
04/11/2025 15:23:17,0.13636363636363635
04/11/2025 15:23:18,0.08695652173913043
04/11/2025 15:23:18,0.3157894736842105
04/11/2025 15:23:18,0.08695652173913043
04/11/2025 15:23:18,0.19047619047619047
04/11/2025 15:23:18,0.13636363636363635
04/11/2025 15:23:18,0.13636363636363635
04/11/2025 15:23:19,0.25
04/11/2025 15:23:19,0.13636363636363635
04/11/2025 15:23:19,0.08695652173913043
04/11/2025 15:23:19,0.13636363636363635
04/11/2025 15:23:19,0.3888888888888889
04/11/2025 15:23:19,0.19047619047619047
04/11/2025 15:23:19,0.13636363636363635
04/11/2025 15:23:20,0.13636363636363635
04/11/2025 15:23:20,0.08695652173913043
04/11/2025 15:23:20,0.19047619047619047
04/11/2025 15:23:20,0.08695652173913043
04/11/2025 15:23:20,0.13636363636363635
04/11/2025 15:23:20,0.08695652173913043
04/11/2025 15:23:21,0.13636363636363635
04/11/2025 15:23:21,0.13636363636363635
04/11/2025 15:23:21,0.19047619047619047
04/11/2025 15:23:21,0.19047619047619047
04/11/2025 15:23:21,0.08695652173913043
04/11/2025 15:23:22,0.08695652173913043
04/11/2025 15:23:22,0.13636363636363635
04/11/2025 15:23:22,0.13636363636363635
04/11/2025 15:23:22,0.08695652173913043
04/11/2025 15:23:22,0.19047619047619047
04/11/2025 15:23:22,0.08695652173913043
04/11/2025 15:23:23,0.08695652173913043
04/11/2025 15:23:23,0.13636363636363635
04/11/2025 15:23:23,0.08695652173913043
04/11/2025 15:23:23,0.19047619047619047
04/11/2025 15:23:23,0.13636363636363635
04/11/2025 15:23:23,0.25
04/11/2025 15:23:24,0.19047619047619047
04/11/2025 15:23:24,0.13636363636363635
04/11/2025 15:23:24,0.25
04/11/2025 15:23:24,0.041666666666666664
04/11/2025 15:23:24,0.13636363636363635
04/11/2025 15:23:24,0.041666666666666664
04/11/2025 15:23:25,0.08695652173913043
04/11/2025 15:23:25,0.08695652173913043
04/11/2025 15:23:25,0.13636363636363635
04/11/2025 15:23:25,0.041666666666666664
04/11/2025 15:23:25,0.13636363636363635
04/11/2025 15:23:25,0.08695652173913043
04/11/2025 15:23:26,0.08695652173913043
04/11/2025 15:23:26,0.08695652173913043
04/11/2025 15:23:26,0.08695652173913043
04/11/2025 15:23:26,0.08695652173913043
04/11/2025 15:23:26,0.08695652173913043
04/11/2025 15:23:26,0.25
04/11/2025 15:23:27,0.08695652173913043
04/11/2025 15:23:27,0.25
04/11/2025 15:23:27,0.25
04/11/2025 15:23:27,0.19047619047619047
04/11/2025 15:23:27,0.19047619047619047
04/11/2025 15:23:28,0.19047619047619047
04/11/2025 15:23:28,0.08695652173913043
04/11/2025 15:23:28,0.19047619047619047
04/11/2025 15:23:28,0.08695652173913043
04/11/2025 15:23:28,0.25
04/11/2025 15:23:29,0.19047619047619047
04/11/2025 15:23:29,0.13636363636363635
04/11/2025 15:23:29,0.08695652173913043
04/11/2025 15:23:29,0.19047619047619047
04/11/2025 15:23:30,0.13636363636363635
04/11/2025 15:23:30,0.08695652173913043
04/11/2025 15:23:30,0.041666666666666664
04/11/2025 15:23:30,0.08695652173913043
04/11/2025 15:23:30,0.25
04/11/2025 15:23:31,0.13636363636363635
04/11/2025 15:23:31,0.041666666666666664
04/11/2025 15:23:31,0.08695652173913043
04/11/2025 15:23:31,0.041666666666666664
04/11/2025 15:23:31,0.13636363636363635
04/11/2025 15:23:32,0.19047619047619047
04/11/2025 15:23:32,0.041666666666666664
04/11/2025 15:23:32,0.13636363636363635
04/11/2025 15:23:32,0.19047619047619047
04/11/2025 15:23:32,0.08695652173913043
04/11/2025 15:23:33,0.19047619047619047
04/11/2025 15:23:33,0.25
04/11/2025 15:23:33,0.19047619047619047
04/11/2025 15:23:33,0.25
04/11/2025 15:23:34,0.19047619047619047
04/11/2025 15:23:34,0.19047619047619047
04/11/2025 15:23:34,0.19047619047619047
04/11/2025 15:23:34,0.25
04/11/2025 15:23:35,0.08695652173913043
04/11/2025 15:23:35,0.08695652173913043
04/11/2025 15:23:35,0.08695652173913043
04/11/2025 15:23:35,0.08695652173913043
04/11/2025 15:23:35,0.3157894736842105
04/11/2025 15:23:35,0.19047619047619047
04/11/2025 15:23:36,0.19047619047619047
04/11/2025 15:23:36,0.08695652173913043
04/11/2025 15:23:36,0.19047619047619047
04/11/2025 15:23:36,0.19047619047619047
04/11/2025 15:23:36,0.19047619047619047
04/11/2025 15:23:36,0.08695652173913043
04/11/2025 15:23:37,0.19047619047619047
04/11/2025 15:23:37,0.13636363636363635
04/11/2025 15:23:37,0.19047619047619047
04/11/2025 15:23:37,0.08695652173913043
04/11/2025 15:23:37,0.13636363636363635
04/11/2025 15:23:37,0.3157894736842105
04/11/2025 15:23:38,0.19047619047619047
04/11/2025 15:23:38,0.19047619047619047
04/11/2025 15:23:38,0.19047619047619047
04/11/2025 15:23:38,0.19047619047619047
04/11/2025 15:23:38,0.13636363636363635
04/11/2025 15:23:38,0.19047619047619047
04/11/2025 15:23:39,0.13636363636363635
04/11/2025 15:23:39,0.08695652173913043
04/11/2025 15:23:39,0.08695652173913043
04/11/2025 15:23:39,0.13636363636363635
04/11/2025 15:23:39,0.25
04/11/2025 15:23:39,0.19047619047619047
04/11/2025 15:23:40,0.3157894736842105
04/11/2025 15:23:40,0.08695652173913043
04/11/2025 15:23:40,0.041666666666666664
04/11/2025 15:23:40,0.08695652173913043
04/11/2025 15:23:40,0.041666666666666664
04/11/2025 15:23:40,0.13636363636363635
04/11/2025 15:23:41,0.041666666666666664
04/11/2025 15:23:41,0.19047619047619047
04/11/2025 15:23:41,0.19047619047619047
04/11/2025 15:23:41,0.13636363636363635
04/11/2025 15:23:41,0.19047619047619047
04/11/2025 15:23:41,0.13636363636363635
04/11/2025 15:23:42,0.041666666666666664
04/11/2025 15:23:42,0.13636363636363635
04/11/2025 15:23:42,0.08695652173913043
04/11/2025 15:23:42,0.19047619047619047
04/11/2025 15:23:42,0.19047619047619047
04/11/2025 15:23:42,0.13636363636363635
04/11/2025 15:23:43,0.0
04/11/2025 15:23:43,0.13636363636363635
04/11/2025 15:23:43,0.041666666666666664
04/11/2025 15:23:43,0.13636363636363635
04/11/2025 15:23:43,0.13636363636363635
04/11/2025 15:23:43,0.041666666666666664
04/11/2025 15:23:44,0.13636363636363635
04/11/2025 15:23:44,0.25
04/11/2025 15:23:44,0.19047619047619047
04/11/2025 15:23:44,0.13636363636363635
04/11/2025 15:23:44,0.08695652173913043
04/11/2025 15:23:44,0.08695652173913043
04/11/2025 15:23:45,0.041666666666666664
04/11/2025 15:23:45,0.13636363636363635
04/11/2025 15:23:45,0.08695652173913043
04/11/2025 15:23:45,0.25
04/11/2025 15:23:45,0.13636363636363635
04/11/2025 15:23:45,0.08695652173913043
04/11/2025 15:23:46,0.25
04/11/2025 15:23:46,0.041666666666666664
04/11/2025 15:23:46,0.041666666666666664
04/11/2025 15:23:46,0.041666666666666664
04/11/2025 15:23:46,0.0
04/11/2025 15:23:46,0.25
04/11/2025 15:23:47,0.19047619047619047
04/11/2025 15:23:47,0.19047619047619047
04/11/2025 15:23:47,0.13636363636363635
04/11/2025 15:23:47,0.25
04/11/2025 15:23:47,0.19047619047619047
04/11/2025 15:23:48,0.08695652173913043
04/11/2025 15:23:48,0.08695652173913043
04/11/2025 15:23:48,0.19047619047619047
04/11/2025 15:23:48,0.08695652173913043
04/11/2025 15:23:48,0.13636363636363635
04/11/2025 15:23:48,0.041666666666666664
04/11/2025 15:23:48,0.13636363636363635
04/11/2025 15:23:49,0.13636363636363635
04/11/2025 15:23:49,0.041666666666666664
04/11/2025 15:23:49,0.13636363636363635
04/11/2025 15:23:49,0.08695652173913043
04/11/2025 15:23:49,0.08695652173913043
04/11/2025 15:23:49,0.19047619047619047
04/11/2025 15:23:50,0.13636363636363635
04/11/2025 15:23:50,0.13636363636363635
04/11/2025 15:23:50,0.25
04/11/2025 15:23:50,0.25
04/11/2025 15:23:50,0.19047619047619047
04/11/2025 15:23:50,0.08695652173913043
04/11/2025 15:23:51,0.25
04/11/2025 15:23:51,0.13636363636363635
04/11/2025 15:23:51,0.13636363636363635
04/11/2025 15:23:51,0.13636363636363635
04/11/2025 15:23:51,0.25
04/11/2025 15:23:51,0.041666666666666664
04/11/2025 15:23:52,0.08695652173913043
04/11/2025 15:23:52,0.041666666666666664
04/11/2025 15:23:52,0.19047619047619047
04/11/2025 15:23:52,0.041666666666666664
04/11/2025 15:23:52,0.19047619047619047
04/11/2025 15:23:52,0.19047619047619047
04/11/2025 15:23:53,0.19047619047619047
04/11/2025 15:23:53,0.13636363636363635
04/11/2025 15:23:53,0.13636363636363635
04/11/2025 15:23:53,0.19047619047619047
04/11/2025 15:23:53,0.13636363636363635
04/11/2025 15:23:53,0.25
04/11/2025 15:23:54,0.08695652173913043
04/11/2025 15:23:54,0.13636363636363635
04/11/2025 15:23:54,0.13636363636363635
04/11/2025 15:23:54,0.3157894736842105
04/11/2025 15:23:54,0.13636363636363635
04/11/2025 15:23:54,0.08695652173913043
04/11/2025 15:23:55,0.041666666666666664
04/11/2025 15:23:55,0.041666666666666664
04/11/2025 15:23:55,0.25
04/11/2025 15:23:55,0.25
04/11/2025 15:23:55,0.19047619047619047
04/11/2025 15:23:55,0.13636363636363635
04/11/2025 15:23:56,0.25
04/11/2025 15:23:56,0.13636363636363635
04/11/2025 15:23:56,0.13636363636363635
04/11/2025 15:23:56,0.13636363636363635
04/11/2025 15:23:56,0.08695652173913043
04/11/2025 15:23:57,0.041666666666666664
04/11/2025 15:23:57,0.13636363636363635
04/11/2025 15:23:57,0.13636363636363635
04/11/2025 15:23:57,0.08695652173913043
04/11/2025 15:23:57,0.08695652173913043
04/11/2025 15:23:57,0.3157894736842105
04/11/2025 15:23:58,0.08695652173913043
04/11/2025 15:23:58,0.19047619047619047
04/11/2025 15:23:58,0.19047619047619047
04/11/2025 15:23:58,0.19047619047619047
04/11/2025 15:23:58,0.13636363636363635
04/11/2025 15:23:58,0.13636363636363635
04/11/2025 15:23:59,0.08695652173913043
04/11/2025 15:23:59,0.13636363636363635
04/11/2025 15:23:59,0.08695652173913043
04/11/2025 15:23:59,0.08695652173913043
04/11/2025 15:23:59,0.08695652173913043
04/11/2025 15:23:59,0.19047619047619047
04/11/2025 15:24:00,0.041666666666666664
04/11/2025 15:24:00,0.08695652173913043
04/11/2025 15:24:00,0.08695652173913043
04/11/2025 15:24:00,0.19047619047619047
04/11/2025 15:24:00,0.13636363636363635
04/11/2025 15:24:01,0.08695652173913043
04/11/2025 15:24:01,0.13636363636363635
04/11/2025 15:24:01,0.19047619047619047
04/11/2025 15:24:01,0.13636363636363635
04/11/2025 15:24:01,0.25
04/11/2025 15:24:02,0.19047619047619047
04/11/2025 15:24:02,0.041666666666666664
04/11/2025 15:24:02,0.13636363636363635
04/11/2025 15:24:02,0.13636363636363635
04/11/2025 15:24:02,0.08695652173913043
04/11/2025 15:24:02,0.08695652173913043
04/11/2025 15:24:03,0.13636363636363635
04/11/2025 15:24:03,0.041666666666666664
04/11/2025 15:24:03,0.13636363636363635
04/11/2025 15:24:03,0.25
04/11/2025 15:24:03,0.08695652173913043
04/11/2025 15:24:03,0.19047619047619047
04/11/2025 15:24:03,0.08695652173913043
04/11/2025 15:24:04,0.13636363636363635
04/11/2025 15:24:04,0.3157894736842105
04/11/2025 15:24:04,0.13636363636363635
04/11/2025 15:24:04,0.041666666666666664
04/11/2025 15:24:04,0.08695652173913043
04/11/2025 15:24:04,0.13636363636363635
04/11/2025 15:24:05,0.08695652173913043
04/11/2025 15:24:05,0.041666666666666664
04/11/2025 15:24:05,0.08695652173913043
04/11/2025 15:24:05,0.08695652173913043
04/11/2025 15:24:05,0.13636363636363635
04/11/2025 15:24:05,0.13636363636363635
04/11/2025 15:24:06,0.19047619047619047
04/11/2025 15:24:06,0.08695652173913043
04/11/2025 15:24:06,0.19047619047619047
04/11/2025 15:24:06,0.19047619047619047
04/11/2025 15:24:06,0.25
04/11/2025 15:24:07,0.041666666666666664
04/11/2025 15:24:07,0.25
04/11/2025 15:24:07,0.041666666666666664
04/11/2025 15:24:07,0.041666666666666664
04/11/2025 15:24:07,0.08695652173913043
04/11/2025 15:24:07,0.25
04/11/2025 15:24:08,0.08695652173913043
04/11/2025 15:24:08,0.19047619047619047
04/11/2025 15:24:08,0.041666666666666664
04/11/2025 15:24:08,0.13636363636363635
04/11/2025 15:24:08,0.13636363636363635
04/11/2025 15:24:08,0.25
04/11/2025 15:24:09,0.08695652173913043
04/11/2025 15:24:09,0.041666666666666664
04/11/2025 15:24:09,0.19047619047619047
04/11/2025 15:24:09,0.19047619047619047
04/11/2025 15:24:09,0.25
04/11/2025 15:24:09,0.13636363636363635
04/11/2025 15:24:10,0.13636363636363635
04/11/2025 15:24:10,0.13636363636363635
04/11/2025 15:24:10,0.13636363636363635
04/11/2025 15:24:10,0.19047619047619047
04/11/2025 15:24:10,0.13636363636363635
04/11/2025 15:24:10,0.13636363636363635
04/11/2025 15:24:11,0.13636363636363635
04/11/2025 15:24:11,0.19047619047619047
04/11/2025 15:24:11,0.08695652173913043
04/11/2025 15:24:11,0.19047619047619047
04/11/2025 15:24:11,0.3888888888888889
04/11/2025 15:24:11,0.13636363636363635
04/11/2025 15:24:12,0.13636363636363635
04/11/2025 15:24:12,0.08695652173913043
04/11/2025 15:24:12,0.041666666666666664
04/11/2025 15:24:12,0.041666666666666664
04/11/2025 15:24:12,0.041666666666666664
04/11/2025 15:24:12,0.19047619047619047
04/11/2025 15:24:13,0.25
04/11/2025 15:24:13,0.08695652173913043
04/11/2025 15:24:13,0.19047619047619047
04/11/2025 15:24:13,0.19047619047619047
04/11/2025 15:24:13,0.19047619047619047
04/11/2025 15:24:13,0.19047619047619047
04/11/2025 15:24:14,0.19047619047619047
04/11/2025 15:24:14,0.08695652173913043
04/11/2025 15:24:14,0.19047619047619047
04/11/2025 15:24:14,0.08695652173913043
04/11/2025 15:24:14,0.13636363636363635
04/11/2025 15:24:14,0.08695652173913043
04/11/2025 15:24:15,0.08695652173913043
04/11/2025 15:24:15,0.25
04/11/2025 15:24:15,0.25
04/11/2025 15:24:15,0.041666666666666664
04/11/2025 15:24:15,0.08695652173913043
04/11/2025 15:24:15,0.08695652173913043
04/11/2025 15:24:16,0.19047619047619047
04/11/2025 15:24:16,0.041666666666666664
04/11/2025 15:24:16,0.19047619047619047
04/11/2025 15:24:16,0.08695652173913043
04/11/2025 15:24:16,0.0
04/11/2025 15:24:16,0.08695652173913043
04/11/2025 15:24:17,0.041666666666666664
04/11/2025 15:24:17,0.19047619047619047
04/11/2025 15:24:17,0.19047619047619047
04/11/2025 15:24:17,0.19047619047619047
04/11/2025 15:24:17,0.08695652173913043
04/11/2025 15:24:17,0.25
04/11/2025 15:24:18,0.3157894736842105
04/11/2025 15:24:18,0.13636363636363635
04/11/2025 15:24:18,0.13636363636363635
04/11/2025 15:24:18,0.25
04/11/2025 15:24:18,0.13636363636363635
04/11/2025 15:24:18,0.13636363636363635
04/11/2025 15:24:19,0.041666666666666664
04/11/2025 15:24:19,0.25
04/11/2025 15:24:19,0.041666666666666664
04/11/2025 15:24:19,0.08695652173913043
04/11/2025 15:24:19,0.19047619047619047
04/11/2025 15:24:20,0.08695652173913043
04/11/2025 15:24:20,0.08695652173913043
04/11/2025 15:24:20,0.13636363636363635
04/11/2025 15:24:20,0.08695652173913043
04/11/2025 15:24:20,0.08695652173913043
04/11/2025 15:24:21,0.041666666666666664
04/11/2025 15:24:21,0.13636363636363635
04/11/2025 15:24:21,0.08695652173913043
04/11/2025 15:24:21,0.08695652173913043
04/11/2025 15:24:21,0.08695652173913043
04/11/2025 15:24:21,0.19047619047619047
04/11/2025 15:24:22,0.041666666666666664
04/11/2025 15:24:22,0.3888888888888889
04/11/2025 15:24:22,0.13636363636363635
04/11/2025 15:24:22,0.3157894736842105
04/11/2025 15:24:22,0.25
04/11/2025 15:24:22,0.041666666666666664
04/11/2025 15:24:23,0.08695652173913043
04/11/2025 15:24:23,0.13636363636363635
04/11/2025 15:24:23,0.19047619047619047
04/11/2025 15:24:23,0.041666666666666664
04/11/2025 15:24:23,0.13636363636363635
04/11/2025 15:24:23,0.19047619047619047
04/11/2025 15:24:23,0.25
04/11/2025 15:24:24,0.08695652173913043
04/11/2025 15:24:24,0.041666666666666664
04/11/2025 15:24:24,0.19047619047619047
04/11/2025 15:24:24,0.19047619047619047
04/11/2025 15:24:24,0.08695652173913043
04/11/2025 15:24:25,0.08695652173913043
04/11/2025 15:24:25,0.13636363636363635
04/11/2025 15:24:25,0.25
04/11/2025 15:24:25,0.19047619047619047
04/11/2025 15:24:25,0.19047619047619047
04/11/2025 15:24:25,0.13636363636363635
04/11/2025 15:24:26,0.08695652173913043
04/11/2025 15:24:26,0.08695652173913043
04/11/2025 15:24:26,0.08695652173913043
04/11/2025 15:24:26,0.041666666666666664
04/11/2025 15:24:26,0.13636363636363635
04/11/2025 15:24:26,0.13636363636363635
04/11/2025 15:24:26,0.08695652173913043
04/11/2025 15:24:27,0.08695652173913043
04/11/2025 15:24:27,0.19047619047619047
04/11/2025 15:24:27,0.25
04/11/2025 15:24:27,0.25
04/11/2025 15:24:27,0.08695652173913043
04/11/2025 15:24:27,0.25
04/11/2025 15:24:28,0.13636363636363635
04/11/2025 15:24:28,0.08695652173913043
04/11/2025 15:24:28,0.08695652173913043
04/11/2025 15:24:28,0.19047619047619047
04/11/2025 15:24:28,0.08695652173913043
04/11/2025 15:24:28,0.13636363636363635
04/11/2025 15:24:29,0.08695652173913043
04/11/2025 15:24:29,0.13636363636363635
04/11/2025 15:24:29,0.13636363636363635
04/11/2025 15:24:29,0.25
04/11/2025 15:24:29,0.19047619047619047
04/11/2025 15:24:29,0.13636363636363635
04/11/2025 15:24:30,0.19047619047619047
04/11/2025 15:24:30,0.13636363636363635
04/11/2025 15:24:30,0.13636363636363635
04/11/2025 15:24:30,0.08695652173913043
04/11/2025 15:24:30,0.08695652173913043
04/11/2025 15:24:30,0.08695652173913043
04/11/2025 15:24:31,0.13636363636363635
04/11/2025 15:24:31,0.19047619047619047
04/11/2025 15:24:31,0.041666666666666664
04/11/2025 15:24:31,0.08695652173913043
04/11/2025 15:24:31,0.08695652173913043
04/11/2025 15:24:31,0.08695652173913043
04/11/2025 15:24:32,0.19047619047619047
04/11/2025 15:24:32,0.13636363636363635
04/11/2025 15:24:32,0.0
04/11/2025 15:24:32,0.08695652173913043
04/11/2025 15:24:32,0.08695652173913043
04/11/2025 15:24:32,0.13636363636363635
04/11/2025 15:24:33,0.19047619047619047
04/11/2025 15:24:33,0.19047619047619047
04/11/2025 15:24:33,0.08695652173913043
04/11/2025 15:24:33,0.19047619047619047
04/11/2025 15:24:33,0.19047619047619047
04/11/2025 15:24:33,0.08695652173913043
04/11/2025 15:24:34,0.13636363636363635
04/11/2025 15:24:34,0.19047619047619047
04/11/2025 15:24:34,0.08695652173913043
04/11/2025 15:24:34,0.19047619047619047
04/11/2025 15:24:34,0.13636363636363635
04/11/2025 15:24:34,0.0
04/11/2025 15:24:34,0.08695652173913043
04/11/2025 15:24:35,0.08695652173913043
04/11/2025 15:24:35,0.19047619047619047
04/11/2025 15:24:35,0.0
04/11/2025 15:24:35,0.25
04/11/2025 15:24:35,0.19047619047619047
04/11/2025 15:24:35,0.13636363636363635
04/11/2025 15:24:36,0.0
04/11/2025 15:24:36,0.08695652173913043
04/11/2025 15:24:36,0.25
04/11/2025 15:24:36,0.3157894736842105
04/11/2025 15:24:36,0.13636363636363635
04/11/2025 15:24:36,0.3157894736842105
04/11/2025 15:24:37,0.13636363636363635
04/11/2025 15:24:37,0.041666666666666664
04/11/2025 15:24:37,0.19047619047619047
04/11/2025 15:24:37,0.13636363636363635
04/11/2025 15:24:37,0.13636363636363635
04/11/2025 15:24:37,0.3157894736842105
04/11/2025 15:24:38,0.041666666666666664
04/11/2025 15:24:38,0.19047619047619047
04/11/2025 15:24:38,0.08695652173913043
04/11/2025 15:24:38,0.08695652173913043
04/11/2025 15:24:38,0.13636363636363635
04/11/2025 15:24:38,0.19047619047619047
04/11/2025 15:24:39,0.19047619047619047
04/11/2025 15:24:39,0.08695652173913043
04/11/2025 15:24:39,0.041666666666666664
04/11/2025 15:24:39,0.13636363636363635
04/11/2025 15:24:39,0.13636363636363635
04/11/2025 15:24:39,0.13636363636363635
04/11/2025 15:24:40,0.08695652173913043
04/11/2025 15:24:40,0.19047619047619047
04/11/2025 15:24:40,0.041666666666666664
04/11/2025 15:24:40,0.08695652173913043
04/11/2025 15:24:40,0.25
04/11/2025 15:24:40,0.13636363636363635
04/11/2025 15:24:41,0.08695652173913043
04/11/2025 15:24:41,0.25
04/11/2025 15:24:41,0.25
04/11/2025 15:24:41,0.08695652173913043
04/11/2025 15:24:41,0.041666666666666664
04/11/2025 15:24:41,0.13636363636363635
04/11/2025 15:24:42,0.19047619047619047
04/11/2025 15:24:42,0.25
04/11/2025 15:24:42,0.08695652173913043
04/11/2025 15:24:42,0.08695652173913043
04/11/2025 15:24:42,0.19047619047619047
04/11/2025 15:24:42,0.08695652173913043
04/11/2025 15:24:43,0.19047619047619047
04/11/2025 15:24:43,0.25
04/11/2025 15:24:43,0.19047619047619047
04/11/2025 15:24:43,0.08695652173913043
04/11/2025 15:24:43,0.041666666666666664
04/11/2025 15:24:43,0.13636363636363635
04/11/2025 15:24:44,0.08695652173913043
04/11/2025 15:24:44,0.08695652173913043
04/11/2025 15:24:44,0.041666666666666664
04/11/2025 15:24:44,0.08695652173913043
04/11/2025 15:24:44,0.13636363636363635
04/11/2025 15:24:44,0.08695652173913043
04/11/2025 15:24:45,0.19047619047619047
04/11/2025 15:24:45,0.13636363636363635
04/11/2025 15:24:45,0.041666666666666664
04/11/2025 15:24:45,0.19047619047619047
04/11/2025 15:24:45,0.19047619047619047
04/11/2025 15:24:45,0.13636363636363635
04/11/2025 15:24:46,0.08695652173913043
04/11/2025 15:24:46,0.19047619047619047
04/11/2025 15:24:46,0.25
04/11/2025 15:24:46,0.19047619047619047
04/11/2025 15:24:46,0.041666666666666664
04/11/2025 15:24:46,0.13636363636363635
04/11/2025 15:24:47,0.19047619047619047
04/11/2025 15:24:47,0.19047619047619047
04/11/2025 15:24:47,0.25
04/11/2025 15:24:47,0.13636363636363635
04/11/2025 15:24:47,0.19047619047619047
04/11/2025 15:24:47,0.13636363636363635
04/11/2025 15:24:48,0.13636363636363635
04/11/2025 15:24:48,0.13636363636363635
04/11/2025 15:24:48,0.13636363636363635
04/11/2025 15:24:48,0.19047619047619047
04/11/2025 15:24:48,0.13636363636363635
04/11/2025 15:24:48,0.041666666666666664
04/11/2025 15:24:49,0.13636363636363635
04/11/2025 15:24:49,0.08695652173913043
04/11/2025 15:24:49,0.13636363636363635
04/11/2025 15:24:49,0.19047619047619047
04/11/2025 15:24:49,0.08695652173913043
04/11/2025 15:24:49,0.19047619047619047
04/11/2025 15:24:50,0.08695652173913043
04/11/2025 15:24:50,0.25
04/11/2025 15:24:50,0.08695652173913043
04/11/2025 15:24:50,0.13636363636363635
04/11/2025 15:24:50,0.25
04/11/2025 15:24:50,0.13636363636363635
04/11/2025 15:24:51,0.08695652173913043
04/11/2025 15:24:51,0.08695652173913043
04/11/2025 15:24:51,0.19047619047619047
04/11/2025 15:24:51,0.19047619047619047
04/11/2025 15:24:51,0.08695652173913043
04/11/2025 15:24:51,0.0
04/11/2025 15:24:52,0.19047619047619047
04/11/2025 15:24:52,0.0
04/11/2025 15:24:52,0.08695652173913043
04/11/2025 15:24:52,0.08695652173913043
04/11/2025 15:24:52,0.19047619047619047
04/11/2025 15:24:52,0.13636363636363635
04/11/2025 15:24:53,0.13636363636363635
04/11/2025 15:24:53,0.3157894736842105
04/11/2025 15:24:53,0.19047619047619047
04/11/2025 15:24:53,0.19047619047619047
04/11/2025 15:24:53,0.041666666666666664
04/11/2025 15:24:53,0.13636363636363635
04/11/2025 15:24:53,0.19047619047619047
04/11/2025 15:24:54,0.08695652173913043
04/11/2025 15:24:54,0.13636363636363635
04/11/2025 15:24:54,0.13636363636363635
04/11/2025 15:24:54,0.08695652173913043
04/11/2025 15:24:54,0.041666666666666664
04/11/2025 15:24:54,0.13636363636363635
04/11/2025 15:24:55,0.0
04/11/2025 15:24:55,0.08695652173913043
04/11/2025 15:24:55,0.041666666666666664
04/11/2025 15:24:55,0.041666666666666664
04/11/2025 15:24:55,0.25
04/11/2025 15:24:56,0.13636363636363635
04/11/2025 15:24:56,0.19047619047619047
04/11/2025 15:24:56,0.3157894736842105
04/11/2025 15:24:56,0.25
04/11/2025 15:24:56,0.08695652173913043
04/11/2025 15:24:56,0.25
04/11/2025 15:24:57,0.13636363636363635
04/11/2025 15:24:57,0.19047619047619047
04/11/2025 15:24:57,0.13636363636363635
04/11/2025 15:24:57,0.25
04/11/2025 15:24:57,0.041666666666666664
04/11/2025 15:24:57,0.25
04/11/2025 15:24:57,0.13636363636363635
04/11/2025 15:24:58,0.08695652173913043
04/11/2025 15:24:58,0.3157894736842105
04/11/2025 15:24:58,0.19047619047619047
04/11/2025 15:24:58,0.19047619047619047
04/11/2025 15:24:58,0.08695652173913043
04/11/2025 15:24:58,0.08695652173913043
04/11/2025 15:24:59,0.08695652173913043
04/11/2025 15:24:59,0.13636363636363635
04/11/2025 15:24:59,0.13636363636363635
04/11/2025 15:24:59,0.13636363636363635
04/11/2025 15:24:59,0.08695652173913043
04/11/2025 15:24:59,0.19047619047619047
04/11/2025 15:25:00,0.25
04/11/2025 15:25:00,0.19047619047619047
04/11/2025 15:25:00,0.13636363636363635
04/11/2025 15:25:00,0.08695652173913043
04/11/2025 15:25:00,0.08695652173913043
04/11/2025 15:25:01,0.3157894736842105
04/11/2025 15:25:01,0.19047619047619047
04/11/2025 15:25:01,0.13636363636363635
04/11/2025 15:25:01,0.19047619047619047
04/11/2025 15:25:01,0.19047619047619047
04/11/2025 15:25:01,0.08695652173913043
04/11/2025 15:25:02,0.19047619047619047
04/11/2025 15:25:02,0.08695652173913043
04/11/2025 15:25:02,0.25
04/11/2025 15:25:02,0.08695652173913043
04/11/2025 15:25:02,0.13636363636363635
04/11/2025 15:25:02,0.08695652173913043
04/11/2025 15:25:03,0.19047619047619047
04/11/2025 15:25:03,0.08695652173913043
04/11/2025 15:25:03,0.13636363636363635
04/11/2025 15:25:03,0.19047619047619047
04/11/2025 15:25:03,0.25
04/11/2025 15:25:03,0.25
04/11/2025 15:25:04,0.08695652173913043
04/11/2025 15:25:04,0.08695652173913043
04/11/2025 15:25:04,0.13636363636363635
04/11/2025 15:25:04,0.0
04/11/2025 15:25:04,0.13636363636363635
04/11/2025 15:25:04,0.19047619047619047
04/11/2025 15:25:05,0.13636363636363635
04/11/2025 15:25:05,0.13636363636363635
04/11/2025 15:25:05,0.19047619047619047
04/11/2025 15:25:05,0.19047619047619047
04/11/2025 15:25:05,0.19047619047619047
04/11/2025 15:25:05,0.08695652173913043
04/11/2025 15:25:06,0.041666666666666664
04/11/2025 15:25:06,0.19047619047619047
04/11/2025 15:25:06,0.13636363636363635
04/11/2025 15:25:06,0.13636363636363635
04/11/2025 15:25:06,0.13636363636363635
04/11/2025 15:25:07,0.25
04/11/2025 15:25:07,0.25
04/11/2025 15:25:07,0.19047619047619047
04/11/2025 15:25:07,0.19047619047619047
04/11/2025 15:25:07,0.19047619047619047
04/11/2025 15:25:07,0.041666666666666664
04/11/2025 15:25:08,0.13636363636363635
04/11/2025 15:25:08,0.0
04/11/2025 15:25:08,0.041666666666666664
04/11/2025 15:25:08,0.041666666666666664
04/11/2025 15:25:08,0.08695652173913043
04/11/2025 15:25:08,0.13636363636363635
04/11/2025 15:25:09,0.041666666666666664
04/11/2025 15:25:09,0.19047619047619047
04/11/2025 15:25:09,0.19047619047619047
04/11/2025 15:25:09,0.13636363636363635
04/11/2025 15:25:09,0.08695652173913043
04/11/2025 15:25:09,0.08695652173913043
04/11/2025 15:25:10,0.08695652173913043
04/11/2025 15:25:10,0.13636363636363635
04/11/2025 15:25:10,0.25
04/11/2025 15:25:10,0.08695652173913043
04/11/2025 15:25:10,0.19047619047619047
04/11/2025 15:25:11,0.08695652173913043
04/11/2025 15:25:11,0.0
04/11/2025 15:25:11,0.19047619047619047
04/11/2025 15:25:11,0.13636363636363635
04/11/2025 15:25:11,0.13636363636363635
04/11/2025 15:25:11,0.13636363636363635
04/11/2025 15:25:12,0.19047619047619047
04/11/2025 15:25:12,0.13636363636363635
04/11/2025 15:25:12,0.25
04/11/2025 15:25:12,0.041666666666666664
04/11/2025 15:25:12,0.08695652173913043
04/11/2025 15:25:12,0.19047619047619047
04/11/2025 15:25:12,0.041666666666666664
04/11/2025 15:25:13,0.13636363636363635
04/11/2025 15:25:13,0.13636363636363635
04/11/2025 15:25:13,0.13636363636363635
04/11/2025 15:25:13,0.19047619047619047
04/11/2025 15:25:13,0.19047619047619047
04/11/2025 15:25:13,0.08695652173913043
04/11/2025 15:25:14,0.13636363636363635
04/11/2025 15:25:14,0.08695652173913043
04/11/2025 15:25:14,0.13636363636363635
04/11/2025 15:25:14,0.19047619047619047
04/11/2025 15:25:14,0.19047619047619047
04/11/2025 15:25:15,0.041666666666666664
04/11/2025 15:25:15,0.13636363636363635
04/11/2025 15:25:15,0.25
04/11/2025 15:25:15,0.13636363636363635
04/11/2025 15:25:15,0.13636363636363635
04/11/2025 15:25:15,0.13636363636363635
04/11/2025 15:25:15,0.08695652173913043
04/11/2025 15:25:16,0.13636363636363635
04/11/2025 15:25:16,0.19047619047619047
04/11/2025 15:25:16,0.25
04/11/2025 15:25:16,0.19047619047619047
04/11/2025 15:25:16,0.08695652173913043
04/11/2025 15:25:16,0.041666666666666664
04/11/2025 15:25:17,0.13636363636363635
04/11/2025 15:25:17,0.13636363636363635
04/11/2025 15:25:17,0.25
04/11/2025 15:25:17,0.08695652173913043
04/11/2025 15:25:17,0.13636363636363635
04/11/2025 15:25:17,0.19047619047619047
04/11/2025 15:25:18,0.13636363636363635
04/11/2025 15:25:18,0.19047619047619047
04/11/2025 15:25:18,0.25
04/11/2025 15:25:18,0.08695652173913043
04/11/2025 15:25:18,0.041666666666666664
04/11/2025 15:25:18,0.25
04/11/2025 15:25:19,0.08695652173913043
04/11/2025 15:25:19,0.08695652173913043
04/11/2025 15:25:19,0.08695652173913043
04/11/2025 15:25:19,0.041666666666666664
04/11/2025 15:25:19,0.19047619047619047
04/11/2025 15:25:19,0.08695652173913043
04/11/2025 15:25:20,0.08695652173913043
04/11/2025 15:25:20,0.25
04/11/2025 15:25:20,0.13636363636363635
04/11/2025 15:25:20,0.13636363636363635
04/11/2025 15:25:20,0.13636363636363635
04/11/2025 15:25:20,0.13636363636363635
04/11/2025 15:25:21,0.041666666666666664
04/11/2025 15:25:21,0.08695652173913043
04/11/2025 15:25:21,0.19047619047619047
04/11/2025 15:25:21,0.13636363636363635
04/11/2025 15:25:21,0.19047619047619047
04/11/2025 15:25:22,0.08695652173913043
04/11/2025 15:25:22,0.25
04/11/2025 15:25:22,0.19047619047619047
04/11/2025 15:25:22,0.041666666666666664
04/11/2025 15:25:22,0.19047619047619047
04/11/2025 15:25:22,0.25
04/11/2025 15:25:23,0.041666666666666664
04/11/2025 15:25:23,0.041666666666666664
04/11/2025 15:25:23,0.19047619047619047
04/11/2025 15:25:23,0.13636363636363635
04/11/2025 15:25:23,0.08695652173913043
04/11/2025 15:25:23,0.08695652173913043
04/11/2025 15:25:24,0.25
04/11/2025 15:25:24,0.19047619047619047
04/11/2025 15:25:24,0.08695652173913043
04/11/2025 15:25:24,0.19047619047619047
04/11/2025 15:25:24,0.19047619047619047
04/11/2025 15:25:24,0.041666666666666664
04/11/2025 15:25:25,0.08695652173913043
04/11/2025 15:25:25,0.25
04/11/2025 15:25:25,0.08695652173913043
04/11/2025 15:25:25,0.08695652173913043
04/11/2025 15:25:25,0.13636363636363635
04/11/2025 15:25:25,0.19047619047619047
04/11/2025 15:25:26,0.19047619047619047
04/11/2025 15:25:26,0.08695652173913043
04/11/2025 15:25:26,0.13636363636363635
04/11/2025 15:25:26,0.19047619047619047
04/11/2025 15:25:26,0.19047619047619047
04/11/2025 15:25:26,0.08695652173913043
04/11/2025 15:25:27,0.13636363636363635
04/11/2025 15:25:27,0.3888888888888889
04/11/2025 15:25:27,0.08695652173913043
04/11/2025 15:25:27,0.13636363636363635
04/11/2025 15:25:27,0.08695652173913043
04/11/2025 15:25:27,0.25
04/11/2025 15:25:28,0.041666666666666664
04/11/2025 15:25:28,0.08695652173913043
04/11/2025 15:25:28,0.25
04/11/2025 15:25:28,0.19047619047619047
04/11/2025 15:25:28,0.19047619047619047
04/11/2025 15:25:28,0.19047619047619047
04/11/2025 15:25:29,0.08695652173913043
04/11/2025 15:25:29,0.08695652173913043
04/11/2025 15:25:29,0.08695652173913043
04/11/2025 15:25:29,0.041666666666666664
04/11/2025 15:25:29,0.13636363636363635
04/11/2025 15:25:29,0.08695652173913043
04/11/2025 15:25:30,0.13636363636363635
04/11/2025 15:25:30,0.19047619047619047
04/11/2025 15:25:30,0.08695652173913043
04/11/2025 15:25:30,0.041666666666666664
04/11/2025 15:25:30,0.13636363636363635
04/11/2025 15:25:30,0.13636363636363635
04/11/2025 15:25:30,0.13636363636363635
04/11/2025 15:25:31,0.19047619047619047
04/11/2025 15:25:31,0.19047619047619047
04/11/2025 15:25:31,0.13636363636363635
04/11/2025 15:25:31,0.25
04/11/2025 15:25:31,0.08695652173913043
04/11/2025 15:25:31,0.08695652173913043
04/11/2025 15:25:32,0.13636363636363635
04/11/2025 15:25:32,0.25
04/11/2025 15:25:32,0.13636363636363635
04/11/2025 15:25:32,0.041666666666666664
04/11/2025 15:25:32,0.19047619047619047
04/11/2025 15:25:32,0.25
04/11/2025 15:25:33,0.13636363636363635
04/11/2025 15:25:33,0.08695652173913043
04/11/2025 15:25:33,0.13636363636363635
04/11/2025 15:25:33,0.13636363636363635
04/11/2025 15:25:33,0.08695652173913043
04/11/2025 15:25:34,0.08695652173913043
04/11/2025 15:25:34,0.47058823529411764
04/11/2025 15:25:34,0.19047619047619047
04/11/2025 15:25:34,0.08695652173913043
04/11/2025 15:25:34,0.08695652173913043
04/11/2025 15:25:34,0.08695652173913043
04/11/2025 15:25:34,0.19047619047619047
04/11/2025 15:25:35,0.08695652173913043
04/11/2025 15:25:35,0.041666666666666664
04/11/2025 15:25:35,0.08695652173913043
04/11/2025 15:25:35,0.041666666666666664
04/11/2025 15:25:35,0.19047619047619047
04/11/2025 15:25:35,0.19047619047619047
04/11/2025 15:25:36,0.08695652173913043
04/11/2025 15:25:36,0.08695652173913043
04/11/2025 15:25:36,0.19047619047619047
04/11/2025 15:25:36,0.19047619047619047
04/11/2025 15:25:36,0.25
04/11/2025 15:25:36,0.13636363636363635
04/11/2025 15:25:37,0.13636363636363635
04/11/2025 15:25:37,0.13636363636363635
04/11/2025 15:25:37,0.19047619047619047
04/11/2025 15:25:37,0.041666666666666664
04/11/2025 15:25:37,0.13636363636363635
04/11/2025 15:25:38,0.041666666666666664
04/11/2025 15:25:38,0.08695652173913043
04/11/2025 15:25:38,0.19047619047619047
04/11/2025 15:25:38,0.19047619047619047
04/11/2025 15:25:38,0.13636363636363635
04/11/2025 15:25:38,0.08695652173913043
04/11/2025 15:25:39,0.25
04/11/2025 15:25:39,0.08695652173913043
04/11/2025 15:25:39,0.13636363636363635
04/11/2025 15:25:39,0.19047619047619047
04/11/2025 15:25:39,0.13636363636363635
04/11/2025 15:25:40,0.13636363636363635
04/11/2025 15:25:40,0.3157894736842105
04/11/2025 15:25:40,0.13636363636363635
04/11/2025 15:25:40,0.19047619047619047
04/11/2025 15:25:40,0.041666666666666664
04/11/2025 15:25:40,0.19047619047619047
04/11/2025 15:25:41,0.08695652173913043
04/11/2025 15:25:41,0.19047619047619047
04/11/2025 15:25:41,0.08695652173913043
04/11/2025 15:25:41,0.13636363636363635
04/11/2025 15:25:41,0.13636363636363635
04/11/2025 15:25:41,0.041666666666666664
04/11/2025 15:25:42,0.19047619047619047
04/11/2025 15:25:42,0.13636363636363635
04/11/2025 15:25:42,0.25
04/11/2025 15:25:42,0.13636363636363635
04/11/2025 15:25:42,0.13636363636363635
04/11/2025 15:25:43,0.041666666666666664
04/11/2025 15:25:43,0.08695652173913043
04/11/2025 15:25:43,0.08695652173913043
04/11/2025 15:25:43,0.19047619047619047
04/11/2025 15:25:43,0.08695652173913043
04/11/2025 15:25:43,0.25
04/11/2025 15:25:44,0.13636363636363635
04/11/2025 15:25:44,0.041666666666666664
04/11/2025 15:25:44,0.25
04/11/2025 15:25:44,0.19047619047619047
04/11/2025 15:25:44,0.3157894736842105
04/11/2025 15:25:44,0.19047619047619047
04/11/2025 15:25:45,0.13636363636363635
04/11/2025 15:25:45,0.13636363636363635
04/11/2025 15:25:45,0.08695652173913043
04/11/2025 15:25:45,0.13636363636363635
04/11/2025 15:25:45,0.13636363636363635
04/11/2025 15:25:45,0.13636363636363635
04/11/2025 15:25:46,0.13636363636363635
04/11/2025 15:25:46,0.13636363636363635
04/11/2025 15:25:46,0.13636363636363635
04/11/2025 15:25:46,0.19047619047619047
04/11/2025 15:25:46,0.13636363636363635
04/11/2025 15:25:46,0.08695652173913043
04/11/2025 15:25:47,0.19047619047619047
04/11/2025 15:25:47,0.25
04/11/2025 15:25:47,0.08695652173913043
04/11/2025 15:25:47,0.19047619047619047
04/11/2025 15:25:47,0.19047619047619047
04/11/2025 15:25:47,0.19047619047619047
04/11/2025 15:25:48,0.13636363636363635
04/11/2025 15:25:48,0.13636363636363635
04/11/2025 15:25:48,0.13636363636363635
04/11/2025 15:25:48,0.041666666666666664
04/11/2025 15:25:48,0.25
04/11/2025 15:25:48,0.08695652173913043
04/11/2025 15:25:49,0.08695652173913043
04/11/2025 15:25:49,0.19047619047619047
04/11/2025 15:25:49,0.13636363636363635
04/11/2025 15:25:49,0.0
04/11/2025 15:25:49,0.08695652173913043
04/11/2025 15:25:49,0.08695652173913043
04/11/2025 15:25:50,0.041666666666666664
04/11/2025 15:25:50,0.08695652173913043
04/11/2025 15:25:50,0.08695652173913043
04/11/2025 15:25:50,0.13636363636363635
04/11/2025 15:25:50,0.13636363636363635
04/11/2025 15:25:50,0.19047619047619047
04/11/2025 15:25:51,0.13636363636363635
04/11/2025 15:25:51,0.13636363636363635
04/11/2025 15:25:51,0.08695652173913043
04/11/2025 15:25:51,0.13636363636363635
04/11/2025 15:25:51,0.19047619047619047
04/11/2025 15:25:51,0.25
04/11/2025 15:25:52,0.08695652173913043
04/11/2025 15:25:52,0.13636363636363635
04/11/2025 15:25:52,0.041666666666666664
04/11/2025 15:25:52,0.08695652173913043
04/11/2025 15:25:52,0.13636363636363635
04/11/2025 15:25:52,0.19047619047619047
04/11/2025 15:25:52,0.25
04/11/2025 15:25:53,0.19047619047619047
04/11/2025 15:25:53,0.13636363636363635
04/11/2025 15:25:53,0.3888888888888889
04/11/2025 15:25:53,0.08695652173913043
04/11/2025 15:25:53,0.19047619047619047
04/11/2025 15:25:53,0.13636363636363635
04/11/2025 15:25:54,0.25
04/11/2025 15:25:54,0.19047619047619047
04/11/2025 15:25:54,0.13636363636363635
04/11/2025 15:25:54,0.19047619047619047
04/11/2025 15:25:54,0.13636363636363635
04/11/2025 15:25:54,0.19047619047619047
04/11/2025 15:25:55,0.25
04/11/2025 15:25:55,0.041666666666666664
04/11/2025 15:25:55,0.19047619047619047
04/11/2025 15:25:55,0.25
04/11/2025 15:25:55,0.13636363636363635
04/11/2025 15:25:55,0.13636363636363635
04/11/2025 15:25:56,0.13636363636363635
04/11/2025 15:25:56,0.08695652173913043
04/11/2025 15:25:56,0.13636363636363635
04/11/2025 15:25:56,0.13636363636363635
04/11/2025 15:25:56,0.19047619047619047
04/11/2025 15:25:56,0.08695652173913043
04/11/2025 15:25:57,0.08695652173913043
04/11/2025 15:25:57,0.19047619047619047
04/11/2025 15:25:57,0.041666666666666664
04/11/2025 15:25:57,0.13636363636363635
04/11/2025 15:25:57,0.08695652173913043
04/11/2025 15:25:57,0.08695652173913043
04/11/2025 15:25:58,0.041666666666666664
04/11/2025 15:25:58,0.13636363636363635
04/11/2025 15:25:58,0.3157894736842105
04/11/2025 15:25:58,0.13636363636363635
04/11/2025 15:25:58,0.08695652173913043
04/11/2025 15:25:58,0.19047619047619047
04/11/2025 15:25:59,0.19047619047619047
04/11/2025 15:25:59,0.13636363636363635
04/11/2025 15:25:59,0.13636363636363635
04/11/2025 15:25:59,0.13636363636363635
04/11/2025 15:25:59,0.3157894736842105
04/11/2025 15:25:59,0.13636363636363635
04/11/2025 15:26:00,0.08695652173913043
04/11/2025 15:26:00,0.19047619047619047
04/11/2025 15:26:00,0.13636363636363635
04/11/2025 15:26:00,0.13636363636363635
04/11/2025 15:26:00,0.19047619047619047
04/11/2025 15:26:00,0.08695652173913043
04/11/2025 15:26:00,0.13636363636363635
04/11/2025 15:26:01,0.25
04/11/2025 15:26:01,0.19047619047619047
04/11/2025 15:26:01,0.25
04/11/2025 15:26:01,0.3157894736842105
04/11/2025 15:26:01,0.08695652173913043
04/11/2025 15:26:01,0.25
04/11/2025 15:26:02,0.19047619047619047
04/11/2025 15:26:02,0.08695652173913043
04/11/2025 15:26:02,0.13636363636363635
04/11/2025 15:26:02,0.08695652173913043
04/11/2025 15:26:02,0.13636363636363635
04/11/2025 15:26:02,0.19047619047619047
04/11/2025 15:26:03,0.13636363636363635
04/11/2025 15:26:03,0.13636363636363635
04/11/2025 15:26:03,0.041666666666666664
04/11/2025 15:26:03,0.19047619047619047
04/11/2025 15:26:03,0.19047619047619047
04/11/2025 15:26:03,0.19047619047619047
04/11/2025 15:26:04,0.041666666666666664
04/11/2025 15:26:04,0.13636363636363635
04/11/2025 15:26:04,0.08695652173913043
04/11/2025 15:26:04,0.19047619047619047
04/11/2025 15:26:04,0.0
04/11/2025 15:26:05,0.13636363636363635
04/11/2025 15:26:05,0.25
04/11/2025 15:26:05,0.19047619047619047
04/11/2025 15:26:05,0.08695652173913043
04/11/2025 15:26:05,0.13636363636363635
04/11/2025 15:26:05,0.08695652173913043
04/11/2025 15:26:06,0.08695652173913043
04/11/2025 15:26:06,0.13636363636363635
04/11/2025 15:26:06,0.19047619047619047
04/11/2025 15:26:06,0.19047619047619047
04/11/2025 15:26:06,0.13636363636363635
04/11/2025 15:26:06,0.13636363636363635
04/11/2025 15:26:06,0.08695652173913043
04/11/2025 15:26:07,0.25
04/11/2025 15:26:07,0.0
04/11/2025 15:26:07,0.19047619047619047
04/11/2025 15:26:07,0.041666666666666664
04/11/2025 15:26:07,0.08695652173913043
04/11/2025 15:26:07,0.19047619047619047
04/11/2025 15:26:08,0.19047619047619047
04/11/2025 15:26:08,0.041666666666666664
04/11/2025 15:26:08,0.08695652173913043
04/11/2025 15:26:08,0.19047619047619047
04/11/2025 15:26:08,0.0
04/11/2025 15:26:08,0.08695652173913043
04/11/2025 15:26:09,0.041666666666666664
04/11/2025 15:26:09,0.08695652173913043
04/11/2025 15:26:09,0.19047619047619047
04/11/2025 15:26:09,0.13636363636363635
04/11/2025 15:26:09,0.08695652173913043
04/11/2025 15:26:09,0.13636363636363635
04/11/2025 15:26:10,0.13636363636363635
04/11/2025 15:26:10,0.041666666666666664
04/11/2025 15:26:10,0.19047619047619047
04/11/2025 15:26:10,0.19047619047619047
04/11/2025 15:26:10,0.25
04/11/2025 15:26:10,0.08695652173913043
04/11/2025 15:26:11,0.08695652173913043
04/11/2025 15:26:11,0.25
04/11/2025 15:26:11,0.0
04/11/2025 15:26:11,0.08695652173913043
04/11/2025 15:26:11,0.041666666666666664
04/11/2025 15:26:11,0.25
04/11/2025 15:26:12,0.13636363636363635
04/11/2025 15:26:12,0.25
04/11/2025 15:26:12,0.13636363636363635
04/11/2025 15:26:12,0.25
04/11/2025 15:26:12,0.13636363636363635
04/11/2025 15:26:12,0.0
04/11/2025 15:26:13,0.041666666666666664
04/11/2025 15:26:13,0.13636363636363635
04/11/2025 15:26:13,0.19047619047619047
04/11/2025 15:26:13,0.25
04/11/2025 15:26:13,0.19047619047619047
04/11/2025 15:26:13,0.041666666666666664
04/11/2025 15:26:14,0.25
04/11/2025 15:26:14,0.19047619047619047
04/11/2025 15:26:14,0.19047619047619047
04/11/2025 15:26:14,0.08695652173913043
04/11/2025 15:26:14,0.13636363636363635
04/11/2025 15:26:15,0.19047619047619047
04/11/2025 15:26:15,0.13636363636363635
04/11/2025 15:26:15,0.19047619047619047
04/11/2025 15:26:15,0.041666666666666664
04/11/2025 15:26:15,0.08695652173913043
04/11/2025 15:26:15,0.13636363636363635
04/11/2025 15:26:15,0.041666666666666664
04/11/2025 15:26:16,0.041666666666666664
04/11/2025 15:26:16,0.08695652173913043
04/11/2025 15:26:16,0.13636363636363635
04/11/2025 15:26:16,0.13636363636363635
04/11/2025 15:26:16,0.0
04/11/2025 15:26:16,0.25
04/11/2025 15:26:17,0.19047619047619047
04/11/2025 15:26:17,0.3157894736842105
04/11/2025 15:26:17,0.19047619047619047
04/11/2025 15:26:17,0.13636363636363635
04/11/2025 15:26:17,0.13636363636363635
04/11/2025 15:26:17,0.13636363636363635
04/11/2025 15:26:18,0.19047619047619047
04/11/2025 15:26:18,0.08695652173913043
04/11/2025 15:26:18,0.041666666666666664
04/11/2025 15:26:18,0.19047619047619047
04/11/2025 15:26:18,0.19047619047619047
04/11/2025 15:26:18,0.19047619047619047
04/11/2025 15:26:19,0.08695652173913043
04/11/2025 15:26:19,0.08695652173913043
04/11/2025 15:26:19,0.08695652173913043
04/11/2025 15:26:19,0.08695652173913043
04/11/2025 15:26:19,0.25
04/11/2025 15:26:19,0.19047619047619047
04/11/2025 15:26:20,0.13636363636363635
04/11/2025 15:26:20,0.13636363636363635
04/11/2025 15:26:20,0.19047619047619047
04/11/2025 15:26:20,0.041666666666666664
04/11/2025 15:26:20,0.08695652173913043
04/11/2025 15:26:21,0.19047619047619047
04/11/2025 15:26:21,0.08695652173913043
04/11/2025 15:26:21,0.19047619047619047
04/11/2025 15:26:21,0.19047619047619047
04/11/2025 15:26:21,0.041666666666666664
04/11/2025 15:26:21,0.13636363636363635
04/11/2025 15:26:22,0.08695652173913043
04/11/2025 15:26:22,0.08695652173913043
04/11/2025 15:26:22,0.13636363636363635
04/11/2025 15:26:22,0.3157894736842105
04/11/2025 15:26:22,0.041666666666666664
04/11/2025 15:26:22,0.19047619047619047
04/11/2025 15:26:23,0.19047619047619047
04/11/2025 15:26:23,0.25
04/11/2025 15:26:23,0.041666666666666664
04/11/2025 15:26:23,0.041666666666666664
04/11/2025 15:26:23,0.13636363636363635
04/11/2025 15:26:23,0.08695652173913043
04/11/2025 15:26:24,0.13636363636363635
04/11/2025 15:26:24,0.08695652173913043
04/11/2025 15:26:24,0.3157894736842105
04/11/2025 15:26:24,0.19047619047619047
04/11/2025 15:26:24,0.13636363636363635
04/11/2025 15:26:24,0.13636363636363635
04/11/2025 15:26:25,0.08695652173913043
04/11/2025 15:26:25,0.08695652173913043
04/11/2025 15:26:25,0.13636363636363635
04/11/2025 15:26:25,0.19047619047619047
04/11/2025 15:26:25,0.08695652173913043
04/11/2025 15:26:25,0.041666666666666664
04/11/2025 15:26:26,0.25
04/11/2025 15:26:26,0.25
04/11/2025 15:26:26,0.08695652173913043
04/11/2025 15:26:26,0.13636363636363635
04/11/2025 15:26:27,0.25
04/11/2025 15:26:27,0.13636363636363635
04/11/2025 15:26:27,0.25
04/11/2025 15:26:27,0.13636363636363635
04/11/2025 15:26:27,0.19047619047619047
04/11/2025 15:26:28,0.0
04/11/2025 15:26:28,0.08695652173913043
04/11/2025 15:26:28,0.13636363636363635
04/11/2025 15:26:28,0.13636363636363635
04/11/2025 15:26:28,0.13636363636363635
04/11/2025 15:26:29,0.13636363636363635
04/11/2025 15:26:29,0.08695652173913043
04/11/2025 15:26:29,0.041666666666666664
04/11/2025 15:26:29,0.08695652173913043
04/11/2025 15:26:29,0.041666666666666664
04/11/2025 15:26:29,0.19047619047619047
04/11/2025 15:26:30,0.19047619047619047
04/11/2025 15:26:30,0.08695652173913043
04/11/2025 15:26:30,0.25
04/11/2025 15:26:30,0.13636363636363635
04/11/2025 15:26:30,0.3157894736842105
04/11/2025 15:26:30,0.13636363636363635
04/11/2025 15:26:31,0.08695652173913043
04/11/2025 15:26:31,0.0
04/11/2025 15:26:31,0.3157894736842105
04/11/2025 15:26:31,0.13636363636363635
04/11/2025 15:26:31,0.13636363636363635
04/11/2025 15:26:31,0.13636363636363635
04/11/2025 15:26:32,0.08695652173913043
04/11/2025 15:26:32,0.08695652173913043
04/11/2025 15:26:32,0.13636363636363635
04/11/2025 15:26:32,0.25
04/11/2025 15:26:32,0.3157894736842105
04/11/2025 15:26:32,0.25
04/11/2025 15:26:33,0.19047619047619047
04/11/2025 15:26:33,0.13636363636363635
04/11/2025 15:26:33,0.19047619047619047
04/11/2025 15:26:33,0.19047619047619047
04/11/2025 15:26:33,0.041666666666666664
04/11/2025 15:26:33,0.13636363636363635
04/11/2025 15:26:34,0.25
04/11/2025 15:26:34,0.08695652173913043
04/11/2025 15:26:34,0.25
04/11/2025 15:26:34,0.13636363636363635
04/11/2025 15:26:34,0.25
04/11/2025 15:26:35,0.13636363636363635
04/11/2025 15:26:35,0.0
04/11/2025 15:26:35,0.25
04/11/2025 15:26:35,0.041666666666666664
04/11/2025 15:26:35,0.13636363636363635
04/11/2025 15:26:35,0.13636363636363635
04/11/2025 15:26:36,0.19047619047619047
04/11/2025 15:26:36,0.13636363636363635
04/11/2025 15:26:36,0.25
04/11/2025 15:26:36,0.25
04/11/2025 15:26:36,0.13636363636363635
04/11/2025 15:26:36,0.13636363636363635
04/11/2025 15:26:37,0.08695652173913043
04/11/2025 15:26:37,0.3888888888888889
04/11/2025 15:26:37,0.25
04/11/2025 15:26:37,0.13636363636363635
04/11/2025 15:26:37,0.041666666666666664
04/11/2025 15:26:37,0.041666666666666664
04/11/2025 15:26:38,0.19047619047619047
04/11/2025 15:26:38,0.08695652173913043
04/11/2025 15:26:38,0.041666666666666664
04/11/2025 15:26:38,0.13636363636363635
04/11/2025 15:26:38,0.13636363636363635
04/11/2025 15:26:39,0.13636363636363635
04/11/2025 15:26:39,0.13636363636363635
04/11/2025 15:26:39,0.25
04/11/2025 15:26:39,0.08695652173913043
04/11/2025 15:26:39,0.08695652173913043
04/11/2025 15:26:39,0.08695652173913043
04/11/2025 15:26:40,0.13636363636363635
04/11/2025 15:26:40,0.13636363636363635
04/11/2025 15:26:40,0.08695652173913043
04/11/2025 15:26:40,0.08695652173913043
04/11/2025 15:26:40,0.13636363636363635
04/11/2025 15:26:41,0.19047619047619047
04/11/2025 15:26:41,0.08695652173913043
04/11/2025 15:26:41,0.25
04/11/2025 15:26:41,0.08695652173913043
04/11/2025 15:26:41,0.13636363636363635
04/11/2025 15:26:41,0.041666666666666664
04/11/2025 15:26:41,0.08695652173913043
04/11/2025 15:26:42,0.13636363636363635
04/11/2025 15:26:42,0.19047619047619047
04/11/2025 15:26:42,0.19047619047619047
04/11/2025 15:26:42,0.08695652173913043
04/11/2025 15:26:42,0.25
04/11/2025 15:26:43,0.041666666666666664
04/11/2025 15:26:43,0.13636363636363635
04/11/2025 15:26:43,0.08695652173913043
04/11/2025 15:26:43,0.13636363636363635
04/11/2025 15:26:43,0.19047619047619047
04/11/2025 15:26:44,0.19047619047619047
04/11/2025 15:26:44,0.13636363636363635
04/11/2025 15:26:44,0.08695652173913043
04/11/2025 15:26:44,0.08695652173913043
04/11/2025 15:26:44,0.041666666666666664
04/11/2025 15:26:45,0.13636363636363635
04/11/2025 15:26:45,0.041666666666666664
04/11/2025 15:26:45,0.13636363636363635
04/11/2025 15:26:45,0.13636363636363635
04/11/2025 15:26:45,0.19047619047619047
04/11/2025 15:26:45,0.08695652173913043
04/11/2025 15:26:46,0.19047619047619047
04/11/2025 15:26:46,0.13636363636363635
04/11/2025 15:26:46,0.19047619047619047
04/11/2025 15:26:46,0.13636363636363635
04/11/2025 15:26:46,0.08695652173913043
04/11/2025 15:26:47,0.08695652173913043
04/11/2025 15:26:47,0.041666666666666664
04/11/2025 15:26:47,0.19047619047619047
04/11/2025 15:26:47,0.0
04/11/2025 15:26:48,0.041666666666666664
04/11/2025 15:26:48,0.19047619047619047
04/11/2025 15:26:48,0.041666666666666664
04/11/2025 15:26:48,0.08695652173913043
04/11/2025 15:26:48,0.13636363636363635
04/11/2025 15:26:48,0.19047619047619047
04/11/2025 15:26:48,0.08695652173913043
04/11/2025 15:26:49,0.13636363636363635
04/11/2025 15:26:49,0.13636363636363635
04/11/2025 15:26:49,0.13636363636363635
04/11/2025 15:26:49,0.25
04/11/2025 15:26:49,0.25
04/11/2025 15:26:49,0.08695652173913043
04/11/2025 15:26:50,0.19047619047619047
04/11/2025 15:26:50,0.08695652173913043
04/11/2025 15:26:50,0.13636363636363635
04/11/2025 15:26:50,0.041666666666666664
04/11/2025 15:26:50,0.3157894736842105
04/11/2025 15:26:50,0.19047619047619047
04/11/2025 15:26:51,0.041666666666666664
04/11/2025 15:26:51,0.25
04/11/2025 15:26:51,0.13636363636363635
04/11/2025 15:26:51,0.13636363636363635
04/11/2025 15:26:52,0.08695652173913043
04/11/2025 15:26:52,0.13636363636363635
04/11/2025 15:26:52,0.19047619047619047
04/11/2025 15:26:52,0.3157894736842105
04/11/2025 15:26:52,0.13636363636363635
04/11/2025 15:26:52,0.3157894736842105
04/11/2025 15:26:53,0.19047619047619047
04/11/2025 15:26:53,0.08695652173913043
04/11/2025 15:26:53,0.13636363636363635
04/11/2025 15:26:53,0.19047619047619047
04/11/2025 15:26:53,0.13636363636363635
04/11/2025 15:26:53,0.13636363636363635
04/11/2025 15:26:54,0.041666666666666664
04/11/2025 15:26:54,0.13636363636363635
04/11/2025 15:26:54,0.13636363636363635
04/11/2025 15:26:54,0.19047619047619047
04/11/2025 15:26:54,0.13636363636363635
04/11/2025 15:26:54,0.08695652173913043
04/11/2025 15:26:55,0.08695652173913043
04/11/2025 15:26:55,0.19047619047619047
04/11/2025 15:26:55,0.13636363636363635
04/11/2025 15:26:55,0.08695652173913043
04/11/2025 15:26:55,0.19047619047619047
04/11/2025 15:26:55,0.08695652173913043
04/11/2025 15:26:56,0.19047619047619047
04/11/2025 15:26:56,0.19047619047619047
04/11/2025 15:26:56,0.25
04/11/2025 15:26:56,0.19047619047619047
04/11/2025 15:26:56,0.08695652173913043
04/11/2025 15:26:56,0.3157894736842105
04/11/2025 15:26:57,0.3157894736842105
04/11/2025 15:26:57,0.08695652173913043
04/11/2025 15:26:57,0.0
04/11/2025 15:26:57,0.041666666666666664
04/11/2025 15:26:57,0.25
04/11/2025 15:26:57,0.19047619047619047
04/11/2025 15:26:58,0.041666666666666664
04/11/2025 15:26:58,0.08695652173913043
04/11/2025 15:26:58,0.19047619047619047
04/11/2025 15:26:58,0.19047619047619047
04/11/2025 15:26:58,0.08695652173913043
04/11/2025 15:26:59,0.08695652173913043
04/11/2025 15:26:59,0.25
04/11/2025 15:26:59,0.13636363636363635
04/11/2025 15:26:59,0.13636363636363635
04/11/2025 15:26:59,0.08695652173913043
04/11/2025 15:26:59,0.041666666666666664
04/11/2025 15:27:00,0.19047619047619047
04/11/2025 15:27:00,0.041666666666666664
04/11/2025 15:27:00,0.08695652173913043
04/11/2025 15:27:00,0.3888888888888889
04/11/2025 15:27:00,0.19047619047619047
04/11/2025 15:27:00,0.19047619047619047
04/11/2025 15:27:01,0.25
04/11/2025 15:27:01,0.13636363636363635
04/11/2025 15:27:01,0.08695652173913043
04/11/2025 15:27:01,0.13636363636363635
04/11/2025 15:27:01,0.041666666666666664
04/11/2025 15:27:01,0.13636363636363635
04/11/2025 15:27:02,0.19047619047619047
04/11/2025 15:27:02,0.13636363636363635
04/11/2025 15:27:02,0.08695652173913043
04/11/2025 15:27:02,0.19047619047619047
04/11/2025 15:27:02,0.13636363636363635
04/11/2025 15:27:02,0.08695652173913043
04/11/2025 15:27:03,0.19047619047619047
04/11/2025 15:27:03,0.19047619047619047
04/11/2025 15:27:03,0.19047619047619047
04/11/2025 15:27:03,0.25
04/11/2025 15:27:03,0.13636363636363635
04/11/2025 15:27:03,0.13636363636363635
04/11/2025 15:27:03,0.08695652173913043
04/11/2025 15:27:04,0.08695652173913043
04/11/2025 15:27:04,0.08695652173913043
04/11/2025 15:27:04,0.13636363636363635
04/11/2025 15:27:04,0.08695652173913043
04/11/2025 15:27:04,0.19047619047619047
04/11/2025 15:27:04,0.25
04/11/2025 15:27:05,0.041666666666666664
04/11/2025 15:27:05,0.0
04/11/2025 15:27:05,0.19047619047619047
04/11/2025 15:27:05,0.19047619047619047
04/11/2025 15:27:05,0.19047619047619047
04/11/2025 15:27:05,0.13636363636363635
04/11/2025 15:27:06,0.041666666666666664
04/11/2025 15:27:06,0.08695652173913043
04/11/2025 15:27:06,0.13636363636363635
04/11/2025 15:27:06,0.19047619047619047
04/11/2025 15:27:06,0.13636363636363635
04/11/2025 15:27:06,0.13636363636363635
04/11/2025 15:27:07,0.13636363636363635
04/11/2025 15:27:07,0.08695652173913043
04/11/2025 15:27:07,0.19047619047619047
04/11/2025 15:27:07,0.19047619047619047
04/11/2025 15:27:07,0.19047619047619047
04/11/2025 15:27:07,0.19047619047619047
04/11/2025 15:27:08,0.25
04/11/2025 15:27:08,0.19047619047619047
04/11/2025 15:27:08,0.08695652173913043
04/11/2025 15:27:08,0.25
04/11/2025 15:27:08,0.19047619047619047
04/11/2025 15:27:08,0.13636363636363635
04/11/2025 15:27:08,0.0
04/11/2025 15:27:09,0.13636363636363635
04/11/2025 15:27:09,0.08695652173913043
04/11/2025 15:27:09,0.13636363636363635
04/11/2025 15:27:09,0.13636363636363635
04/11/2025 15:27:09,0.19047619047619047
04/11/2025 15:27:09,0.13636363636363635
04/11/2025 15:27:10,0.19047619047619047
04/11/2025 15:27:10,0.13636363636363635
04/11/2025 15:27:10,0.13636363636363635
04/11/2025 15:27:10,0.19047619047619047
04/11/2025 15:27:10,0.08695652173913043
04/11/2025 15:27:10,0.13636363636363635
04/11/2025 15:27:11,0.13636363636363635
04/11/2025 15:27:11,0.08695652173913043
04/11/2025 15:27:11,0.19047619047619047
04/11/2025 15:27:11,0.19047619047619047
04/11/2025 15:27:11,0.08695652173913043
04/11/2025 15:27:11,0.19047619047619047
04/11/2025 15:27:12,0.08695652173913043
04/11/2025 15:27:12,0.08695652173913043
04/11/2025 15:27:12,0.08695652173913043
04/11/2025 15:27:12,0.13636363636363635
04/11/2025 15:27:12,0.13636363636363635
04/11/2025 15:27:13,0.13636363636363635
04/11/2025 15:27:13,0.13636363636363635
04/11/2025 15:27:13,0.13636363636363635
04/11/2025 15:27:13,0.19047619047619047
04/11/2025 15:27:13,0.08695652173913043
04/11/2025 15:27:13,0.08695652173913043
04/11/2025 15:27:14,0.08695652173913043
04/11/2025 15:27:14,0.19047619047619047
04/11/2025 15:27:14,0.13636363636363635
04/11/2025 15:27:14,0.13636363636363635
04/11/2025 15:27:14,0.08695652173913043
04/11/2025 15:27:14,0.08695652173913043
04/11/2025 15:27:15,0.13636363636363635
04/11/2025 15:27:15,0.19047619047619047
04/11/2025 15:27:15,0.25
04/11/2025 15:27:15,0.19047619047619047
04/11/2025 15:27:15,0.13636363636363635
04/11/2025 15:27:15,0.041666666666666664
04/11/2025 15:27:16,0.08695652173913043
04/11/2025 15:27:16,0.19047619047619047
04/11/2025 15:27:16,0.13636363636363635
04/11/2025 15:27:16,0.13636363636363635
04/11/2025 15:27:16,0.08695652173913043
04/11/2025 15:27:16,0.08695652173913043
04/11/2025 15:27:17,0.041666666666666664
04/11/2025 15:27:17,0.13636363636363635
04/11/2025 15:27:17,0.08695652173913043
04/11/2025 15:27:17,0.08695652173913043
04/11/2025 15:27:17,0.0
04/11/2025 15:27:17,0.25
04/11/2025 15:27:18,0.19047619047619047
04/11/2025 15:27:18,0.19047619047619047
04/11/2025 15:27:18,0.13636363636363635
04/11/2025 15:27:18,0.19047619047619047
04/11/2025 15:27:18,0.08695652173913043
04/11/2025 15:27:18,0.08695652173913043
04/11/2025 15:27:18,0.0
04/11/2025 15:27:19,0.13636363636363635
04/11/2025 15:27:19,0.19047619047619047
04/11/2025 15:27:19,0.13636363636363635
04/11/2025 15:27:19,0.08695652173913043
04/11/2025 15:27:19,0.041666666666666664
04/11/2025 15:27:19,0.08695652173913043
04/11/2025 15:27:20,0.041666666666666664
04/11/2025 15:27:20,0.13636363636363635
04/11/2025 15:27:20,0.19047619047619047
04/11/2025 15:27:20,0.19047619047619047
04/11/2025 15:27:20,0.0
04/11/2025 15:27:20,0.041666666666666664
04/11/2025 15:27:21,0.08695652173913043
04/11/2025 15:27:21,0.08695652173913043
04/11/2025 15:27:21,0.19047619047619047
04/11/2025 15:27:21,0.25
04/11/2025 15:27:21,0.3157894736842105
04/11/2025 15:27:21,0.13636363636363635
04/11/2025 15:27:22,0.13636363636363635
04/11/2025 15:27:22,0.19047619047619047
04/11/2025 15:27:22,0.041666666666666664
04/11/2025 15:27:22,0.25
04/11/2025 15:27:22,0.19047619047619047
04/11/2025 15:27:22,0.041666666666666664
04/11/2025 15:27:23,0.041666666666666664
04/11/2025 15:27:23,0.25
04/11/2025 15:27:23,0.19047619047619047
04/11/2025 15:27:23,0.13636363636363635
04/11/2025 15:27:23,0.13636363636363635
04/11/2025 15:27:23,0.13636363636363635
04/11/2025 15:27:24,0.13636363636363635
04/11/2025 15:27:24,0.19047619047619047
04/11/2025 15:27:24,0.13636363636363635
04/11/2025 15:27:24,0.19047619047619047
04/11/2025 15:27:24,0.08695652173913043
04/11/2025 15:27:24,0.19047619047619047
04/11/2025 15:27:25,0.0
04/11/2025 15:27:25,0.25
04/11/2025 15:27:25,0.13636363636363635
04/11/2025 15:27:25,0.19047619047619047
04/11/2025 15:27:25,0.19047619047619047
04/11/2025 15:27:25,0.041666666666666664
04/11/2025 15:27:26,0.25
04/11/2025 15:27:26,0.13636363636363635
04/11/2025 15:27:26,0.19047619047619047
04/11/2025 15:27:26,0.041666666666666664
04/11/2025 15:27:26,0.13636363636363635
04/11/2025 15:27:26,0.13636363636363635
04/11/2025 15:27:27,0.13636363636363635
04/11/2025 15:27:27,0.19047619047619047
04/11/2025 15:27:27,0.13636363636363635
04/11/2025 15:27:27,0.08695652173913043
04/11/2025 15:27:27,0.08695652173913043
04/11/2025 15:27:27,0.08695652173913043
04/11/2025 15:27:28,0.25
04/11/2025 15:27:28,0.08695652173913043
04/11/2025 15:27:28,0.13636363636363635
04/11/2025 15:27:28,0.13636363636363635
04/11/2025 15:27:28,0.3157894736842105
04/11/2025 15:27:28,0.041666666666666664
04/11/2025 15:27:29,0.19047619047619047
04/11/2025 15:27:29,0.041666666666666664
04/11/2025 15:27:29,0.19047619047619047
04/11/2025 15:27:29,0.25
04/11/2025 15:27:29,0.08695652173913043
04/11/2025 15:27:29,0.19047619047619047
04/11/2025 15:27:30,0.13636363636363635
04/11/2025 15:27:30,0.041666666666666664
04/11/2025 15:27:30,0.08695652173913043
04/11/2025 15:27:30,0.041666666666666664
04/11/2025 15:27:30,0.3157894736842105
04/11/2025 15:27:30,0.041666666666666664
04/11/2025 15:27:31,0.0
04/11/2025 15:27:31,0.041666666666666664
04/11/2025 15:27:31,0.041666666666666664
04/11/2025 15:27:31,0.25
04/11/2025 15:27:31,0.041666666666666664
04/11/2025 15:27:31,0.13636363636363635
04/11/2025 15:27:32,0.13636363636363635
04/11/2025 15:27:32,0.3157894736842105
04/11/2025 15:27:32,0.13636363636363635
04/11/2025 15:27:32,0.19047619047619047
04/11/2025 15:27:32,0.13636363636363635
04/11/2025 15:27:33,0.3157894736842105
04/11/2025 15:27:33,0.13636363636363635
04/11/2025 15:27:33,0.0
04/11/2025 15:27:33,0.13636363636363635
04/11/2025 15:27:33,0.13636363636363635
04/11/2025 15:27:33,0.19047619047619047
04/11/2025 15:27:33,0.25
04/11/2025 15:27:34,0.19047619047619047
04/11/2025 15:27:34,0.19047619047619047
04/11/2025 15:27:34,0.13636363636363635
04/11/2025 15:27:34,0.3157894736842105
04/11/2025 15:27:34,0.3157894736842105
04/11/2025 15:27:34,0.19047619047619047
04/11/2025 15:27:35,0.19047619047619047
04/11/2025 15:27:35,0.08695652173913043
04/11/2025 15:27:35,0.13636363636363635
04/11/2025 15:27:35,0.13636363636363635
04/11/2025 15:27:35,0.13636363636363635
04/11/2025 15:27:35,0.19047619047619047
04/11/2025 15:27:36,0.08695652173913043
04/11/2025 15:27:36,0.13636363636363635
04/11/2025 15:27:36,0.19047619047619047
04/11/2025 15:27:36,0.19047619047619047
04/11/2025 15:27:36,0.13636363636363635
04/11/2025 15:27:36,0.25
04/11/2025 15:27:37,0.13636363636363635
04/11/2025 15:27:37,0.13636363636363635
04/11/2025 15:27:37,0.19047619047619047
04/11/2025 15:27:37,0.13636363636363635
04/11/2025 15:27:37,0.08695652173913043
04/11/2025 15:27:37,0.19047619047619047
04/11/2025 15:27:38,0.08695652173913043
04/11/2025 15:27:38,0.19047619047619047
04/11/2025 15:27:38,0.041666666666666664
04/11/2025 15:27:38,0.08695652173913043
04/11/2025 15:27:38,0.19047619047619047
04/11/2025 15:27:38,0.25
04/11/2025 15:27:39,0.19047619047619047
04/11/2025 15:27:39,0.25
04/11/2025 15:27:39,0.13636363636363635
04/11/2025 15:27:39,0.0
04/11/2025 15:27:39,0.13636363636363635
04/11/2025 15:27:39,0.19047619047619047
04/11/2025 15:27:40,0.08695652173913043
04/11/2025 15:27:40,0.08695652173913043
04/11/2025 15:27:40,0.08695652173913043
04/11/2025 15:27:40,0.19047619047619047
04/11/2025 15:27:40,0.08695652173913043
04/11/2025 15:27:41,0.13636363636363635
04/11/2025 15:27:41,0.13636363636363635
04/11/2025 15:27:41,0.19047619047619047
04/11/2025 15:27:41,0.13636363636363635
04/11/2025 15:27:41,0.08695652173913043
04/11/2025 15:27:41,0.08695652173913043
04/11/2025 15:27:42,0.13636363636363635
04/11/2025 15:27:42,0.19047619047619047
04/11/2025 15:27:42,0.13636363636363635
04/11/2025 15:27:42,0.19047619047619047
04/11/2025 15:27:42,0.3157894736842105
04/11/2025 15:27:42,0.08695652173913043
04/11/2025 15:27:43,0.25
04/11/2025 15:27:43,0.08695652173913043
04/11/2025 15:27:43,0.19047619047619047
04/11/2025 15:27:43,0.0
04/11/2025 15:27:43,0.041666666666666664
04/11/2025 15:27:44,0.19047619047619047
04/11/2025 15:27:44,0.041666666666666664
04/11/2025 15:27:44,0.08695652173913043
04/11/2025 15:27:44,0.25
04/11/2025 15:27:44,0.0
04/11/2025 15:27:45,0.3157894736842105
04/11/2025 15:27:45,0.13636363636363635
04/11/2025 15:27:45,0.25
04/11/2025 15:27:45,0.13636363636363635
04/11/2025 15:27:45,0.19047619047619047
04/11/2025 15:27:45,0.19047619047619047
04/11/2025 15:27:45,0.13636363636363635
04/11/2025 15:27:46,0.19047619047619047
04/11/2025 15:27:46,0.19047619047619047
04/11/2025 15:27:46,0.13636363636363635
04/11/2025 15:27:46,0.25
04/11/2025 15:27:46,0.041666666666666664
04/11/2025 15:27:46,0.0
04/11/2025 15:27:47,0.08695652173913043
04/11/2025 15:27:47,0.0
04/11/2025 15:27:47,0.041666666666666664
04/11/2025 15:27:47,0.19047619047619047
04/11/2025 15:27:48,0.3157894736842105
04/11/2025 15:27:48,0.19047619047619047
04/11/2025 15:27:48,0.13636363636363635
04/11/2025 15:27:48,0.08695652173913043
04/11/2025 15:27:48,0.041666666666666664
04/11/2025 15:27:48,0.25
04/11/2025 15:27:49,0.08695652173913043
04/11/2025 15:27:49,0.08695652173913043
04/11/2025 15:27:49,0.13636363636363635
04/11/2025 15:27:49,0.0
04/11/2025 15:27:50,0.13636363636363635
04/11/2025 15:27:50,0.13636363636363635
04/11/2025 15:27:50,0.13636363636363635
04/11/2025 15:27:50,0.19047619047619047
04/11/2025 15:27:50,0.25
04/11/2025 15:27:50,0.19047619047619047
04/11/2025 15:27:51,0.19047619047619047
04/11/2025 15:27:51,0.041666666666666664
04/11/2025 15:27:51,0.13636363636363635
04/11/2025 15:27:51,0.19047619047619047
04/11/2025 15:27:51,0.25
04/11/2025 15:27:51,0.13636363636363635
04/11/2025 15:27:52,0.08695652173913043
04/11/2025 15:27:52,0.13636363636363635
04/11/2025 15:27:52,0.13636363636363635
04/11/2025 15:27:52,0.13636363636363635
04/11/2025 15:27:52,0.13636363636363635
04/11/2025 15:27:52,0.08695652173913043
04/11/2025 15:27:53,0.13636363636363635
04/11/2025 15:27:53,0.041666666666666664
04/11/2025 15:27:53,0.13636363636363635
04/11/2025 15:27:53,0.13636363636363635
04/11/2025 15:27:53,0.19047619047619047
04/11/2025 15:27:53,0.08695652173913043
04/11/2025 15:27:54,0.041666666666666664
04/11/2025 15:27:54,0.08695652173913043
04/11/2025 15:27:54,0.25
04/11/2025 15:27:54,0.19047619047619047
04/11/2025 15:27:54,0.08695652173913043
04/11/2025 15:27:54,0.3157894736842105
04/11/2025 15:27:55,0.19047619047619047
04/11/2025 15:27:55,0.13636363636363635
04/11/2025 15:27:55,0.19047619047619047
04/11/2025 15:27:55,0.08695652173913043
04/11/2025 15:27:55,0.19047619047619047
04/11/2025 15:27:55,0.08695652173913043
04/11/2025 15:27:56,0.19047619047619047
04/11/2025 15:27:56,0.13636363636363635
04/11/2025 15:27:56,0.13636363636363635
04/11/2025 15:27:56,0.13636363636363635
04/11/2025 15:27:56,0.08695652173913043
04/11/2025 15:27:56,0.19047619047619047
04/11/2025 15:27:56,0.25
04/11/2025 15:27:57,0.19047619047619047
04/11/2025 15:27:57,0.13636363636363635
04/11/2025 15:27:57,0.25
04/11/2025 15:27:57,0.08695652173913043
04/11/2025 15:27:57,0.13636363636363635
04/11/2025 15:27:57,0.08695652173913043
04/11/2025 15:27:58,0.19047619047619047
04/11/2025 15:27:58,0.08695652173913043
04/11/2025 15:27:58,0.19047619047619047
04/11/2025 15:27:58,0.19047619047619047
04/11/2025 15:27:58,0.08695652173913043
04/11/2025 15:27:58,0.13636363636363635
04/11/2025 15:27:59,0.13636363636363635
04/11/2025 15:27:59,0.13636363636363635
04/11/2025 15:27:59,0.041666666666666664
04/11/2025 15:27:59,0.13636363636363635
04/11/2025 15:27:59,0.041666666666666664
04/11/2025 15:27:59,0.08695652173913043
04/11/2025 15:27:59,0.25
04/11/2025 15:28:00,0.13636363636363635
04/11/2025 15:28:00,0.25
04/11/2025 15:28:00,0.08695652173913043
04/11/2025 15:28:00,0.19047619047619047
04/11/2025 15:28:00,0.13636363636363635
04/11/2025 15:28:00,0.19047619047619047
04/11/2025 15:28:01,0.19047619047619047
04/11/2025 15:28:01,0.08695652173913043
04/11/2025 15:28:01,0.13636363636363635
04/11/2025 15:28:01,0.13636363636363635
04/11/2025 15:28:01,0.25
04/11/2025 15:28:01,0.041666666666666664
04/11/2025 15:28:02,0.25
04/11/2025 15:28:02,0.13636363636363635
04/11/2025 15:28:02,0.13636363636363635
04/11/2025 15:28:02,0.19047619047619047
04/11/2025 15:28:02,0.13636363636363635
04/11/2025 15:28:02,0.08695652173913043
04/11/2025 15:28:02,0.13636363636363635
04/11/2025 15:28:03,0.041666666666666664
04/11/2025 15:28:03,0.13636363636363635
04/11/2025 15:28:03,0.19047619047619047
04/11/2025 15:28:03,0.19047619047619047
04/11/2025 15:28:03,0.08695652173913043
04/11/2025 15:28:03,0.08695652173913043
04/11/2025 15:28:04,0.13636363636363635
04/11/2025 15:28:04,0.13636363636363635
04/11/2025 15:28:04,0.13636363636363635
04/11/2025 15:28:04,0.19047619047619047
04/11/2025 15:28:04,0.08695652173913043
04/11/2025 15:28:04,0.08695652173913043
04/11/2025 15:28:05,0.08695652173913043
04/11/2025 15:28:05,0.08695652173913043
04/11/2025 15:28:05,0.25
04/11/2025 15:28:05,0.13636363636363635
04/11/2025 15:28:05,0.13636363636363635
04/11/2025 15:28:05,0.25
04/11/2025 15:28:06,0.13636363636363635
04/11/2025 15:28:06,0.13636363636363635
04/11/2025 15:28:06,0.19047619047619047
04/11/2025 15:28:06,0.13636363636363635
04/11/2025 15:28:06,0.13636363636363635
04/11/2025 15:28:06,0.13636363636363635
04/11/2025 15:28:07,0.19047619047619047
04/11/2025 15:28:07,0.25
04/11/2025 15:28:07,0.08695652173913043
04/11/2025 15:28:07,0.13636363636363635
04/11/2025 15:28:07,0.08695652173913043
04/11/2025 15:28:07,0.0
04/11/2025 15:28:08,0.0
04/11/2025 15:28:08,0.19047619047619047
04/11/2025 15:28:08,0.08695652173913043
04/11/2025 15:28:08,0.13636363636363635
04/11/2025 15:28:08,0.08695652173913043
04/11/2025 15:28:08,0.19047619047619047
04/11/2025 15:28:09,0.13636363636363635
04/11/2025 15:28:09,0.08695652173913043
04/11/2025 15:28:09,0.08695652173913043
04/11/2025 15:28:09,0.13636363636363635
04/11/2025 15:28:09,0.19047619047619047
04/11/2025 15:28:09,0.08695652173913043
04/11/2025 15:28:09,0.19047619047619047
04/11/2025 15:28:10,0.08695652173913043
04/11/2025 15:28:10,0.041666666666666664
04/11/2025 15:28:10,0.08695652173913043
04/11/2025 15:28:10,0.19047619047619047
04/11/2025 15:28:10,0.0
04/11/2025 15:28:10,0.19047619047619047
04/11/2025 15:28:11,0.041666666666666664
04/11/2025 15:28:11,0.19047619047619047
04/11/2025 15:28:11,0.13636363636363635
04/11/2025 15:28:11,0.19047619047619047
04/11/2025 15:28:11,0.19047619047619047
04/11/2025 15:28:11,0.13636363636363635
04/11/2025 15:28:12,0.19047619047619047
04/11/2025 15:28:12,0.19047619047619047
04/11/2025 15:28:12,0.041666666666666664
04/11/2025 15:28:12,0.13636363636363635
04/11/2025 15:28:12,0.13636363636363635
04/11/2025 15:28:12,0.25
04/11/2025 15:28:13,0.041666666666666664
04/11/2025 15:28:13,0.19047619047619047
04/11/2025 15:28:13,0.13636363636363635
04/11/2025 15:28:13,0.13636363636363635
04/11/2025 15:28:13,0.08695652173913043
04/11/2025 15:28:13,0.13636363636363635
04/11/2025 15:28:13,0.08695652173913043
04/11/2025 15:28:14,0.19047619047619047
04/11/2025 15:28:14,0.25
04/11/2025 15:28:14,0.19047619047619047
04/11/2025 15:28:14,0.08695652173913043
04/11/2025 15:28:14,0.25
04/11/2025 15:28:14,0.19047619047619047
04/11/2025 15:28:15,0.13636363636363635
04/11/2025 15:28:15,0.25
04/11/2025 15:28:15,0.0
04/11/2025 15:28:15,0.13636363636363635
04/11/2025 15:28:15,0.13636363636363635
04/11/2025 15:28:15,0.13636363636363635
04/11/2025 15:28:16,0.3888888888888889
04/11/2025 15:28:16,0.0
04/11/2025 15:28:16,0.13636363636363635
04/11/2025 15:28:16,0.19047619047619047
04/11/2025 15:28:16,0.19047619047619047
04/11/2025 15:28:16,0.19047619047619047
04/11/2025 15:28:17,0.19047619047619047
04/11/2025 15:28:17,0.13636363636363635
04/11/2025 15:28:17,0.13636363636363635
04/11/2025 15:28:17,0.08695652173913043
04/11/2025 15:28:17,0.19047619047619047
04/11/2025 15:28:17,0.19047619047619047
04/11/2025 15:28:18,0.13636363636363635
04/11/2025 15:28:18,0.13636363636363635
04/11/2025 15:28:18,0.13636363636363635
04/11/2025 15:28:18,0.19047619047619047
04/11/2025 15:28:18,0.19047619047619047
04/11/2025 15:28:18,0.25
04/11/2025 15:28:18,0.13636363636363635
04/11/2025 15:28:19,0.19047619047619047
04/11/2025 15:28:19,0.13636363636363635
04/11/2025 15:28:19,0.3157894736842105
04/11/2025 15:28:19,0.13636363636363635
04/11/2025 15:28:19,0.19047619047619047
04/11/2025 15:28:20,0.19047619047619047
04/11/2025 15:28:20,0.19047619047619047
04/11/2025 15:28:20,0.19047619047619047
04/11/2025 15:28:20,0.19047619047619047
04/11/2025 15:28:20,0.13636363636363635
04/11/2025 15:28:20,0.19047619047619047
04/11/2025 15:28:21,0.25
04/11/2025 15:28:21,0.13636363636363635
04/11/2025 15:28:21,0.0
04/11/2025 15:28:21,0.13636363636363635
04/11/2025 15:28:21,0.25
04/11/2025 15:28:21,0.19047619047619047
04/11/2025 15:28:22,0.041666666666666664
04/11/2025 15:28:22,0.13636363636363635
04/11/2025 15:28:22,0.041666666666666664
04/11/2025 15:28:22,0.08695652173913043
04/11/2025 15:28:22,0.13636363636363635
04/11/2025 15:28:22,0.25
04/11/2025 15:28:23,0.3157894736842105
04/11/2025 15:28:23,0.13636363636363635
04/11/2025 15:28:23,0.13636363636363635
04/11/2025 15:28:23,0.13636363636363635
04/11/2025 15:28:23,0.13636363636363635
04/11/2025 15:28:23,0.13636363636363635
04/11/2025 15:28:23,0.08695652173913043
04/11/2025 15:28:24,0.25
04/11/2025 15:28:24,0.25
04/11/2025 15:28:24,0.19047619047619047
04/11/2025 15:28:24,0.13636363636363635
04/11/2025 15:28:24,0.08695652173913043
04/11/2025 15:28:24,0.13636363636363635
04/11/2025 15:28:25,0.08695652173913043
04/11/2025 15:28:25,0.19047619047619047
04/11/2025 15:28:25,0.08695652173913043
04/11/2025 15:28:25,0.08695652173913043
04/11/2025 15:28:25,0.19047619047619047
04/11/2025 15:28:25,0.19047619047619047
04/11/2025 15:28:26,0.13636363636363635
04/11/2025 15:28:26,0.13636363636363635
04/11/2025 15:28:26,0.13636363636363635
04/11/2025 15:28:26,0.25
04/11/2025 15:28:26,0.19047619047619047
04/11/2025 15:28:26,0.13636363636363635
04/11/2025 15:28:27,0.13636363636363635
04/11/2025 15:28:27,0.08695652173913043
04/11/2025 15:28:27,0.19047619047619047
04/11/2025 15:28:27,0.041666666666666664
04/11/2025 15:28:27,0.13636363636363635
04/11/2025 15:28:27,0.13636363636363635
04/11/2025 15:28:27,0.08695652173913043
04/11/2025 15:28:28,0.19047619047619047
04/11/2025 15:28:28,0.25
04/11/2025 15:28:28,0.13636363636363635
04/11/2025 15:28:28,0.041666666666666664
04/11/2025 15:28:28,0.13636363636363635
04/11/2025 15:28:28,0.08695652173913043
04/11/2025 15:28:29,0.19047619047619047
04/11/2025 15:28:29,0.13636363636363635
04/11/2025 15:28:29,0.08695652173913043
04/11/2025 15:28:29,0.25
04/11/2025 15:28:29,0.13636363636363635
04/11/2025 15:28:29,0.19047619047619047
04/11/2025 15:28:30,0.19047619047619047
04/11/2025 15:28:30,0.041666666666666664
04/11/2025 15:28:30,0.19047619047619047
04/11/2025 15:28:30,0.13636363636363635
04/11/2025 15:28:30,0.041666666666666664
04/11/2025 15:28:30,0.13636363636363635
04/11/2025 15:28:31,0.08695652173913043
04/11/2025 15:28:31,0.19047619047619047
04/11/2025 15:28:31,0.13636363636363635
04/11/2025 15:28:31,0.13636363636363635
04/11/2025 15:28:31,0.13636363636363635
04/11/2025 15:28:31,0.0
04/11/2025 15:28:32,0.13636363636363635
04/11/2025 15:28:32,0.13636363636363635
04/11/2025 15:28:32,0.08695652173913043
04/11/2025 15:28:32,0.19047619047619047
04/11/2025 15:28:32,0.13636363636363635
04/11/2025 15:28:32,0.08695652173913043
04/11/2025 15:28:32,0.08695652173913043
04/11/2025 15:28:33,0.13636363636363635
04/11/2025 15:28:33,0.19047619047619047
04/11/2025 15:28:33,0.08695652173913043
04/11/2025 15:28:33,0.13636363636363635
04/11/2025 15:28:33,0.08695652173913043
04/11/2025 15:28:34,0.25
04/11/2025 15:28:34,0.13636363636363635
04/11/2025 15:28:34,0.08695652173913043
04/11/2025 15:28:34,0.0
04/11/2025 15:28:34,0.19047619047619047
04/11/2025 15:28:34,0.13636363636363635
04/11/2025 15:28:35,0.19047619047619047
04/11/2025 15:28:35,0.08695652173913043
04/11/2025 15:28:35,0.13636363636363635
04/11/2025 15:28:35,0.041666666666666664
04/11/2025 15:28:35,0.041666666666666664
04/11/2025 15:28:35,0.13636363636363635
04/11/2025 15:28:36,0.13636363636363635
04/11/2025 15:28:36,0.08695652173913043
04/11/2025 15:28:36,0.19047619047619047
04/11/2025 15:28:36,0.08695652173913043
04/11/2025 15:28:36,0.13636363636363635
04/11/2025 15:28:36,0.08695652173913043
04/11/2025 15:28:37,0.25
04/11/2025 15:28:37,0.13636363636363635
04/11/2025 15:28:37,0.13636363636363635
04/11/2025 15:28:37,0.13636363636363635
04/11/2025 15:28:37,0.3157894736842105
04/11/2025 15:28:37,0.19047619047619047
04/11/2025 15:28:38,0.13636363636363635
04/11/2025 15:28:38,0.13636363636363635
04/11/2025 15:28:38,0.19047619047619047
04/11/2025 15:28:38,0.13636363636363635
04/11/2025 15:28:38,0.13636363636363635
04/11/2025 15:28:38,0.13636363636363635
04/11/2025 15:28:39,0.0
04/11/2025 15:28:39,0.19047619047619047
04/11/2025 15:28:39,0.19047619047619047
04/11/2025 15:28:39,0.25
04/11/2025 15:28:39,0.19047619047619047
04/11/2025 15:28:39,0.13636363636363635
04/11/2025 15:28:40,0.08695652173913043
04/11/2025 15:28:40,0.08695652173913043
04/11/2025 15:28:40,0.13636363636363635
04/11/2025 15:28:40,0.13636363636363635
04/11/2025 15:28:40,0.19047619047619047
04/11/2025 15:28:40,0.13636363636363635
04/11/2025 15:28:41,0.25
04/11/2025 15:28:41,0.13636363636363635
04/11/2025 15:28:41,0.13636363636363635
04/11/2025 15:28:41,0.13636363636363635
04/11/2025 15:28:41,0.13636363636363635
04/11/2025 15:28:41,0.19047619047619047
04/11/2025 15:28:42,0.19047619047619047
04/11/2025 15:28:42,0.19047619047619047
04/11/2025 15:28:42,0.041666666666666664
04/11/2025 15:28:42,0.19047619047619047
04/11/2025 15:28:42,0.19047619047619047
04/11/2025 15:28:42,0.08695652173913043
04/11/2025 15:28:43,0.08695652173913043
04/11/2025 15:28:43,0.08695652173913043
04/11/2025 15:28:43,0.08695652173913043
04/11/2025 15:28:43,0.13636363636363635
04/11/2025 15:28:43,0.13636363636363635
04/11/2025 15:28:43,0.13636363636363635
04/11/2025 15:28:43,0.19047619047619047
04/11/2025 15:28:44,0.13636363636363635
04/11/2025 15:28:44,0.13636363636363635
04/11/2025 15:28:44,0.13636363636363635
04/11/2025 15:28:44,0.19047619047619047
04/11/2025 15:28:44,0.19047619047619047
04/11/2025 15:28:44,0.041666666666666664
04/11/2025 15:28:45,0.13636363636363635
04/11/2025 15:28:45,0.08695652173913043
04/11/2025 15:28:45,0.08695652173913043
04/11/2025 15:28:45,0.19047619047619047
04/11/2025 15:28:45,0.08695652173913043
04/11/2025 15:28:45,0.08695652173913043
04/11/2025 15:28:46,0.19047619047619047
04/11/2025 15:28:46,0.041666666666666664
04/11/2025 15:28:46,0.08695652173913043
04/11/2025 15:28:46,0.25
04/11/2025 15:28:46,0.13636363636363635
04/11/2025 15:28:46,0.08695652173913043
04/11/2025 15:28:47,0.08695652173913043
04/11/2025 15:28:47,0.25
04/11/2025 15:28:47,0.041666666666666664
04/11/2025 15:28:47,0.13636363636363635
04/11/2025 15:28:47,0.13636363636363635
04/11/2025 15:28:47,0.19047619047619047
04/11/2025 15:28:48,0.041666666666666664
04/11/2025 15:28:48,0.13636363636363635
04/11/2025 15:28:48,0.19047619047619047
04/11/2025 15:28:48,0.13636363636363635
04/11/2025 15:28:48,0.13636363636363635
04/11/2025 15:28:48,0.13636363636363635
04/11/2025 15:28:49,0.08695652173913043
04/11/2025 15:28:49,0.13636363636363635
04/11/2025 15:28:49,0.08695652173913043
04/11/2025 15:28:49,0.19047619047619047
04/11/2025 15:28:49,0.08695652173913043
04/11/2025 15:28:49,0.19047619047619047
04/11/2025 15:28:50,0.19047619047619047
04/11/2025 15:28:50,0.19047619047619047
04/11/2025 15:28:50,0.13636363636363635
04/11/2025 15:28:50,0.19047619047619047
04/11/2025 15:28:50,0.25
04/11/2025 15:28:50,0.08695652173913043
04/11/2025 15:28:51,0.19047619047619047
04/11/2025 15:28:51,0.13636363636363635
04/11/2025 15:28:51,0.19047619047619047
04/11/2025 15:28:51,0.13636363636363635
04/11/2025 15:28:51,0.19047619047619047
04/11/2025 15:28:51,0.08695652173913043
04/11/2025 15:28:52,0.08695652173913043
04/11/2025 15:28:52,0.25
04/11/2025 15:28:52,0.25
04/11/2025 15:28:52,0.041666666666666664
04/11/2025 15:28:52,0.19047619047619047
04/11/2025 15:28:52,0.19047619047619047
04/11/2025 15:28:53,0.08695652173913043
04/11/2025 15:28:53,0.08695652173913043
04/11/2025 15:28:53,0.08695652173913043
04/11/2025 15:28:53,0.08695652173913043
04/11/2025 15:28:53,0.13636363636363635
04/11/2025 15:28:53,0.041666666666666664
04/11/2025 15:28:53,0.13636363636363635
04/11/2025 15:28:54,0.08695652173913043
04/11/2025 15:28:54,0.13636363636363635
04/11/2025 15:28:54,0.3157894736842105
04/11/2025 15:28:54,0.13636363636363635
04/11/2025 15:28:54,0.08695652173913043
04/11/2025 15:28:55,0.08695652173913043
04/11/2025 15:28:55,0.19047619047619047
04/11/2025 15:28:55,0.19047619047619047
04/11/2025 15:28:55,0.08695652173913043
04/11/2025 15:28:55,0.13636363636363635
04/11/2025 15:28:55,0.08695652173913043
04/11/2025 15:28:55,0.13636363636363635
04/11/2025 15:28:56,0.19047619047619047
04/11/2025 15:28:56,0.041666666666666664
04/11/2025 15:28:56,0.08695652173913043
04/11/2025 15:28:56,0.19047619047619047
04/11/2025 15:28:56,0.08695652173913043
04/11/2025 15:28:56,0.13636363636363635
04/11/2025 15:28:57,0.25
04/11/2025 15:28:57,0.13636363636363635
04/11/2025 15:28:57,0.25
04/11/2025 15:28:57,0.25
04/11/2025 15:28:57,0.13636363636363635
04/11/2025 15:28:57,0.25
04/11/2025 15:28:58,0.08695652173913043
04/11/2025 15:28:58,0.041666666666666664
04/11/2025 15:28:58,0.19047619047619047
04/11/2025 15:28:58,0.19047619047619047
04/11/2025 15:28:58,0.041666666666666664
04/11/2025 15:28:58,0.041666666666666664
04/11/2025 15:28:59,0.25
04/11/2025 15:28:59,0.25
04/11/2025 15:28:59,0.13636363636363635
04/11/2025 15:28:59,0.13636363636363635
04/11/2025 15:28:59,0.13636363636363635
04/11/2025 15:28:59,0.08695652173913043
04/11/2025 15:29:00,0.19047619047619047
04/11/2025 15:29:00,0.08695652173913043
04/11/2025 15:29:00,0.13636363636363635
04/11/2025 15:29:00,0.08695652173913043
04/11/2025 15:29:00,0.13636363636363635
04/11/2025 15:29:00,0.19047619047619047
04/11/2025 15:29:01,0.13636363636363635
04/11/2025 15:29:01,0.08695652173913043
04/11/2025 15:29:01,0.13636363636363635
04/11/2025 15:29:01,0.19047619047619047
04/11/2025 15:29:01,0.13636363636363635
04/11/2025 15:29:01,0.19047619047619047
04/11/2025 15:29:02,0.13636363636363635
04/11/2025 15:29:02,0.19047619047619047
04/11/2025 15:29:02,0.19047619047619047
04/11/2025 15:29:02,0.13636363636363635
04/11/2025 15:29:02,0.13636363636363635
04/11/2025 15:29:02,0.13636363636363635
04/11/2025 15:29:03,0.13636363636363635
04/11/2025 15:29:03,0.08695652173913043
04/11/2025 15:29:03,0.13636363636363635
04/11/2025 15:29:03,0.19047619047619047
04/11/2025 15:29:03,0.19047619047619047
04/11/2025 15:29:03,0.13636363636363635
04/11/2025 15:29:04,0.25
04/11/2025 15:29:04,0.19047619047619047
04/11/2025 15:29:04,0.13636363636363635
04/11/2025 15:29:04,0.25
04/11/2025 15:29:04,0.0
04/11/2025 15:29:04,0.25
04/11/2025 15:29:05,0.19047619047619047
04/11/2025 15:29:05,0.08695652173913043
04/11/2025 15:29:05,0.041666666666666664
04/11/2025 15:29:05,0.13636363636363635
04/11/2025 15:29:05,0.08695652173913043
04/11/2025 15:29:05,0.19047619047619047
04/11/2025 15:29:06,0.19047619047619047
04/11/2025 15:29:06,0.13636363636363635
04/11/2025 15:29:06,0.13636363636363635
04/11/2025 15:29:06,0.041666666666666664
04/11/2025 15:29:06,0.3157894736842105
04/11/2025 15:29:06,0.13636363636363635
04/11/2025 15:29:07,0.13636363636363635
04/11/2025 15:29:07,0.08695652173913043
04/11/2025 15:29:07,0.13636363636363635
04/11/2025 15:29:07,0.19047619047619047
04/11/2025 15:29:07,0.13636363636363635
04/11/2025 15:29:07,0.19047619047619047
04/11/2025 15:29:08,0.08695652173913043
04/11/2025 15:29:08,0.13636363636363635
04/11/2025 15:29:08,0.08695652173913043
04/11/2025 15:29:08,0.19047619047619047
04/11/2025 15:29:08,0.08695652173913043
04/11/2025 15:29:08,0.19047619047619047
04/11/2025 15:29:09,0.25
04/11/2025 15:29:09,0.08695652173913043
04/11/2025 15:29:09,0.08695652173913043
04/11/2025 15:29:09,0.19047619047619047
04/11/2025 15:29:09,0.13636363636363635
04/11/2025 15:29:09,0.19047619047619047
04/11/2025 15:29:09,0.19047619047619047
04/11/2025 15:29:10,0.041666666666666664
04/11/2025 15:29:10,0.13636363636363635
04/11/2025 15:29:10,0.041666666666666664
04/11/2025 15:29:10,0.19047619047619047
04/11/2025 15:29:10,0.19047619047619047
04/11/2025 15:29:10,0.19047619047619047
04/11/2025 15:29:11,0.13636363636363635
04/11/2025 15:29:11,0.041666666666666664
04/11/2025 15:29:11,0.08695652173913043
04/11/2025 15:29:11,0.041666666666666664
04/11/2025 15:29:11,0.19047619047619047
04/11/2025 15:29:11,0.19047619047619047
04/11/2025 15:29:12,0.08695652173913043
04/11/2025 15:29:12,0.041666666666666664
04/11/2025 15:29:12,0.19047619047619047
04/11/2025 15:29:12,0.041666666666666664
04/11/2025 15:29:12,0.041666666666666664
04/11/2025 15:29:12,0.08695652173913043
04/11/2025 15:29:13,0.13636363636363635
04/11/2025 15:29:13,0.08695652173913043
04/11/2025 15:29:13,0.08695652173913043
04/11/2025 15:29:13,0.08695652173913043
04/11/2025 15:29:13,0.13636363636363635
04/11/2025 15:29:13,0.13636363636363635
04/11/2025 15:29:14,0.13636363636363635
04/11/2025 15:29:14,0.041666666666666664
04/11/2025 15:29:14,0.19047619047619047
04/11/2025 15:29:14,0.13636363636363635
04/11/2025 15:29:14,0.25
04/11/2025 15:29:14,0.13636363636363635
04/11/2025 15:29:15,0.13636363636363635
04/11/2025 15:29:15,0.041666666666666664
04/11/2025 15:29:15,0.08695652173913043
04/11/2025 15:29:15,0.08695652173913043
04/11/2025 15:29:15,0.13636363636363635
04/11/2025 15:29:15,0.19047619047619047
04/11/2025 15:29:15,0.19047619047619047
04/11/2025 15:29:16,0.041666666666666664
04/11/2025 15:29:16,0.19047619047619047
04/11/2025 15:29:16,0.13636363636363635
04/11/2025 15:29:16,0.13636363636363635
04/11/2025 15:29:16,0.13636363636363635
04/11/2025 15:29:16,0.19047619047619047
04/11/2025 15:29:17,0.19047619047619047
04/11/2025 15:29:17,0.3888888888888889
04/11/2025 15:29:17,0.19047619047619047
04/11/2025 15:29:17,0.19047619047619047
04/11/2025 15:29:17,0.13636363636363635
04/11/2025 15:29:17,0.08695652173913043
04/11/2025 15:29:18,0.13636363636363635
04/11/2025 15:29:18,0.08695652173913043
04/11/2025 15:29:18,0.13636363636363635
04/11/2025 15:29:18,0.19047619047619047
04/11/2025 15:29:18,0.08695652173913043
04/11/2025 15:29:18,0.19047619047619047
04/11/2025 15:29:19,0.0
04/11/2025 15:29:19,0.25
04/11/2025 15:29:19,0.08695652173913043
04/11/2025 15:29:19,0.25
04/11/2025 15:29:19,0.19047619047619047
04/11/2025 15:29:19,0.08695652173913043
04/11/2025 15:29:20,0.041666666666666664
04/11/2025 15:29:20,0.13636363636363635
04/11/2025 15:29:20,0.13636363636363635
04/11/2025 15:29:20,0.25
04/11/2025 15:29:20,0.08695652173913043
04/11/2025 15:29:20,0.13636363636363635
04/11/2025 15:29:21,0.08695652173913043
04/11/2025 15:29:21,0.13636363636363635
04/11/2025 15:29:21,0.13636363636363635
04/11/2025 15:29:21,0.08695652173913043
04/11/2025 15:29:21,0.25
04/11/2025 15:29:21,0.041666666666666664
04/11/2025 15:29:21,0.19047619047619047
04/11/2025 15:29:22,0.0
04/11/2025 15:29:22,0.19047619047619047
04/11/2025 15:29:22,0.19047619047619047
04/11/2025 15:29:22,0.13636363636363635
04/11/2025 15:29:22,0.13636363636363635
04/11/2025 15:29:22,0.08695652173913043
04/11/2025 15:29:23,0.08695652173913043
04/11/2025 15:29:23,0.13636363636363635
04/11/2025 15:29:23,0.041666666666666664
04/11/2025 15:29:23,0.13636363636363635
04/11/2025 15:29:23,0.08695652173913043
04/11/2025 15:29:23,0.08695652173913043
04/11/2025 15:29:24,0.19047619047619047
04/11/2025 15:29:24,0.25
04/11/2025 15:29:24,0.08695652173913043
04/11/2025 15:29:24,0.08695652173913043
04/11/2025 15:29:24,0.08695652173913043
04/11/2025 15:29:24,0.25
04/11/2025 15:29:25,0.0
04/11/2025 15:29:25,0.19047619047619047
04/11/2025 15:29:25,0.19047619047619047
04/11/2025 15:29:25,0.25
04/11/2025 15:29:25,0.13636363636363635
04/11/2025 15:29:25,0.041666666666666664
04/11/2025 15:29:26,0.13636363636363635
04/11/2025 15:29:26,0.08695652173913043
04/11/2025 15:29:26,0.08695652173913043
04/11/2025 15:29:26,0.13636363636363635
04/11/2025 15:29:26,0.08695652173913043
04/11/2025 15:29:26,0.08695652173913043
04/11/2025 15:29:26,0.13636363636363635
04/11/2025 15:29:27,0.041666666666666664
04/11/2025 15:29:27,0.19047619047619047
04/11/2025 15:29:27,0.13636363636363635
04/11/2025 15:29:27,0.19047619047619047
04/11/2025 15:29:27,0.08695652173913043
04/11/2025 15:29:28,0.13636363636363635
04/11/2025 15:29:28,0.19047619047619047
04/11/2025 15:29:28,0.08695652173913043
04/11/2025 15:29:28,0.08695652173913043
04/11/2025 15:29:28,0.08695652173913043
04/11/2025 15:29:28,0.19047619047619047
04/11/2025 15:29:28,0.13636363636363635
04/11/2025 15:29:29,0.25
04/11/2025 15:29:29,0.13636363636363635
04/11/2025 15:29:29,0.08695652173913043
04/11/2025 15:29:29,0.08695652173913043
04/11/2025 15:29:29,0.08695652173913043
04/11/2025 15:29:29,0.13636363636363635
04/11/2025 15:29:30,0.041666666666666664
04/11/2025 15:29:30,0.0
04/11/2025 15:29:30,0.08695652173913043
04/11/2025 15:29:30,0.08695652173913043
04/11/2025 15:29:30,0.08695652173913043
04/11/2025 15:29:30,0.13636363636363635
04/11/2025 15:29:31,0.08695652173913043
04/11/2025 15:29:31,0.25
04/11/2025 15:29:31,0.08695652173913043
04/11/2025 15:29:31,0.3157894736842105
04/11/2025 15:29:31,0.25
04/11/2025 15:29:31,0.13636363636363635
04/11/2025 15:29:32,0.08695652173913043
04/11/2025 15:29:32,0.041666666666666664
04/11/2025 15:29:32,0.08695652173913043
04/11/2025 15:29:32,0.19047619047619047
04/11/2025 15:29:32,0.19047619047619047
04/11/2025 15:29:32,0.08695652173913043
04/11/2025 15:29:32,0.25
04/11/2025 15:29:33,0.13636363636363635
04/11/2025 15:29:33,0.13636363636363635
04/11/2025 15:29:33,0.08695652173913043
04/11/2025 15:29:33,0.041666666666666664
04/11/2025 15:29:33,0.08695652173913043
04/11/2025 15:29:33,0.13636363636363635
04/11/2025 15:29:34,0.08695652173913043
04/11/2025 15:29:34,0.19047619047619047
04/11/2025 15:29:34,0.08695652173913043
04/11/2025 15:29:34,0.08695652173913043
04/11/2025 15:29:34,0.13636363636363635
04/11/2025 15:29:34,0.13636363636363635
04/11/2025 15:29:35,0.13636363636363635
04/11/2025 15:29:35,0.041666666666666664
04/11/2025 15:29:35,0.08695652173913043
04/11/2025 15:29:35,0.13636363636363635
04/11/2025 15:29:35,0.13636363636363635
04/11/2025 15:29:35,0.19047619047619047
04/11/2025 15:29:36,0.08695652173913043
04/11/2025 15:29:36,0.19047619047619047
04/11/2025 15:29:36,0.13636363636363635
04/11/2025 15:29:36,0.13636363636363635
04/11/2025 15:29:36,0.041666666666666664
04/11/2025 15:29:36,0.08695652173913043
04/11/2025 15:29:37,0.25
04/11/2025 15:29:37,0.19047619047619047
04/11/2025 15:29:37,0.08695652173913043
04/11/2025 15:29:37,0.25
04/11/2025 15:29:37,0.25
04/11/2025 15:29:37,0.19047619047619047
04/11/2025 15:29:38,0.13636363636363635
04/11/2025 15:29:38,0.08695652173913043
04/11/2025 15:29:38,0.08695652173913043
04/11/2025 15:29:38,0.08695652173913043
04/11/2025 15:29:38,0.13636363636363635
04/11/2025 15:29:38,0.08695652173913043
04/11/2025 15:29:39,0.25
04/11/2025 15:29:39,0.13636363636363635
04/11/2025 15:29:39,0.25
04/11/2025 15:29:39,0.19047619047619047
04/11/2025 15:29:39,0.08695652173913043
04/11/2025 15:29:40,0.08695652173913043
04/11/2025 15:29:40,0.3888888888888889
04/11/2025 15:29:40,0.08695652173913043
04/11/2025 15:29:40,0.13636363636363635
04/11/2025 15:29:40,0.08695652173913043
04/11/2025 15:29:40,0.08695652173913043
04/11/2025 15:29:40,0.13636363636363635
04/11/2025 15:29:41,0.19047619047619047
04/11/2025 15:29:41,0.19047619047619047
04/11/2025 15:29:41,0.25
04/11/2025 15:29:41,0.13636363636363635
04/11/2025 15:29:41,0.19047619047619047
04/11/2025 15:29:41,0.08695652173913043
04/11/2025 15:29:42,0.08695652173913043
04/11/2025 15:29:42,0.08695652173913043
04/11/2025 15:29:42,0.13636363636363635
04/11/2025 15:29:42,0.13636363636363635
04/11/2025 15:29:42,0.19047619047619047
04/11/2025 15:29:42,0.041666666666666664
04/11/2025 15:29:43,0.19047619047619047
04/11/2025 15:29:43,0.19047619047619047
04/11/2025 15:29:43,0.041666666666666664
04/11/2025 15:29:43,0.13636363636363635
04/11/2025 15:29:43,0.08695652173913043
04/11/2025 15:29:43,0.13636363636363635
04/11/2025 15:29:43,0.08695652173913043
04/11/2025 15:29:44,0.19047619047619047
04/11/2025 15:29:44,0.25
04/11/2025 15:29:44,0.08695652173913043
04/11/2025 15:29:44,0.08695652173913043
04/11/2025 15:29:44,0.041666666666666664
04/11/2025 15:29:44,0.19047619047619047
04/11/2025 15:29:45,0.19047619047619047
04/11/2025 15:29:45,0.13636363636363635
04/11/2025 15:29:45,0.13636363636363635
04/11/2025 15:29:45,0.041666666666666664
04/11/2025 15:29:45,0.13636363636363635
04/11/2025 15:29:45,0.13636363636363635
04/11/2025 15:29:46,0.041666666666666664
04/11/2025 15:29:46,0.08695652173913043
04/11/2025 15:29:46,0.13636363636363635
04/11/2025 15:29:46,0.08695652173913043
04/11/2025 15:29:46,0.08695652173913043
04/11/2025 15:29:46,0.08695652173913043
04/11/2025 15:29:47,0.25
04/11/2025 15:29:47,0.19047619047619047
04/11/2025 15:29:47,0.13636363636363635
04/11/2025 15:29:47,0.13636363636363635
04/11/2025 15:29:47,0.0
04/11/2025 15:29:47,0.041666666666666664
04/11/2025 15:29:48,0.25
04/11/2025 15:29:48,0.13636363636363635
04/11/2025 15:29:48,0.13636363636363635
04/11/2025 15:29:48,0.0
04/11/2025 15:29:48,0.3157894736842105
04/11/2025 15:29:48,0.08695652173913043
04/11/2025 15:29:49,0.19047619047619047
04/11/2025 15:29:49,0.25
04/11/2025 15:29:49,0.08695652173913043
04/11/2025 15:29:49,0.13636363636363635
04/11/2025 15:29:49,0.13636363636363635
04/11/2025 15:29:49,0.08695652173913043
04/11/2025 15:29:50,0.3888888888888889
04/11/2025 15:29:50,0.3157894736842105
04/11/2025 15:29:50,0.08695652173913043
04/11/2025 15:29:50,0.19047619047619047
04/11/2025 15:29:50,0.19047619047619047
04/11/2025 15:29:50,0.25
04/11/2025 15:29:50,0.08695652173913043
04/11/2025 15:29:51,0.25
04/11/2025 15:29:51,0.19047619047619047
04/11/2025 15:29:51,0.08695652173913043
04/11/2025 15:29:51,0.041666666666666664
04/11/2025 15:29:51,0.08695652173913043
04/11/2025 15:29:51,0.25
04/11/2025 15:29:52,0.25
04/11/2025 15:29:52,0.13636363636363635
04/11/2025 15:29:52,0.08695652173913043
04/11/2025 15:29:52,0.08695652173913043
04/11/2025 15:29:52,0.13636363636363635
04/11/2025 15:29:52,0.041666666666666664
04/11/2025 15:29:53,0.13636363636363635
04/11/2025 15:29:53,0.19047619047619047
04/11/2025 15:29:53,0.13636363636363635
04/11/2025 15:29:53,0.13636363636363635
04/11/2025 15:29:53,0.041666666666666664
04/11/2025 15:29:53,0.0
04/11/2025 15:29:54,0.13636363636363635
04/11/2025 15:29:54,0.19047619047619047
04/11/2025 15:29:54,0.08695652173913043
04/11/2025 15:29:54,0.25
04/11/2025 15:29:54,0.08695652173913043
04/11/2025 15:29:54,0.041666666666666664
04/11/2025 15:29:54,0.13636363636363635
04/11/2025 15:29:55,0.041666666666666664
04/11/2025 15:29:55,0.08695652173913043
04/11/2025 15:29:55,0.08695652173913043
04/11/2025 15:29:55,0.19047619047619047
04/11/2025 15:29:55,0.19047619047619047
04/11/2025 15:29:55,0.13636363636363635
04/11/2025 15:29:56,0.19047619047619047
04/11/2025 15:29:56,0.13636363636363635
04/11/2025 15:29:56,0.08695652173913043
04/11/2025 15:29:56,0.19047619047619047
04/11/2025 15:29:56,0.13636363636363635
04/11/2025 15:29:56,0.08695652173913043
04/11/2025 15:29:57,0.19047619047619047
04/11/2025 15:29:57,0.13636363636363635
04/11/2025 15:29:57,0.19047619047619047
04/11/2025 15:29:57,0.08695652173913043
04/11/2025 15:29:57,0.08695652173913043
04/11/2025 15:29:57,0.08695652173913043
04/11/2025 15:29:58,0.08695652173913043
04/11/2025 15:29:58,0.19047619047619047
04/11/2025 15:29:58,0.25
04/11/2025 15:29:58,0.13636363636363635
04/11/2025 15:29:58,0.13636363636363635
04/11/2025 15:29:58,0.041666666666666664
04/11/2025 15:29:59,0.19047619047619047
04/11/2025 15:29:59,0.19047619047619047
04/11/2025 15:29:59,0.08695652173913043
04/11/2025 15:29:59,0.19047619047619047
04/11/2025 15:29:59,0.0
04/11/2025 15:29:59,0.19047619047619047
04/11/2025 15:30:00,0.13636363636363635
04/11/2025 15:30:00,0.13636363636363635
04/11/2025 15:30:00,0.13636363636363635
04/11/2025 15:30:00,0.19047619047619047
04/11/2025 15:30:00,0.13636363636363635
04/11/2025 15:30:00,0.19047619047619047
04/11/2025 15:30:00,0.041666666666666664
04/11/2025 15:30:01,0.08695652173913043
04/11/2025 15:30:01,0.08695652173913043
04/11/2025 15:30:01,0.08695652173913043
04/11/2025 15:30:01,0.19047619047619047
04/11/2025 15:30:01,0.041666666666666664
04/11/2025 15:30:01,0.13636363636363635
04/11/2025 15:30:02,0.041666666666666664
04/11/2025 15:30:02,0.08695652173913043
04/11/2025 15:30:02,0.13636363636363635
04/11/2025 15:30:02,0.19047619047619047
04/11/2025 15:30:02,0.19047619047619047
04/11/2025 15:30:02,0.13636363636363635
04/11/2025 15:30:03,0.041666666666666664
04/11/2025 15:30:03,0.13636363636363635
04/11/2025 15:30:03,0.19047619047619047
04/11/2025 15:30:03,0.13636363636363635
04/11/2025 15:30:03,0.3157894736842105
04/11/2025 15:30:03,0.13636363636363635
04/11/2025 15:30:04,0.13636363636363635
04/11/2025 15:30:04,0.19047619047619047
04/11/2025 15:30:04,0.13636363636363635
04/11/2025 15:30:04,0.25
04/11/2025 15:30:04,0.19047619047619047
04/11/2025 15:30:04,0.041666666666666664
04/11/2025 15:30:05,0.19047619047619047
04/11/2025 15:30:05,0.08695652173913043
04/11/2025 15:30:05,0.3888888888888889
04/11/2025 15:30:05,0.13636363636363635
04/11/2025 15:30:05,0.13636363636363635
04/11/2025 15:30:05,0.041666666666666664
04/11/2025 15:30:06,0.13636363636363635
04/11/2025 15:30:06,0.13636363636363635
04/11/2025 15:30:06,0.13636363636363635
04/11/2025 15:30:06,0.08695652173913043
04/11/2025 15:30:06,0.25
04/11/2025 15:30:06,0.13636363636363635
04/11/2025 15:30:06,0.08695652173913043
04/11/2025 15:30:07,0.041666666666666664
04/11/2025 15:30:07,0.08695652173913043
04/11/2025 15:30:07,0.041666666666666664
04/11/2025 15:30:07,0.13636363636363635
04/11/2025 15:30:07,0.25
04/11/2025 15:30:07,0.19047619047619047
04/11/2025 15:30:08,0.08695652173913043
04/11/2025 15:30:08,0.041666666666666664
04/11/2025 15:30:08,0.08695652173913043
04/11/2025 15:30:08,0.19047619047619047
04/11/2025 15:30:08,0.13636363636363635
04/11/2025 15:30:08,0.19047619047619047
04/11/2025 15:30:09,0.19047619047619047
04/11/2025 15:30:09,0.13636363636363635
04/11/2025 15:30:09,0.13636363636363635
04/11/2025 15:30:09,0.13636363636363635
04/11/2025 15:30:09,0.0
04/11/2025 15:30:09,0.08695652173913043
04/11/2025 15:30:10,0.19047619047619047
04/11/2025 15:30:10,0.13636363636363635
04/11/2025 15:30:10,0.13636363636363635
04/11/2025 15:30:10,0.13636363636363635
04/11/2025 15:30:10,0.041666666666666664
04/11/2025 15:30:10,0.13636363636363635
04/11/2025 15:30:11,0.0
04/11/2025 15:30:11,0.25
04/11/2025 15:30:11,0.13636363636363635
04/11/2025 15:30:11,0.08695652173913043
04/11/2025 15:30:11,0.13636363636363635
04/11/2025 15:30:11,0.08695652173913043
04/11/2025 15:30:12,0.08695652173913043
04/11/2025 15:30:12,0.13636363636363635
04/11/2025 15:30:12,0.08695652173913043
04/11/2025 15:30:12,0.08695652173913043
04/11/2025 15:30:12,0.19047619047619047
04/11/2025 15:30:12,0.25
04/11/2025 15:30:12,0.13636363636363635
04/11/2025 15:30:13,0.08695652173913043
04/11/2025 15:30:13,0.08695652173913043
04/11/2025 15:30:13,0.19047619047619047
04/11/2025 15:30:13,0.13636363636363635
04/11/2025 15:30:13,0.13636363636363635
04/11/2025 15:30:13,0.13636363636363635
04/11/2025 15:30:14,0.13636363636363635
04/11/2025 15:30:14,0.13636363636363635
04/11/2025 15:30:14,0.08695652173913043
04/11/2025 15:30:14,0.13636363636363635
04/11/2025 15:30:14,0.19047619047619047
04/11/2025 15:30:14,0.25
04/11/2025 15:30:15,0.041666666666666664
04/11/2025 15:30:15,0.08695652173913043
04/11/2025 15:30:15,0.19047619047619047
04/11/2025 15:30:15,0.13636363636363635
04/11/2025 15:30:15,0.19047619047619047
04/11/2025 15:30:15,0.13636363636363635
04/11/2025 15:30:16,0.25
04/11/2025 15:30:16,0.3157894736842105
04/11/2025 15:30:16,0.13636363636363635
04/11/2025 15:30:16,0.08695652173913043
04/11/2025 15:30:16,0.13636363636363635
04/11/2025 15:30:16,0.08695652173913043
04/11/2025 15:30:17,0.19047619047619047
04/11/2025 15:30:17,0.08695652173913043
04/11/2025 15:30:17,0.13636363636363635
04/11/2025 15:30:17,0.08695652173913043
04/11/2025 15:30:17,0.13636363636363635
04/11/2025 15:30:17,0.13636363636363635
04/11/2025 15:30:18,0.19047619047619047
04/11/2025 15:30:18,0.13636363636363635
04/11/2025 15:30:18,0.3157894736842105
04/11/2025 15:30:18,0.13636363636363635
04/11/2025 15:30:18,0.08695652173913043
04/11/2025 15:30:18,0.25
04/11/2025 15:30:19,0.041666666666666664
04/11/2025 15:30:19,0.13636363636363635
04/11/2025 15:30:19,0.13636363636363635
04/11/2025 15:30:19,0.19047619047619047
04/11/2025 15:30:19,0.13636363636363635
04/11/2025 15:30:19,0.13636363636363635
04/11/2025 15:30:19,0.19047619047619047
04/11/2025 15:30:20,0.25
04/11/2025 15:30:20,0.08695652173913043
04/11/2025 15:30:20,0.13636363636363635
04/11/2025 15:30:20,0.13636363636363635
04/11/2025 15:30:20,0.19047619047619047
04/11/2025 15:30:20,0.13636363636363635
04/11/2025 15:30:21,0.19047619047619047
04/11/2025 15:30:21,0.25
04/11/2025 15:30:21,0.13636363636363635
04/11/2025 15:30:21,0.13636363636363635
04/11/2025 15:30:21,0.13636363636363635
04/11/2025 15:30:21,0.13636363636363635
04/11/2025 15:30:22,0.25
04/11/2025 15:30:22,0.19047619047619047
04/11/2025 15:30:22,0.13636363636363635
04/11/2025 15:30:22,0.13636363636363635
04/11/2025 15:30:22,0.19047619047619047
04/11/2025 15:30:22,0.08695652173913043
04/11/2025 15:30:22,0.13636363636363635
04/11/2025 15:30:23,0.19047619047619047
04/11/2025 15:30:23,0.25
04/11/2025 15:30:23,0.13636363636363635
04/11/2025 15:30:23,0.13636363636363635
04/11/2025 15:30:23,0.041666666666666664
04/11/2025 15:30:23,0.041666666666666664
04/11/2025 15:30:24,0.13636363636363635
04/11/2025 15:30:24,0.13636363636363635
04/11/2025 15:30:24,0.0
04/11/2025 15:30:24,0.08695652173913043
04/11/2025 15:30:24,0.13636363636363635
04/11/2025 15:30:24,0.041666666666666664
04/11/2025 15:30:25,0.13636363636363635
04/11/2025 15:30:25,0.19047619047619047
04/11/2025 15:30:25,0.13636363636363635
04/11/2025 15:30:25,0.13636363636363635
04/11/2025 15:30:25,0.19047619047619047
04/11/2025 15:30:25,0.13636363636363635
04/11/2025 15:30:25,0.25
04/11/2025 15:30:26,0.13636363636363635
04/11/2025 15:30:26,0.3157894736842105
04/11/2025 15:30:26,0.13636363636363635
04/11/2025 15:30:26,0.13636363636363635
04/11/2025 15:30:26,0.19047619047619047
04/11/2025 15:30:26,0.25
04/11/2025 15:30:27,0.08695652173913043
04/11/2025 15:30:27,0.19047619047619047
04/11/2025 15:30:27,0.041666666666666664
04/11/2025 15:30:27,0.08695652173913043
04/11/2025 15:30:27,0.25
04/11/2025 15:30:27,0.13636363636363635
04/11/2025 15:30:28,0.25
04/11/2025 15:30:28,0.25
04/11/2025 15:30:28,0.13636363636363635
04/11/2025 15:30:28,0.041666666666666664
04/11/2025 15:30:28,0.08695652173913043
04/11/2025 15:30:28,0.13636363636363635
04/11/2025 15:30:28,0.19047619047619047
04/11/2025 15:30:29,0.08695652173913043
04/11/2025 15:30:29,0.25
04/11/2025 15:30:29,0.25
04/11/2025 15:30:29,0.13636363636363635
04/11/2025 15:30:29,0.041666666666666664
04/11/2025 15:30:29,0.08695652173913043
04/11/2025 15:30:30,0.041666666666666664
04/11/2025 15:30:30,0.08695652173913043
04/11/2025 15:30:30,0.041666666666666664
04/11/2025 15:30:30,0.25
04/11/2025 15:30:30,0.19047619047619047
04/11/2025 15:30:30,0.19047619047619047
04/11/2025 15:30:31,0.19047619047619047
04/11/2025 15:30:31,0.13636363636363635
04/11/2025 15:30:31,0.13636363636363635
04/11/2025 15:30:31,0.13636363636363635
04/11/2025 15:30:31,0.19047619047619047
04/11/2025 15:30:31,0.08695652173913043
04/11/2025 15:30:32,0.08695652173913043
04/11/2025 15:30:32,0.19047619047619047
04/11/2025 15:30:32,0.19047619047619047
04/11/2025 15:30:32,0.08695652173913043
04/11/2025 15:30:32,0.08695652173913043
04/11/2025 15:30:32,0.19047619047619047
04/11/2025 15:30:33,0.13636363636363635
04/11/2025 15:30:33,0.19047619047619047
04/11/2025 15:30:33,0.08695652173913043
04/11/2025 15:30:33,0.25
04/11/2025 15:30:33,0.13636363636363635
04/11/2025 15:30:33,0.13636363636363635
04/11/2025 15:30:33,0.08695652173913043
04/11/2025 15:30:34,0.041666666666666664
04/11/2025 15:30:34,0.08695652173913043
04/11/2025 15:30:34,0.08695652173913043
04/11/2025 15:30:34,0.041666666666666664
04/11/2025 15:30:34,0.041666666666666664
04/11/2025 15:30:34,0.08695652173913043
04/11/2025 15:30:35,0.0
04/11/2025 15:30:35,0.25
04/11/2025 15:30:35,0.19047619047619047
04/11/2025 15:30:35,0.19047619047619047
04/11/2025 15:30:35,0.19047619047619047
04/11/2025 15:30:35,0.13636363636363635
04/11/2025 15:30:36,0.08695652173913043
04/11/2025 15:30:36,0.13636363636363635
04/11/2025 15:30:36,0.08695652173913043
04/11/2025 15:30:36,0.3157894736842105
04/11/2025 15:30:36,0.13636363636363635
04/11/2025 15:30:36,0.08695652173913043
04/11/2025 15:30:36,0.08695652173913043
04/11/2025 15:30:37,0.08695652173913043
04/11/2025 15:30:37,0.19047619047619047
04/11/2025 15:30:37,0.19047619047619047
04/11/2025 15:30:37,0.13636363636363635
04/11/2025 15:30:37,0.041666666666666664
04/11/2025 15:30:37,0.25
04/11/2025 15:30:38,0.13636363636363635
04/11/2025 15:30:38,0.19047619047619047
04/11/2025 15:30:38,0.19047619047619047
04/11/2025 15:30:38,0.19047619047619047
04/11/2025 15:30:38,0.041666666666666664
04/11/2025 15:30:38,0.25
04/11/2025 15:30:38,0.041666666666666664
04/11/2025 15:30:39,0.08695652173913043
04/11/2025 15:30:39,0.13636363636363635
04/11/2025 15:30:39,0.13636363636363635
04/11/2025 15:30:39,0.13636363636363635
04/11/2025 15:30:39,0.19047619047619047
04/11/2025 15:30:39,0.13636363636363635
04/11/2025 15:30:40,0.08695652173913043
04/11/2025 15:30:40,0.13636363636363635
04/11/2025 15:30:40,0.3157894736842105
04/11/2025 15:30:40,0.13636363636363635
04/11/2025 15:30:40,0.13636363636363635
04/11/2025 15:30:40,0.19047619047619047
04/11/2025 15:30:41,0.13636363636363635
04/11/2025 15:30:41,0.13636363636363635
04/11/2025 15:30:41,0.08695652173913043
04/11/2025 15:30:41,0.13636363636363635
04/11/2025 15:30:41,0.19047619047619047
04/11/2025 15:30:41,0.13636363636363635
04/11/2025 15:30:41,0.13636363636363635
04/11/2025 15:30:42,0.041666666666666664
04/11/2025 15:30:42,0.13636363636363635
04/11/2025 15:30:42,0.08695652173913043
04/11/2025 15:30:42,0.13636363636363635
04/11/2025 15:30:42,0.08695652173913043
04/11/2025 15:30:42,0.13636363636363635
04/11/2025 15:30:43,0.08695652173913043
04/11/2025 15:30:43,0.13636363636363635
04/11/2025 15:30:43,0.041666666666666664
04/11/2025 15:30:43,0.13636363636363635
04/11/2025 15:30:43,0.13636363636363635
04/11/2025 15:30:43,0.08695652173913043
04/11/2025 15:30:44,0.19047619047619047
04/11/2025 15:30:44,0.08695652173913043
04/11/2025 15:30:44,0.08695652173913043
04/11/2025 15:30:44,0.19047619047619047
04/11/2025 15:30:44,0.13636363636363635
04/11/2025 15:30:44,0.19047619047619047
04/11/2025 15:30:44,0.19047619047619047
04/11/2025 15:30:45,0.041666666666666664
04/11/2025 15:30:45,0.19047619047619047
04/11/2025 15:30:45,0.19047619047619047
04/11/2025 15:30:45,0.25
04/11/2025 15:30:45,0.25
04/11/2025 15:30:45,0.19047619047619047
04/11/2025 15:30:46,0.19047619047619047
04/11/2025 15:30:46,0.19047619047619047
04/11/2025 15:30:46,0.19047619047619047
04/11/2025 15:30:46,0.13636363636363635
04/11/2025 15:30:46,0.13636363636363635
04/11/2025 15:30:46,0.08695652173913043
04/11/2025 15:30:47,0.13636363636363635
04/11/2025 15:30:47,0.13636363636363635
04/11/2025 15:30:47,0.3157894736842105
04/11/2025 15:30:47,0.08695652173913043
04/11/2025 15:30:47,0.47058823529411764
04/11/2025 15:30:47,0.19047619047619047
04/11/2025 15:30:48,0.19047619047619047
04/11/2025 15:30:48,0.19047619047619047
04/11/2025 15:30:48,0.08695652173913043
04/11/2025 15:30:48,0.13636363636363635
04/11/2025 15:30:48,0.13636363636363635
04/11/2025 15:30:48,0.08695652173913043
04/11/2025 15:30:49,0.041666666666666664
04/11/2025 15:30:49,0.13636363636363635
04/11/2025 15:30:49,0.041666666666666664
04/11/2025 15:30:49,0.13636363636363635
04/11/2025 15:30:49,0.25
04/11/2025 15:30:49,0.13636363636363635
04/11/2025 15:30:50,0.19047619047619047
04/11/2025 15:30:50,0.19047619047619047
04/11/2025 15:30:50,0.13636363636363635
04/11/2025 15:30:50,0.041666666666666664
04/11/2025 15:30:50,0.041666666666666664
04/11/2025 15:30:50,0.13636363636363635
04/11/2025 15:30:50,0.13636363636363635
04/11/2025 15:30:51,0.13636363636363635
04/11/2025 15:30:51,0.041666666666666664
04/11/2025 15:30:51,0.041666666666666664
04/11/2025 15:30:51,0.19047619047619047
04/11/2025 15:30:51,0.13636363636363635
04/11/2025 15:30:51,0.19047619047619047
04/11/2025 15:30:52,0.08695652173913043
04/11/2025 15:30:52,0.041666666666666664
04/11/2025 15:30:52,0.3157894736842105
04/11/2025 15:30:52,0.041666666666666664
04/11/2025 15:30:52,0.08695652173913043
04/11/2025 15:30:52,0.13636363636363635
04/11/2025 15:30:53,0.13636363636363635
04/11/2025 15:30:53,0.08695652173913043
04/11/2025 15:30:53,0.25
04/11/2025 15:30:53,0.19047619047619047
04/11/2025 15:30:53,0.08695652173913043
04/11/2025 15:30:53,0.13636363636363635
04/11/2025 15:30:54,0.19047619047619047
04/11/2025 15:30:54,0.13636363636363635
04/11/2025 15:30:54,0.08695652173913043
04/11/2025 15:30:54,0.08695652173913043
04/11/2025 15:30:54,0.19047619047619047
04/11/2025 15:30:54,0.08695652173913043
04/11/2025 15:30:54,0.19047619047619047
04/11/2025 15:30:55,0.25
04/11/2025 15:30:55,0.19047619047619047
04/11/2025 15:30:55,0.13636363636363635
04/11/2025 15:30:55,0.08695652173913043
04/11/2025 15:30:55,0.13636363636363635
04/11/2025 15:30:55,0.08695652173913043
04/11/2025 15:30:56,0.13636363636363635
04/11/2025 15:30:56,0.19047619047619047
04/11/2025 15:30:56,0.041666666666666664
04/11/2025 15:30:56,0.08695652173913043
04/11/2025 15:30:56,0.13636363636363635
04/11/2025 15:30:56,0.08695652173913043
04/11/2025 15:30:57,0.19047619047619047
04/11/2025 15:30:57,0.08695652173913043
04/11/2025 15:30:57,0.25
04/11/2025 15:30:57,0.25
04/11/2025 15:30:57,0.08695652173913043
04/11/2025 15:30:57,0.041666666666666664
04/11/2025 15:30:57,0.19047619047619047
04/11/2025 15:30:58,0.13636363636363635
04/11/2025 15:30:58,0.041666666666666664
04/11/2025 15:30:58,0.13636363636363635
04/11/2025 15:30:58,0.13636363636363635
04/11/2025 15:30:58,0.19047619047619047
04/11/2025 15:30:58,0.19047619047619047
04/11/2025 15:30:59,0.13636363636363635
04/11/2025 15:30:59,0.19047619047619047
04/11/2025 15:30:59,0.19047619047619047
04/11/2025 15:30:59,0.19047619047619047
04/11/2025 15:30:59,0.041666666666666664
04/11/2025 15:30:59,0.19047619047619047
04/11/2025 15:31:00,0.25
04/11/2025 15:31:00,0.19047619047619047
04/11/2025 15:31:00,0.13636363636363635
04/11/2025 15:31:00,0.08695652173913043
04/11/2025 15:31:00,0.13636363636363635
04/11/2025 15:31:00,0.19047619047619047
04/11/2025 15:31:00,0.13636363636363635
04/11/2025 15:31:01,0.13636363636363635
04/11/2025 15:31:01,0.13636363636363635
04/11/2025 15:31:01,0.3157894736842105
04/11/2025 15:31:01,0.13636363636363635
04/11/2025 15:31:01,0.08695652173913043
04/11/2025 15:31:01,0.041666666666666664
04/11/2025 15:31:02,0.19047619047619047
04/11/2025 15:31:02,0.08695652173913043
04/11/2025 15:31:02,0.08695652173913043
04/11/2025 15:31:02,0.19047619047619047
04/11/2025 15:31:02,0.08695652173913043
04/11/2025 15:31:02,0.08695652173913043
04/11/2025 15:31:03,0.19047619047619047
04/11/2025 15:31:03,0.08695652173913043
04/11/2025 15:31:03,0.041666666666666664
04/11/2025 15:31:03,0.13636363636363635
04/11/2025 15:31:03,0.25
04/11/2025 15:31:03,0.13636363636363635
04/11/2025 15:31:03,0.19047619047619047
04/11/2025 15:31:04,0.19047619047619047
04/11/2025 15:31:04,0.19047619047619047
04/11/2025 15:31:04,0.08695652173913043
04/11/2025 15:31:04,0.13636363636363635
04/11/2025 15:31:04,0.13636363636363635
04/11/2025 15:31:04,0.19047619047619047
04/11/2025 15:31:05,0.13636363636363635
04/11/2025 15:31:05,0.13636363636363635
04/11/2025 15:31:05,0.08695652173913043
04/11/2025 15:31:05,0.13636363636363635
04/11/2025 15:31:05,0.3157894736842105
04/11/2025 15:31:05,0.19047619047619047
04/11/2025 15:31:06,0.041666666666666664
04/11/2025 15:31:06,0.08695652173913043
04/11/2025 15:31:06,0.13636363636363635
04/11/2025 15:31:06,0.08695652173913043
04/11/2025 15:31:06,0.19047619047619047
04/11/2025 15:31:06,0.13636363636363635
04/11/2025 15:31:06,0.08695652173913043
04/11/2025 15:31:07,0.08695652173913043
04/11/2025 15:31:07,0.19047619047619047
04/11/2025 15:31:07,0.25
04/11/2025 15:31:07,0.13636363636363635
04/11/2025 15:31:07,0.13636363636363635
04/11/2025 15:31:07,0.041666666666666664
04/11/2025 15:31:08,0.13636363636363635
04/11/2025 15:31:08,0.13636363636363635
04/11/2025 15:31:08,0.3157894736842105
04/11/2025 15:31:08,0.13636363636363635
04/11/2025 15:31:08,0.08695652173913043
04/11/2025 15:31:08,0.13636363636363635
04/11/2025 15:31:09,0.08695652173913043
04/11/2025 15:31:09,0.19047619047619047
04/11/2025 15:31:09,0.08695652173913043
04/11/2025 15:31:09,0.13636363636363635
04/11/2025 15:31:09,0.19047619047619047
04/11/2025 15:31:09,0.08695652173913043
04/11/2025 15:31:10,0.13636363636363635
04/11/2025 15:31:10,0.08695652173913043
04/11/2025 15:31:10,0.19047619047619047
04/11/2025 15:31:10,0.08695652173913043
04/11/2025 15:31:10,0.13636363636363635
04/11/2025 15:31:10,0.13636363636363635
04/11/2025 15:31:10,0.08695652173913043
04/11/2025 15:31:11,0.08695652173913043
04/11/2025 15:31:11,0.13636363636363635
04/11/2025 15:31:11,0.13636363636363635
04/11/2025 15:31:11,0.19047619047619047
04/11/2025 15:31:11,0.25
04/11/2025 15:31:11,0.13636363636363635
04/11/2025 15:31:12,0.13636363636363635
04/11/2025 15:31:12,0.19047619047619047
04/11/2025 15:31:12,0.13636363636363635
04/11/2025 15:31:12,0.13636363636363635
04/11/2025 15:31:12,0.08695652173913043
04/11/2025 15:31:12,0.13636363636363635
04/11/2025 15:31:13,0.13636363636363635
04/11/2025 15:31:13,0.13636363636363635
04/11/2025 15:31:13,0.13636363636363635
04/11/2025 15:31:13,0.3157894736842105
04/11/2025 15:31:13,0.13636363636363635
04/11/2025 15:31:13,0.25
04/11/2025 15:31:13,0.25
04/11/2025 15:31:14,0.3157894736842105
04/11/2025 15:31:14,0.08695652173913043
04/11/2025 15:31:14,0.19047619047619047
04/11/2025 15:31:14,0.25
04/11/2025 15:31:14,0.13636363636363635
04/11/2025 15:31:14,0.041666666666666664
04/11/2025 15:31:15,0.13636363636363635
04/11/2025 15:31:15,0.08695652173913043
04/11/2025 15:31:15,0.08695652173913043
04/11/2025 15:31:15,0.13636363636363635
04/11/2025 15:31:15,0.19047619047619047
04/11/2025 15:31:15,0.19047619047619047
04/11/2025 15:31:16,0.13636363636363635
04/11/2025 15:31:16,0.13636363636363635
04/11/2025 15:31:16,0.13636363636363635
04/11/2025 15:31:16,0.08695652173913043
04/11/2025 15:31:16,0.19047619047619047
04/11/2025 15:31:16,0.041666666666666664
04/11/2025 15:31:17,0.19047619047619047
04/11/2025 15:31:17,0.041666666666666664
04/11/2025 15:31:17,0.08695652173913043
04/11/2025 15:31:17,0.3157894736842105
04/11/2025 15:31:17,0.13636363636363635
04/11/2025 15:31:17,0.19047619047619047
04/11/2025 15:31:17,0.19047619047619047
04/11/2025 15:31:18,0.08695652173913043
04/11/2025 15:31:18,0.25
04/11/2025 15:31:18,0.13636363636363635
04/11/2025 15:31:18,0.08695652173913043
04/11/2025 15:31:18,0.08695652173913043
04/11/2025 15:31:18,0.19047619047619047
04/11/2025 15:31:19,0.25
04/11/2025 15:31:19,0.19047619047619047
04/11/2025 15:31:19,0.041666666666666664
04/11/2025 15:31:19,0.13636363636363635
04/11/2025 15:31:19,0.19047619047619047
04/11/2025 15:31:19,0.19047619047619047
04/11/2025 15:31:20,0.13636363636363635
04/11/2025 15:31:20,0.041666666666666664
04/11/2025 15:31:20,0.08695652173913043
04/11/2025 15:31:20,0.08695652173913043
04/11/2025 15:31:20,0.25
04/11/2025 15:31:20,0.13636363636363635
04/11/2025 15:31:20,0.13636363636363635
04/11/2025 15:31:21,0.08695652173913043
04/11/2025 15:31:21,0.13636363636363635
04/11/2025 15:31:21,0.041666666666666664
04/11/2025 15:31:21,0.13636363636363635
04/11/2025 15:31:21,0.13636363636363635
04/11/2025 15:31:21,0.13636363636363635
04/11/2025 15:31:22,0.13636363636363635
04/11/2025 15:31:22,0.25
04/11/2025 15:31:22,0.13636363636363635
04/11/2025 15:31:22,0.19047619047619047
04/11/2025 15:31:22,0.19047619047619047
04/11/2025 15:31:22,0.25
04/11/2025 15:31:23,0.08695652173913043
04/11/2025 15:31:23,0.19047619047619047
04/11/2025 15:31:23,0.25
04/11/2025 15:31:23,0.13636363636363635
04/11/2025 15:31:23,0.08695652173913043
04/11/2025 15:31:23,0.19047619047619047
04/11/2025 15:31:23,0.13636363636363635
04/11/2025 15:31:24,0.13636363636363635
04/11/2025 15:31:24,0.08695652173913043
04/11/2025 15:31:24,0.19047619047619047
04/11/2025 15:31:24,0.3888888888888889
04/11/2025 15:31:24,0.041666666666666664
04/11/2025 15:31:24,0.19047619047619047
04/11/2025 15:31:25,0.041666666666666664
04/11/2025 15:31:25,0.19047619047619047
04/11/2025 15:31:25,0.08695652173913043
04/11/2025 15:31:25,0.19047619047619047
04/11/2025 15:31:25,0.13636363636363635
04/11/2025 15:31:25,0.25
04/11/2025 15:31:26,0.3888888888888889
04/11/2025 15:31:26,0.13636363636363635
04/11/2025 15:31:26,0.0
04/11/2025 15:31:26,0.25
04/11/2025 15:31:26,0.08695652173913043
04/11/2025 15:31:26,0.08695652173913043
04/11/2025 15:31:26,0.13636363636363635
04/11/2025 15:31:27,0.13636363636363635
04/11/2025 15:31:27,0.25
04/11/2025 15:31:27,0.08695652173913043
04/11/2025 15:31:27,0.19047619047619047
04/11/2025 15:31:27,0.19047619047619047
04/11/2025 15:31:27,0.08695652173913043
04/11/2025 15:31:28,0.25
04/11/2025 15:31:28,0.08695652173913043
04/11/2025 15:31:28,0.19047619047619047
04/11/2025 15:31:28,0.19047619047619047
04/11/2025 15:31:28,0.19047619047619047
04/11/2025 15:31:28,0.0
04/11/2025 15:31:28,0.041666666666666664
04/11/2025 15:31:29,0.041666666666666664
04/11/2025 15:31:29,0.13636363636363635
04/11/2025 15:31:29,0.25
04/11/2025 15:31:29,0.041666666666666664
04/11/2025 15:31:29,0.13636363636363635
04/11/2025 15:31:29,0.25
04/11/2025 15:31:30,0.08695652173913043
04/11/2025 15:31:30,0.08695652173913043
04/11/2025 15:31:30,0.13636363636363635
04/11/2025 15:31:30,0.13636363636363635
04/11/2025 15:31:30,0.25
04/11/2025 15:31:30,0.25
04/11/2025 15:31:30,0.13636363636363635
04/11/2025 15:31:31,0.19047619047619047
04/11/2025 15:31:31,0.13636363636363635
04/11/2025 15:31:31,0.19047619047619047
04/11/2025 15:31:31,0.19047619047619047
04/11/2025 15:31:31,0.13636363636363635
04/11/2025 15:31:31,0.19047619047619047
04/11/2025 15:31:32,0.041666666666666664
04/11/2025 15:31:32,0.13636363636363635
04/11/2025 15:31:32,0.13636363636363635
04/11/2025 15:31:32,0.08695652173913043
04/11/2025 15:31:32,0.25
04/11/2025 15:31:32,0.25
04/11/2025 15:31:33,0.08695652173913043
04/11/2025 15:31:33,0.13636363636363635
04/11/2025 15:31:33,0.13636363636363635
04/11/2025 15:31:33,0.25
04/11/2025 15:31:33,0.19047619047619047
04/11/2025 15:31:33,0.08695652173913043
04/11/2025 15:31:34,0.13636363636363635
04/11/2025 15:31:34,0.041666666666666664
04/11/2025 15:31:34,0.08695652173913043
04/11/2025 15:31:34,0.3157894736842105
04/11/2025 15:31:34,0.19047619047619047
04/11/2025 15:31:34,0.19047619047619047
04/11/2025 15:31:34,0.19047619047619047
04/11/2025 15:31:35,0.25
04/11/2025 15:31:35,0.08695652173913043
04/11/2025 15:31:35,0.0
04/11/2025 15:31:35,0.041666666666666664
04/11/2025 15:31:35,0.13636363636363635
04/11/2025 15:31:35,0.19047619047619047
04/11/2025 15:31:36,0.13636363636363635
04/11/2025 15:31:36,0.08695652173913043
04/11/2025 15:31:36,0.08695652173913043
04/11/2025 15:31:36,0.041666666666666664
04/11/2025 15:31:36,0.08695652173913043
04/11/2025 15:31:36,0.25
04/11/2025 15:31:37,0.08695652173913043
04/11/2025 15:31:37,0.08695652173913043
04/11/2025 15:31:37,0.08695652173913043
04/11/2025 15:31:37,0.041666666666666664
04/11/2025 15:31:37,0.13636363636363635
04/11/2025 15:31:37,0.13636363636363635
04/11/2025 15:31:38,0.19047619047619047
04/11/2025 15:31:38,0.13636363636363635
04/11/2025 15:31:38,0.19047619047619047
04/11/2025 15:31:38,0.13636363636363635
04/11/2025 15:31:38,0.19047619047619047
04/11/2025 15:31:38,0.13636363636363635
04/11/2025 15:31:39,0.19047619047619047
04/11/2025 15:31:39,0.19047619047619047
04/11/2025 15:31:39,0.25
04/11/2025 15:31:39,0.25
04/11/2025 15:31:39,0.0
04/11/2025 15:31:39,0.13636363636363635
04/11/2025 15:31:39,0.19047619047619047
04/11/2025 15:31:40,0.19047619047619047
04/11/2025 15:31:40,0.08695652173913043
04/11/2025 15:31:40,0.25
04/11/2025 15:31:40,0.19047619047619047
04/11/2025 15:31:40,0.19047619047619047
04/11/2025 15:31:40,0.08695652173913043
04/11/2025 15:31:41,0.13636363636363635
04/11/2025 15:31:41,0.13636363636363635
04/11/2025 15:31:41,0.08695652173913043
04/11/2025 15:31:41,0.25
04/11/2025 15:31:41,0.13636363636363635
04/11/2025 15:31:41,0.041666666666666664
04/11/2025 15:31:41,0.0
04/11/2025 15:31:42,0.041666666666666664
04/11/2025 15:31:42,0.19047619047619047
04/11/2025 15:31:42,0.13636363636363635
04/11/2025 15:31:42,0.13636363636363635
04/11/2025 15:31:42,0.19047619047619047
04/11/2025 15:31:42,0.08695652173913043
04/11/2025 15:31:43,0.08695652173913043
04/11/2025 15:31:43,0.08695652173913043
04/11/2025 15:31:43,0.13636363636363635
04/11/2025 15:31:43,0.13636363636363635
04/11/2025 15:31:43,0.13636363636363635
04/11/2025 15:31:43,0.13636363636363635
04/11/2025 15:31:44,0.13636363636363635
04/11/2025 15:31:44,0.19047619047619047
04/11/2025 15:31:44,0.041666666666666664
04/11/2025 15:31:44,0.041666666666666664
04/11/2025 15:31:44,0.08695652173913043
04/11/2025 15:31:44,0.13636363636363635
04/11/2025 15:31:44,0.13636363636363635
04/11/2025 15:31:45,0.25
04/11/2025 15:31:45,0.25
04/11/2025 15:31:45,0.08695652173913043
04/11/2025 15:31:45,0.08695652173913043
04/11/2025 15:31:45,0.13636363636363635
04/11/2025 15:31:45,0.08695652173913043
04/11/2025 15:31:46,0.13636363636363635
04/11/2025 15:31:46,0.041666666666666664
04/11/2025 15:31:46,0.13636363636363635
04/11/2025 15:31:46,0.08695652173913043
04/11/2025 15:31:46,0.13636363636363635
04/11/2025 15:31:46,0.25
04/11/2025 15:31:47,0.13636363636363635
04/11/2025 15:31:47,0.13636363636363635
04/11/2025 15:31:47,0.08695652173913043
04/11/2025 15:31:47,0.08695652173913043
04/11/2025 15:31:47,0.08695652173913043
04/11/2025 15:31:47,0.13636363636363635
04/11/2025 15:31:47,0.13636363636363635
04/11/2025 15:31:48,0.08695652173913043
04/11/2025 15:31:48,0.19047619047619047
04/11/2025 15:31:48,0.19047619047619047
04/11/2025 15:31:48,0.25
04/11/2025 15:31:48,0.19047619047619047
04/11/2025 15:31:48,0.08695652173913043
04/11/2025 15:31:49,0.19047619047619047
04/11/2025 15:31:49,0.13636363636363635
04/11/2025 15:31:49,0.041666666666666664
04/11/2025 15:31:49,0.3157894736842105
04/11/2025 15:31:49,0.13636363636363635
04/11/2025 15:31:49,0.19047619047619047
04/11/2025 15:31:50,0.13636363636363635
04/11/2025 15:31:50,0.041666666666666664
04/11/2025 15:31:50,0.08695652173913043
04/11/2025 15:31:50,0.19047619047619047
04/11/2025 15:31:50,0.041666666666666664
04/11/2025 15:31:50,0.041666666666666664
04/11/2025 15:31:50,0.041666666666666664
04/11/2025 15:31:51,0.19047619047619047
04/11/2025 15:31:51,0.08695652173913043
04/11/2025 15:31:51,0.13636363636363635
04/11/2025 15:31:51,0.19047619047619047
04/11/2025 15:31:51,0.041666666666666664
04/11/2025 15:31:51,0.19047619047619047
04/11/2025 15:31:52,0.13636363636363635
04/11/2025 15:31:52,0.13636363636363635
04/11/2025 15:31:52,0.19047619047619047
04/11/2025 15:31:52,0.25
04/11/2025 15:31:52,0.25
04/11/2025 15:31:52,0.13636363636363635
04/11/2025 15:31:53,0.25
04/11/2025 15:31:53,0.13636363636363635
04/11/2025 15:31:53,0.19047619047619047
04/11/2025 15:31:53,0.041666666666666664
04/11/2025 15:31:53,0.3157894736842105
04/11/2025 15:31:53,0.0
04/11/2025 15:31:53,0.041666666666666664
04/11/2025 15:31:54,0.19047619047619047
04/11/2025 15:31:54,0.19047619047619047
04/11/2025 15:31:54,0.08695652173913043
04/11/2025 15:31:54,0.08695652173913043
04/11/2025 15:31:54,0.19047619047619047
04/11/2025 15:31:54,0.08695652173913043
04/11/2025 15:31:55,0.08695652173913043
04/11/2025 15:31:55,0.19047619047619047
04/11/2025 15:31:55,0.19047619047619047
04/11/2025 15:31:55,0.08695652173913043
04/11/2025 15:31:55,0.13636363636363635
04/11/2025 15:31:55,0.13636363636363635
04/11/2025 15:31:56,0.13636363636363635
04/11/2025 15:31:56,0.25
04/11/2025 15:31:56,0.19047619047619047
04/11/2025 15:31:56,0.08695652173913043
04/11/2025 15:31:56,0.08695652173913043
04/11/2025 15:31:56,0.08695652173913043
04/11/2025 15:31:56,0.13636363636363635
04/11/2025 15:31:57,0.041666666666666664
04/11/2025 15:31:57,0.13636363636363635
04/11/2025 15:31:57,0.19047619047619047
04/11/2025 15:31:57,0.13636363636363635
04/11/2025 15:31:57,0.041666666666666664
04/11/2025 15:31:57,0.19047619047619047
04/11/2025 15:31:58,0.25
04/11/2025 15:31:58,0.19047619047619047
04/11/2025 15:31:58,0.25
04/11/2025 15:31:58,0.25
04/11/2025 15:31:58,0.08695652173913043
04/11/2025 15:31:58,0.08695652173913043
04/11/2025 15:31:59,0.08695652173913043
04/11/2025 15:31:59,0.13636363636363635
04/11/2025 15:31:59,0.13636363636363635
04/11/2025 15:31:59,0.25
04/11/2025 15:31:59,0.08695652173913043
04/11/2025 15:31:59,0.3157894736842105
04/11/2025 15:31:59,0.0
04/11/2025 15:32:00,0.19047619047619047
04/11/2025 15:32:00,0.08695652173913043
04/11/2025 15:32:00,0.08695652173913043
04/11/2025 15:32:00,0.13636363636363635
04/11/2025 15:32:00,0.13636363636363635
04/11/2025 15:32:00,0.19047619047619047
04/11/2025 15:32:01,0.19047619047619047
04/11/2025 15:32:01,0.041666666666666664
04/11/2025 15:32:01,0.13636363636363635
04/11/2025 15:32:01,0.25
04/11/2025 15:32:01,0.08695652173913043
04/11/2025 15:32:01,0.08695652173913043
04/11/2025 15:32:02,0.13636363636363635
04/11/2025 15:32:02,0.08695652173913043
04/11/2025 15:32:02,0.19047619047619047
04/11/2025 15:32:02,0.19047619047619047
04/11/2025 15:32:02,0.08695652173913043
04/11/2025 15:32:02,0.08695652173913043
04/11/2025 15:32:02,0.08695652173913043
04/11/2025 15:32:03,0.041666666666666664
04/11/2025 15:32:03,0.08695652173913043
04/11/2025 15:32:03,0.13636363636363635
04/11/2025 15:32:03,0.13636363636363635
04/11/2025 15:32:03,0.19047619047619047
04/11/2025 15:32:03,0.13636363636363635
04/11/2025 15:32:04,0.19047619047619047
04/11/2025 15:32:04,0.13636363636363635
04/11/2025 15:32:04,0.3157894736842105
04/11/2025 15:32:04,0.13636363636363635
04/11/2025 15:32:04,0.19047619047619047
04/11/2025 15:32:04,0.25
04/11/2025 15:32:04,0.25
04/11/2025 15:32:05,0.0
04/11/2025 15:32:05,0.13636363636363635
04/11/2025 15:32:05,0.13636363636363635
04/11/2025 15:32:05,0.041666666666666664
04/11/2025 15:32:05,0.13636363636363635
04/11/2025 15:32:05,0.19047619047619047
04/11/2025 15:32:06,0.041666666666666664
04/11/2025 15:32:06,0.041666666666666664
04/11/2025 15:32:06,0.08695652173913043
04/11/2025 15:32:06,0.13636363636363635
04/11/2025 15:32:06,0.13636363636363635
04/11/2025 15:32:06,0.3157894736842105
04/11/2025 15:32:07,0.13636363636363635
04/11/2025 15:32:07,0.19047619047619047
04/11/2025 15:32:07,0.13636363636363635
04/11/2025 15:32:07,0.041666666666666664
04/11/2025 15:32:07,0.041666666666666664
04/11/2025 15:32:07,0.19047619047619047
04/11/2025 15:32:07,0.13636363636363635
04/11/2025 15:32:08,0.08695652173913043
04/11/2025 15:32:08,0.0
04/11/2025 15:32:08,0.25
04/11/2025 15:32:08,0.08695652173913043
04/11/2025 15:32:08,0.13636363636363635
04/11/2025 15:32:08,0.13636363636363635
04/11/2025 15:32:09,0.25
04/11/2025 15:32:09,0.19047619047619047
04/11/2025 15:32:09,0.08695652173913043
04/11/2025 15:32:09,0.041666666666666664
04/11/2025 15:32:09,0.19047619047619047
04/11/2025 15:32:09,0.19047619047619047
04/11/2025 15:32:09,0.25
04/11/2025 15:32:10,0.3888888888888889
04/11/2025 15:32:10,0.13636363636363635
04/11/2025 15:32:10,0.25
04/11/2025 15:32:10,0.041666666666666664
04/11/2025 15:32:10,0.19047619047619047
04/11/2025 15:32:10,0.19047619047619047
04/11/2025 15:32:11,0.19047619047619047
04/11/2025 15:32:11,0.19047619047619047
04/11/2025 15:32:11,0.08695652173913043
04/11/2025 15:32:11,0.08695652173913043
04/11/2025 15:32:11,0.13636363636363635
04/11/2025 15:32:11,0.13636363636363635
04/11/2025 15:32:12,0.25
04/11/2025 15:32:12,0.19047619047619047
04/11/2025 15:32:12,0.13636363636363635
04/11/2025 15:32:12,0.13636363636363635
04/11/2025 15:32:12,0.041666666666666664
04/11/2025 15:32:12,0.19047619047619047
04/11/2025 15:32:12,0.08695652173913043
04/11/2025 15:32:13,0.19047619047619047
04/11/2025 15:32:13,0.13636363636363635
04/11/2025 15:32:13,0.041666666666666664
04/11/2025 15:32:13,0.13636363636363635
04/11/2025 15:32:13,0.041666666666666664
04/11/2025 15:32:13,0.08695652173913043
04/11/2025 15:32:14,0.13636363636363635
04/11/2025 15:32:14,0.19047619047619047
04/11/2025 15:32:14,0.19047619047619047
04/11/2025 15:32:14,0.08695652173913043
04/11/2025 15:32:14,0.19047619047619047
04/11/2025 15:32:14,0.19047619047619047
04/11/2025 15:32:15,0.3157894736842105
04/11/2025 15:32:15,0.13636363636363635
04/11/2025 15:32:15,0.19047619047619047
04/11/2025 15:32:15,0.08695652173913043
04/11/2025 15:32:15,0.08695652173913043
04/11/2025 15:32:15,0.041666666666666664
04/11/2025 15:32:15,0.041666666666666664
04/11/2025 15:32:16,0.08695652173913043
04/11/2025 15:32:16,0.13636363636363635
04/11/2025 15:32:16,0.19047619047619047
04/11/2025 15:32:16,0.13636363636363635
04/11/2025 15:32:16,0.13636363636363635
04/11/2025 15:32:16,0.13636363636363635
04/11/2025 15:32:17,0.08695652173913043
04/11/2025 15:32:17,0.25
04/11/2025 15:32:17,0.19047619047619047
04/11/2025 15:32:17,0.13636363636363635
04/11/2025 15:32:17,0.13636363636363635
04/11/2025 15:32:17,0.08695652173913043
04/11/2025 15:32:18,0.13636363636363635
04/11/2025 15:32:18,0.19047619047619047
04/11/2025 15:32:18,0.13636363636363635
04/11/2025 15:32:18,0.13636363636363635
04/11/2025 15:32:18,0.13636363636363635
04/11/2025 15:32:18,0.19047619047619047
04/11/2025 15:32:18,0.08695652173913043
04/11/2025 15:32:19,0.25
04/11/2025 15:32:19,0.19047619047619047
04/11/2025 15:32:19,0.08695652173913043
04/11/2025 15:32:19,0.13636363636363635
04/11/2025 15:32:19,0.13636363636363635
04/11/2025 15:32:19,0.08695652173913043
04/11/2025 15:32:20,0.13636363636363635
04/11/2025 15:32:20,0.13636363636363635
04/11/2025 15:32:20,0.08695652173913043
04/11/2025 15:32:20,0.19047619047619047
04/11/2025 15:32:20,0.19047619047619047
04/11/2025 15:32:20,0.19047619047619047
04/11/2025 15:32:21,0.19047619047619047
04/11/2025 15:32:21,0.13636363636363635
04/11/2025 15:32:21,0.041666666666666664
04/11/2025 15:32:21,0.13636363636363635
04/11/2025 15:32:21,0.19047619047619047
04/11/2025 15:32:21,0.13636363636363635
04/11/2025 15:32:21,0.25
04/11/2025 15:32:22,0.19047619047619047
04/11/2025 15:32:22,0.08695652173913043
04/11/2025 15:32:22,0.041666666666666664
04/11/2025 15:32:22,0.13636363636363635
04/11/2025 15:32:22,0.19047619047619047
04/11/2025 15:32:22,0.13636363636363635
04/11/2025 15:32:23,0.08695652173913043
04/11/2025 15:32:23,0.041666666666666664
04/11/2025 15:32:23,0.13636363636363635
04/11/2025 15:32:23,0.13636363636363635
04/11/2025 15:32:23,0.0
04/11/2025 15:32:23,0.13636363636363635
04/11/2025 15:32:23,0.13636363636363635
04/11/2025 15:32:24,0.08695652173913043
04/11/2025 15:32:24,0.041666666666666664
04/11/2025 15:32:24,0.13636363636363635
04/11/2025 15:32:24,0.08695652173913043
04/11/2025 15:32:24,0.0
04/11/2025 15:32:24,0.25
04/11/2025 15:32:25,0.19047619047619047
04/11/2025 15:32:25,0.08695652173913043
04/11/2025 15:32:25,0.08695652173913043
04/11/2025 15:32:25,0.19047619047619047
04/11/2025 15:32:25,0.25
04/11/2025 15:32:25,0.19047619047619047
04/11/2025 15:32:26,0.25
04/11/2025 15:32:26,0.13636363636363635
04/11/2025 15:32:26,0.25
04/11/2025 15:32:26,0.19047619047619047
04/11/2025 15:32:26,0.25
04/11/2025 15:32:26,0.13636363636363635
04/11/2025 15:32:26,0.08695652173913043
04/11/2025 15:32:27,0.19047619047619047
04/11/2025 15:32:27,0.13636363636363635
04/11/2025 15:32:27,0.08695652173913043
04/11/2025 15:32:27,0.19047619047619047
04/11/2025 15:32:27,0.13636363636363635
04/11/2025 15:32:27,0.08695652173913043
04/11/2025 15:32:28,0.13636363636363635
04/11/2025 15:32:28,0.13636363636363635
04/11/2025 15:32:28,0.25
04/11/2025 15:32:28,0.13636363636363635
04/11/2025 15:32:28,0.13636363636363635
04/11/2025 15:32:28,0.19047619047619047
04/11/2025 15:32:28,0.13636363636363635
04/11/2025 15:32:29,0.08695652173913043
04/11/2025 15:32:29,0.08695652173913043
04/11/2025 15:32:29,0.19047619047619047
04/11/2025 15:32:29,0.08695652173913043
04/11/2025 15:32:29,0.25
04/11/2025 15:32:29,0.08695652173913043
04/11/2025 15:32:30,0.08695652173913043
04/11/2025 15:32:30,0.041666666666666664
04/11/2025 15:32:30,0.08695652173913043
04/11/2025 15:32:30,0.13636363636363635
04/11/2025 15:32:30,0.19047619047619047
04/11/2025 15:32:30,0.19047619047619047
04/11/2025 15:32:31,0.13636363636363635
04/11/2025 15:32:31,0.19047619047619047
04/11/2025 15:32:31,0.08695652173913043
04/11/2025 15:32:31,0.3157894736842105
04/11/2025 15:32:31,0.0
04/11/2025 15:32:31,0.13636363636363635
04/11/2025 15:32:31,0.13636363636363635
04/11/2025 15:32:32,0.25
04/11/2025 15:32:32,0.25
04/11/2025 15:32:32,0.19047619047619047
04/11/2025 15:32:32,0.25
04/11/2025 15:32:32,0.13636363636363635
04/11/2025 15:32:32,0.08695652173913043
04/11/2025 15:32:33,0.13636363636363635
04/11/2025 15:32:33,0.13636363636363635
04/11/2025 15:32:33,0.25
04/11/2025 15:32:33,0.13636363636363635
04/11/2025 15:32:33,0.13636363636363635
04/11/2025 15:32:33,0.13636363636363635
04/11/2025 15:32:33,0.13636363636363635
04/11/2025 15:32:34,0.13636363636363635
04/11/2025 15:32:34,0.041666666666666664
04/11/2025 15:32:34,0.041666666666666664
04/11/2025 15:32:34,0.13636363636363635
04/11/2025 15:32:34,0.041666666666666664
04/11/2025 15:32:34,0.041666666666666664
04/11/2025 15:32:35,0.08695652173913043
04/11/2025 15:32:35,0.13636363636363635
04/11/2025 15:32:35,0.13636363636363635
04/11/2025 15:32:35,0.25
04/11/2025 15:32:35,0.19047619047619047
04/11/2025 15:32:35,0.19047619047619047
04/11/2025 15:32:36,0.08695652173913043
04/11/2025 15:32:36,0.3157894736842105
04/11/2025 15:32:36,0.19047619047619047
04/11/2025 15:32:36,0.19047619047619047
04/11/2025 15:32:36,0.041666666666666664
04/11/2025 15:32:36,0.13636363636363635
04/11/2025 15:32:36,0.13636363636363635
04/11/2025 15:32:37,0.19047619047619047
04/11/2025 15:32:37,0.041666666666666664
04/11/2025 15:32:37,0.13636363636363635
04/11/2025 15:32:37,0.08695652173913043
04/11/2025 15:32:37,0.13636363636363635
04/11/2025 15:32:37,0.08695652173913043
04/11/2025 15:32:38,0.13636363636363635
04/11/2025 15:32:38,0.19047619047619047
04/11/2025 15:32:38,0.13636363636363635
04/11/2025 15:32:38,0.25
04/11/2025 15:32:38,0.13636363636363635
04/11/2025 15:32:38,0.19047619047619047
04/11/2025 15:32:39,0.13636363636363635
04/11/2025 15:32:39,0.19047619047619047
04/11/2025 15:32:39,0.13636363636363635
04/11/2025 15:32:39,0.19047619047619047
04/11/2025 15:32:39,0.25
04/11/2025 15:32:39,0.13636363636363635
04/11/2025 15:32:39,0.13636363636363635
04/11/2025 15:32:40,0.13636363636363635
04/11/2025 15:32:40,0.13636363636363635
04/11/2025 15:32:40,0.19047619047619047
04/11/2025 15:32:40,0.19047619047619047
04/11/2025 15:32:40,0.13636363636363635
04/11/2025 15:32:40,0.13636363636363635
04/11/2025 15:32:41,0.08695652173913043
04/11/2025 15:32:41,0.25
04/11/2025 15:32:41,0.19047619047619047
04/11/2025 15:32:41,0.19047619047619047
04/11/2025 15:32:41,0.041666666666666664
04/11/2025 15:32:41,0.25
04/11/2025 15:32:42,0.13636363636363635
04/11/2025 15:32:42,0.19047619047619047
04/11/2025 15:32:42,0.13636363636363635
04/11/2025 15:32:42,0.19047619047619047
04/11/2025 15:32:42,0.3888888888888889
04/11/2025 15:32:42,0.13636363636363635
04/11/2025 15:32:43,0.25
04/11/2025 15:32:43,0.19047619047619047
04/11/2025 15:32:43,0.25
04/11/2025 15:32:43,0.08695652173913043
04/11/2025 15:32:44,0.13636363636363635
04/11/2025 15:32:44,0.08695652173913043
04/11/2025 15:32:44,0.13636363636363635
04/11/2025 15:32:44,0.13636363636363635
04/11/2025 15:32:44,0.19047619047619047
04/11/2025 15:32:44,0.19047619047619047
04/11/2025 15:32:44,0.13636363636363635
04/11/2025 15:32:45,0.19047619047619047
04/11/2025 15:32:45,0.08695652173913043
04/11/2025 15:32:45,0.19047619047619047
04/11/2025 15:32:45,0.19047619047619047
04/11/2025 15:32:45,0.25
04/11/2025 15:32:45,0.08695652173913043
04/11/2025 15:32:46,0.13636363636363635
04/11/2025 15:32:46,0.13636363636363635
04/11/2025 15:32:46,0.13636363636363635
04/11/2025 15:32:46,0.19047619047619047
04/11/2025 15:32:46,0.08695652173913043
04/11/2025 15:32:46,0.13636363636363635
04/11/2025 15:32:47,0.08695652173913043
04/11/2025 15:32:47,0.08695652173913043
04/11/2025 15:32:47,0.08695652173913043
04/11/2025 15:32:47,0.08695652173913043
04/11/2025 15:32:48,0.041666666666666664
04/11/2025 15:32:48,0.08695652173913043
04/11/2025 15:32:48,0.041666666666666664
04/11/2025 15:32:48,0.13636363636363635
04/11/2025 15:32:48,0.13636363636363635
04/11/2025 15:32:49,0.041666666666666664
04/11/2025 15:32:49,0.08695652173913043
04/11/2025 15:32:49,0.08695652173913043
04/11/2025 15:32:49,0.13636363636363635
04/11/2025 15:32:49,0.08695652173913043
04/11/2025 15:32:49,0.08695652173913043
04/11/2025 15:32:50,0.13636363636363635
04/11/2025 15:32:50,0.19047619047619047
04/11/2025 15:32:50,0.041666666666666664
04/11/2025 15:32:50,0.08695652173913043
04/11/2025 15:32:50,0.08695652173913043
04/11/2025 15:32:50,0.25
04/11/2025 15:32:50,0.25
04/11/2025 15:32:51,0.13636363636363635
04/11/2025 15:32:51,0.08695652173913043
04/11/2025 15:32:51,0.13636363636363635
04/11/2025 15:32:51,0.25
04/11/2025 15:32:51,0.13636363636363635
04/11/2025 15:32:52,0.08695652173913043
04/11/2025 15:32:52,0.13636363636363635
04/11/2025 15:32:52,0.19047619047619047
04/11/2025 15:32:52,0.25
04/11/2025 15:32:52,0.13636363636363635
04/11/2025 15:32:52,0.25
04/11/2025 15:32:53,0.25
04/11/2025 15:32:53,0.13636363636363635
04/11/2025 15:32:53,0.3157894736842105
04/11/2025 15:32:53,0.041666666666666664
04/11/2025 15:32:53,0.0
04/11/2025 15:32:53,0.08695652173913043
04/11/2025 15:32:53,0.19047619047619047
04/11/2025 15:32:54,0.08695652173913043
04/11/2025 15:32:54,0.13636363636363635
04/11/2025 15:32:54,0.13636363636363635
04/11/2025 15:32:54,0.19047619047619047
04/11/2025 15:32:54,0.041666666666666664
04/11/2025 15:32:54,0.19047619047619047
04/11/2025 15:32:55,0.25
04/11/2025 15:32:55,0.13636363636363635
04/11/2025 15:32:55,0.19047619047619047
04/11/2025 15:32:55,0.041666666666666664
04/11/2025 15:32:55,0.25
04/11/2025 15:32:55,0.13636363636363635
04/11/2025 15:32:56,0.13636363636363635
04/11/2025 15:32:56,0.13636363636363635
04/11/2025 15:32:56,0.3157894736842105
04/11/2025 15:32:56,0.13636363636363635
04/11/2025 15:32:56,0.13636363636363635
04/11/2025 15:32:56,0.19047619047619047
04/11/2025 15:32:56,0.13636363636363635
04/11/2025 15:32:57,0.08695652173913043
04/11/2025 15:32:57,0.13636363636363635
04/11/2025 15:32:57,0.19047619047619047
04/11/2025 15:32:57,0.19047619047619047
04/11/2025 15:32:57,0.08695652173913043
04/11/2025 15:32:57,0.19047619047619047
04/11/2025 15:32:58,0.19047619047619047
04/11/2025 15:32:58,0.13636363636363635
04/11/2025 15:32:58,0.08695652173913043
04/11/2025 15:32:58,0.19047619047619047
04/11/2025 15:32:58,0.19047619047619047
04/11/2025 15:32:58,0.19047619047619047
04/11/2025 15:32:59,0.19047619047619047
04/11/2025 15:32:59,0.13636363636363635
04/11/2025 15:32:59,0.25
04/11/2025 15:32:59,0.08695652173913043
04/11/2025 15:32:59,0.13636363636363635
04/11/2025 15:32:59,0.13636363636363635
04/11/2025 15:33:00,0.19047619047619047
04/11/2025 15:33:00,0.13636363636363635
04/11/2025 15:33:00,0.13636363636363635
04/11/2025 15:33:00,0.13636363636363635
04/11/2025 15:33:00,0.25
04/11/2025 15:33:00,0.041666666666666664
04/11/2025 15:33:00,0.13636363636363635
04/11/2025 15:33:01,0.19047619047619047
04/11/2025 15:33:01,0.13636363636363635
04/11/2025 15:33:01,0.08695652173913043
04/11/2025 15:33:01,0.08695652173913043
04/11/2025 15:33:01,0.13636363636363635
04/11/2025 15:33:01,0.19047619047619047
04/11/2025 15:33:02,0.13636363636363635
04/11/2025 15:33:02,0.08695652173913043
04/11/2025 15:33:02,0.19047619047619047
04/11/2025 15:33:02,0.13636363636363635
04/11/2025 15:33:02,0.13636363636363635
04/11/2025 15:33:02,0.19047619047619047
04/11/2025 15:33:03,0.19047619047619047
04/11/2025 15:33:03,0.25
04/11/2025 15:33:03,0.3157894736842105
04/11/2025 15:33:03,0.13636363636363635
04/11/2025 15:33:03,0.08695652173913043
04/11/2025 15:33:03,0.13636363636363635
04/11/2025 15:33:03,0.13636363636363635
04/11/2025 15:33:04,0.08695652173913043
04/11/2025 15:33:04,0.19047619047619047
04/11/2025 15:33:04,0.25
04/11/2025 15:33:04,0.13636363636363635
04/11/2025 15:33:04,0.19047619047619047
04/11/2025 15:33:04,0.25
04/11/2025 15:33:05,0.3157894736842105
04/11/2025 15:33:05,0.13636363636363635
04/11/2025 15:33:05,0.3157894736842105
04/11/2025 15:33:05,0.19047619047619047
04/11/2025 15:33:05,0.08695652173913043
04/11/2025 15:33:05,0.13636363636363635
04/11/2025 15:33:05,0.19047619047619047
04/11/2025 15:33:06,0.19047619047619047
04/11/2025 15:33:06,0.19047619047619047
04/11/2025 15:33:06,0.13636363636363635
04/11/2025 15:33:06,0.041666666666666664
04/11/2025 15:33:06,0.13636363636363635
04/11/2025 15:33:06,0.19047619047619047
04/11/2025 15:33:07,0.041666666666666664
04/11/2025 15:33:07,0.19047619047619047
04/11/2025 15:33:07,0.08695652173913043
04/11/2025 15:33:07,0.19047619047619047
04/11/2025 15:33:07,0.13636363636363635
04/11/2025 15:33:07,0.08695652173913043
04/11/2025 15:33:08,0.13636363636363635
04/11/2025 15:33:08,0.19047619047619047
04/11/2025 15:33:08,0.08695652173913043
04/11/2025 15:33:08,0.08695652173913043
04/11/2025 15:33:08,0.08695652173913043
04/11/2025 15:33:08,0.25
04/11/2025 15:33:08,0.13636363636363635
04/11/2025 15:33:09,0.19047619047619047
04/11/2025 15:33:09,0.19047619047619047
04/11/2025 15:33:09,0.08695652173913043
04/11/2025 15:33:09,0.25
04/11/2025 15:33:09,0.25
04/11/2025 15:33:09,0.19047619047619047
04/11/2025 15:33:10,0.19047619047619047
04/11/2025 15:33:10,0.041666666666666664
04/11/2025 15:33:10,0.041666666666666664
04/11/2025 15:33:10,0.041666666666666664
04/11/2025 15:33:10,0.041666666666666664
04/11/2025 15:33:10,0.08695652173913043
04/11/2025 15:33:11,0.13636363636363635
04/11/2025 15:33:11,0.25
04/11/2025 15:33:11,0.19047619047619047
04/11/2025 15:33:11,0.08695652173913043
04/11/2025 15:33:11,0.25
04/11/2025 15:33:11,0.25
04/11/2025 15:33:11,0.19047619047619047
04/11/2025 15:33:12,0.041666666666666664
04/11/2025 15:33:12,0.19047619047619047
04/11/2025 15:33:12,0.19047619047619047
04/11/2025 15:33:12,0.08695652173913043
04/11/2025 15:33:12,0.13636363636363635
04/11/2025 15:33:12,0.041666666666666664
04/11/2025 15:33:13,0.19047619047619047
04/11/2025 15:33:13,0.19047619047619047
04/11/2025 15:33:13,0.13636363636363635
04/11/2025 15:33:13,0.19047619047619047
04/11/2025 15:33:13,0.041666666666666664
04/11/2025 15:33:13,0.25
04/11/2025 15:33:14,0.08695652173913043
04/11/2025 15:33:14,0.19047619047619047
04/11/2025 15:33:14,0.19047619047619047
04/11/2025 15:33:14,0.0
04/11/2025 15:33:14,0.08695652173913043
04/11/2025 15:33:14,0.19047619047619047
04/11/2025 15:33:14,0.13636363636363635
04/11/2025 15:33:15,0.041666666666666664
04/11/2025 15:33:15,0.13636363636363635
04/11/2025 15:33:15,0.041666666666666664
04/11/2025 15:33:15,0.13636363636363635
04/11/2025 15:33:15,0.3157894736842105
04/11/2025 15:33:15,0.08695652173913043
04/11/2025 15:33:16,0.19047619047619047
04/11/2025 15:33:16,0.08695652173913043
04/11/2025 15:33:16,0.19047619047619047
04/11/2025 15:33:16,0.19047619047619047
04/11/2025 15:33:16,0.08695652173913043
04/11/2025 15:33:16,0.25
04/11/2025 15:33:17,0.13636363636363635
04/11/2025 15:33:17,0.3888888888888889
04/11/2025 15:33:17,0.19047619047619047
04/11/2025 15:33:17,0.08695652173913043
04/11/2025 15:33:17,0.041666666666666664
04/11/2025 15:33:17,0.041666666666666664
04/11/2025 15:33:17,0.08695652173913043
04/11/2025 15:33:18,0.041666666666666664
04/11/2025 15:33:18,0.08695652173913043
04/11/2025 15:33:18,0.19047619047619047
04/11/2025 15:33:18,0.08695652173913043
04/11/2025 15:33:18,0.19047619047619047
04/11/2025 15:33:18,0.08695652173913043
04/11/2025 15:33:19,0.13636363636363635
04/11/2025 15:33:19,0.041666666666666664
04/11/2025 15:33:19,0.08695652173913043
04/11/2025 15:33:19,0.13636363636363635
04/11/2025 15:33:19,0.13636363636363635
04/11/2025 15:33:19,0.19047619047619047
04/11/2025 15:33:20,0.08695652173913043
04/11/2025 15:33:20,0.0
04/11/2025 15:33:20,0.19047619047619047
04/11/2025 15:33:20,0.19047619047619047
04/11/2025 15:33:20,0.25
04/11/2025 15:33:20,0.041666666666666664
04/11/2025 15:33:20,0.08695652173913043
04/11/2025 15:33:21,0.19047619047619047
04/11/2025 15:33:21,0.08695652173913043
04/11/2025 15:33:21,0.13636363636363635
04/11/2025 15:33:21,0.25
04/11/2025 15:33:21,0.25
04/11/2025 15:33:21,0.041666666666666664
04/11/2025 15:33:22,0.19047619047619047
04/11/2025 15:33:22,0.19047619047619047
04/11/2025 15:33:22,0.25
04/11/2025 15:33:22,0.041666666666666664
04/11/2025 15:33:22,0.13636363636363635
04/11/2025 15:33:22,0.0
04/11/2025 15:33:23,0.08695652173913043
04/11/2025 15:33:23,0.19047619047619047
04/11/2025 15:33:23,0.19047619047619047
04/11/2025 15:33:23,0.041666666666666664
04/11/2025 15:33:23,0.25
04/11/2025 15:33:23,0.19047619047619047
04/11/2025 15:33:24,0.19047619047619047
04/11/2025 15:33:24,0.13636363636363635
04/11/2025 15:33:24,0.08695652173913043
04/11/2025 15:33:24,0.08695652173913043
04/11/2025 15:33:24,0.13636363636363635
04/11/2025 15:33:24,0.19047619047619047
04/11/2025 15:33:24,0.25
04/11/2025 15:33:25,0.041666666666666664
04/11/2025 15:33:25,0.19047619047619047
04/11/2025 15:33:25,0.13636363636363635
04/11/2025 15:33:25,0.13636363636363635
04/11/2025 15:33:25,0.13636363636363635
04/11/2025 15:33:25,0.19047619047619047
04/11/2025 15:33:26,0.08695652173913043
04/11/2025 15:33:26,0.25
04/11/2025 15:33:26,0.25
04/11/2025 15:33:26,0.13636363636363635
04/11/2025 15:33:26,0.08695652173913043
04/11/2025 15:33:26,0.041666666666666664
04/11/2025 15:33:27,0.19047619047619047
04/11/2025 15:33:27,0.08695652173913043
04/11/2025 15:33:27,0.08695652173913043
04/11/2025 15:33:27,0.19047619047619047
04/11/2025 15:33:27,0.13636363636363635
04/11/2025 15:33:27,0.08695652173913043
04/11/2025 15:33:27,0.13636363636363635
04/11/2025 15:33:28,0.3157894736842105
04/11/2025 15:33:28,0.041666666666666664
04/11/2025 15:33:28,0.19047619047619047
04/11/2025 15:33:28,0.13636363636363635
04/11/2025 15:33:28,0.13636363636363635
04/11/2025 15:33:28,0.041666666666666664
04/11/2025 15:33:29,0.0
04/11/2025 15:33:29,0.0
04/11/2025 15:33:29,0.25
04/11/2025 15:33:29,0.0
04/11/2025 15:33:29,0.19047619047619047
04/11/2025 15:33:29,0.041666666666666664
04/11/2025 15:33:29,0.13636363636363635
04/11/2025 15:33:30,0.19047619047619047
04/11/2025 15:33:30,0.19047619047619047
04/11/2025 15:33:30,0.13636363636363635
04/11/2025 15:33:30,0.041666666666666664
04/11/2025 15:33:30,0.13636363636363635
04/11/2025 15:33:30,0.08695652173913043
04/11/2025 15:33:31,0.08695652173913043
04/11/2025 15:33:31,0.0
04/11/2025 15:33:31,0.19047619047619047
04/11/2025 15:33:31,0.041666666666666664
04/11/2025 15:33:31,0.08695652173913043
04/11/2025 15:33:31,0.25
04/11/2025 15:33:32,0.13636363636363635
04/11/2025 15:33:32,0.13636363636363635
04/11/2025 15:33:32,0.13636363636363635
04/11/2025 15:33:32,0.041666666666666664
04/11/2025 15:33:32,0.13636363636363635
04/11/2025 15:33:32,0.08695652173913043
04/11/2025 15:33:33,0.041666666666666664
04/11/2025 15:33:33,0.041666666666666664
04/11/2025 15:33:33,0.19047619047619047
04/11/2025 15:33:33,0.13636363636363635
04/11/2025 15:33:33,0.13636363636363635
04/11/2025 15:33:33,0.08695652173913043
04/11/2025 15:33:33,0.19047619047619047
04/11/2025 15:33:34,0.19047619047619047
04/11/2025 15:33:34,0.13636363636363635
04/11/2025 15:33:34,0.13636363636363635
04/11/2025 15:33:34,0.19047619047619047
04/11/2025 15:33:34,0.13636363636363635
04/11/2025 15:33:35,0.041666666666666664
04/11/2025 15:33:35,0.19047619047619047
04/11/2025 15:33:35,0.13636363636363635
04/11/2025 15:33:35,0.041666666666666664
04/11/2025 15:33:35,0.08695652173913043
04/11/2025 15:33:35,0.041666666666666664
04/11/2025 15:33:35,0.13636363636363635
04/11/2025 15:33:36,0.08695652173913043
04/11/2025 15:33:36,0.08695652173913043
04/11/2025 15:33:36,0.19047619047619047
04/11/2025 15:33:36,0.13636363636363635
04/11/2025 15:33:36,0.19047619047619047
04/11/2025 15:33:36,0.13636363636363635
04/11/2025 15:33:37,0.041666666666666664
04/11/2025 15:33:37,0.19047619047619047
04/11/2025 15:33:37,0.08695652173913043
04/11/2025 15:33:37,0.13636363636363635
04/11/2025 15:33:37,0.25
04/11/2025 15:33:37,0.13636363636363635
04/11/2025 15:33:38,0.041666666666666664
04/11/2025 15:33:38,0.041666666666666664
04/11/2025 15:33:38,0.13636363636363635
04/11/2025 15:33:38,0.08695652173913043
04/11/2025 15:33:38,0.25
04/11/2025 15:33:38,0.08695652173913043
04/11/2025 15:33:38,0.19047619047619047
04/11/2025 15:33:39,0.041666666666666664
04/11/2025 15:33:39,0.13636363636363635
04/11/2025 15:33:39,0.25
04/11/2025 15:33:39,0.08695652173913043
04/11/2025 15:33:39,0.08695652173913043
04/11/2025 15:33:39,0.25
04/11/2025 15:33:40,0.13636363636363635
04/11/2025 15:33:40,0.13636363636363635
04/11/2025 15:33:40,0.25
04/11/2025 15:33:40,0.19047619047619047
04/11/2025 15:33:40,0.13636363636363635
04/11/2025 15:33:40,0.13636363636363635
04/11/2025 15:33:41,0.13636363636363635
04/11/2025 15:33:41,0.13636363636363635
04/11/2025 15:33:41,0.19047619047619047
04/11/2025 15:33:41,0.08695652173913043
04/11/2025 15:33:41,0.08695652173913043
04/11/2025 15:33:41,0.08695652173913043
04/11/2025 15:33:41,0.19047619047619047
04/11/2025 15:33:42,0.0
04/11/2025 15:33:42,0.13636363636363635
04/11/2025 15:33:42,0.08695652173913043
04/11/2025 15:33:42,0.08695652173913043
04/11/2025 15:33:42,0.19047619047619047
04/11/2025 15:33:42,0.13636363636363635
04/11/2025 15:33:43,0.19047619047619047
04/11/2025 15:33:43,0.08695652173913043
04/11/2025 15:33:43,0.13636363636363635
04/11/2025 15:33:43,0.25
04/11/2025 15:33:43,0.19047619047619047
04/11/2025 15:33:43,0.041666666666666664
04/11/2025 15:33:43,0.25
04/11/2025 15:33:44,0.041666666666666664
04/11/2025 15:33:44,0.13636363636363635
04/11/2025 15:33:44,0.08695652173913043
04/11/2025 15:33:44,0.08695652173913043
04/11/2025 15:33:44,0.041666666666666664
04/11/2025 15:33:44,0.25
04/11/2025 15:33:45,0.25
04/11/2025 15:33:45,0.08695652173913043
04/11/2025 15:33:45,0.13636363636363635
04/11/2025 15:33:45,0.19047619047619047
04/11/2025 15:33:45,0.25
04/11/2025 15:33:45,0.25
04/11/2025 15:33:46,0.19047619047619047
04/11/2025 15:33:46,0.13636363636363635
04/11/2025 15:33:46,0.13636363636363635
04/11/2025 15:33:46,0.19047619047619047
04/11/2025 15:33:46,0.13636363636363635
04/11/2025 15:33:46,0.08695652173913043
04/11/2025 15:33:47,0.08695652173913043
04/11/2025 15:33:47,0.13636363636363635
04/11/2025 15:33:47,0.13636363636363635
04/11/2025 15:33:47,0.08695652173913043
04/11/2025 15:33:47,0.19047619047619047
04/11/2025 15:33:47,0.13636363636363635
04/11/2025 15:33:47,0.041666666666666664
04/11/2025 15:33:48,0.041666666666666664
04/11/2025 15:33:48,0.13636363636363635
04/11/2025 15:33:48,0.041666666666666664
04/11/2025 15:33:48,0.19047619047619047
04/11/2025 15:33:48,0.19047619047619047
04/11/2025 15:33:48,0.08695652173913043
04/11/2025 15:33:49,0.08695652173913043
04/11/2025 15:33:49,0.13636363636363635
04/11/2025 15:33:49,0.08695652173913043
04/11/2025 15:33:49,0.041666666666666664
04/11/2025 15:33:49,0.08695652173913043
04/11/2025 15:33:49,0.25
04/11/2025 15:33:49,0.13636363636363635
04/11/2025 15:33:50,0.08695652173913043
04/11/2025 15:33:50,0.25
04/11/2025 15:33:50,0.13636363636363635
04/11/2025 15:33:50,0.25
04/11/2025 15:33:50,0.08695652173913043
04/11/2025 15:33:50,0.08695652173913043
04/11/2025 15:33:51,0.13636363636363635
04/11/2025 15:33:51,0.08695652173913043
04/11/2025 15:33:51,0.08695652173913043
04/11/2025 15:33:51,0.19047619047619047
04/11/2025 15:33:51,0.08695652173913043
04/11/2025 15:33:51,0.08695652173913043
04/11/2025 15:33:52,0.041666666666666664
04/11/2025 15:33:52,0.08695652173913043
04/11/2025 15:33:52,0.19047619047619047
04/11/2025 15:33:52,0.13636363636363635
04/11/2025 15:33:52,0.041666666666666664
04/11/2025 15:33:52,0.25
04/11/2025 15:33:52,0.13636363636363635
04/11/2025 15:33:53,0.25
04/11/2025 15:33:53,0.19047619047619047
04/11/2025 15:33:53,0.3888888888888889
04/11/2025 15:33:53,0.13636363636363635
04/11/2025 15:33:53,0.19047619047619047
04/11/2025 15:33:53,0.041666666666666664
04/11/2025 15:33:54,0.19047619047619047
04/11/2025 15:33:54,0.19047619047619047
04/11/2025 15:33:54,0.08695652173913043
04/11/2025 15:33:54,0.08695652173913043
04/11/2025 15:33:54,0.13636363636363635
04/11/2025 15:33:54,0.0
04/11/2025 15:33:54,0.25
04/11/2025 15:33:55,0.13636363636363635
04/11/2025 15:33:55,0.13636363636363635
04/11/2025 15:33:55,0.13636363636363635
04/11/2025 15:33:55,0.13636363636363635
04/11/2025 15:33:55,0.19047619047619047
04/11/2025 15:33:55,0.13636363636363635
04/11/2025 15:33:56,0.041666666666666664
04/11/2025 15:33:56,0.08695652173913043
04/11/2025 15:33:56,0.25
04/11/2025 15:33:56,0.08695652173913043
04/11/2025 15:33:56,0.08695652173913043
04/11/2025 15:33:56,0.13636363636363635
04/11/2025 15:33:56,0.13636363636363635
04/11/2025 15:33:57,0.25
04/11/2025 15:33:57,0.19047619047619047
04/11/2025 15:33:57,0.19047619047619047
04/11/2025 15:33:57,0.13636363636363635
04/11/2025 15:33:57,0.08695652173913043
04/11/2025 15:33:57,0.25
04/11/2025 15:33:58,0.3157894736842105
04/11/2025 15:33:58,0.13636363636363635
04/11/2025 15:33:58,0.19047619047619047
04/11/2025 15:33:58,0.19047619047619047
04/11/2025 15:33:58,0.19047619047619047
04/11/2025 15:33:58,0.13636363636363635
04/11/2025 15:33:59,0.19047619047619047
04/11/2025 15:33:59,0.13636363636363635
04/11/2025 15:33:59,0.13636363636363635
04/11/2025 15:33:59,0.19047619047619047
04/11/2025 15:33:59,0.08695652173913043
04/11/2025 15:33:59,0.19047619047619047
04/11/2025 15:34:00,0.08695652173913043
04/11/2025 15:34:00,0.13636363636363635
04/11/2025 15:34:00,0.19047619047619047
04/11/2025 15:34:00,0.08695652173913043
04/11/2025 15:34:00,0.13636363636363635
04/11/2025 15:34:00,0.13636363636363635
04/11/2025 15:34:00,0.13636363636363635
04/11/2025 15:34:01,0.08695652173913043
04/11/2025 15:34:01,0.13636363636363635
04/11/2025 15:34:01,0.13636363636363635
04/11/2025 15:34:01,0.13636363636363635
04/11/2025 15:34:01,0.08695652173913043
04/11/2025 15:34:01,0.13636363636363635
04/11/2025 15:34:02,0.08695652173913043
04/11/2025 15:34:02,0.041666666666666664
04/11/2025 15:34:02,0.08695652173913043
04/11/2025 15:34:02,0.13636363636363635
04/11/2025 15:34:02,0.19047619047619047
04/11/2025 15:34:02,0.08695652173913043
04/11/2025 15:34:03,0.041666666666666664
04/11/2025 15:34:03,0.08695652173913043
04/11/2025 15:34:03,0.08695652173913043
04/11/2025 15:34:03,0.08695652173913043
04/11/2025 15:34:03,0.08695652173913043
04/11/2025 15:34:03,0.13636363636363635
04/11/2025 15:34:03,0.25
04/11/2025 15:34:04,0.08695652173913043
04/11/2025 15:34:04,0.08695652173913043
04/11/2025 15:34:04,0.19047619047619047
04/11/2025 15:34:04,0.19047619047619047
04/11/2025 15:34:04,0.08695652173913043
04/11/2025 15:34:04,0.041666666666666664
04/11/2025 15:34:05,0.19047619047619047
04/11/2025 15:34:05,0.08695652173913043
04/11/2025 15:34:05,0.13636363636363635
04/11/2025 15:34:05,0.25
04/11/2025 15:34:05,0.041666666666666664
04/11/2025 15:34:05,0.13636363636363635
04/11/2025 15:34:05,0.19047619047619047
04/11/2025 15:34:06,0.19047619047619047
04/11/2025 15:34:06,0.08695652173913043
04/11/2025 15:34:06,0.08695652173913043
04/11/2025 15:34:06,0.19047619047619047
04/11/2025 15:34:06,0.19047619047619047
04/11/2025 15:34:06,0.08695652173913043
04/11/2025 15:34:07,0.0
04/11/2025 15:34:07,0.041666666666666664
04/11/2025 15:34:07,0.08695652173913043
04/11/2025 15:34:07,0.041666666666666664
04/11/2025 15:34:07,0.13636363636363635
04/11/2025 15:34:07,0.25
04/11/2025 15:34:07,0.0
04/11/2025 15:34:08,0.13636363636363635
04/11/2025 15:34:08,0.19047619047619047
04/11/2025 15:34:08,0.19047619047619047
04/11/2025 15:34:08,0.08695652173913043
04/11/2025 15:34:08,0.041666666666666664
04/11/2025 15:34:08,0.13636363636363635
04/11/2025 15:34:09,0.13636363636363635
04/11/2025 15:34:09,0.08695652173913043
04/11/2025 15:34:09,0.13636363636363635
04/11/2025 15:34:09,0.08695652173913043
04/11/2025 15:34:09,0.19047619047619047
04/11/2025 15:34:09,0.08695652173913043
04/11/2025 15:34:10,0.08695652173913043
04/11/2025 15:34:10,0.08695652173913043
04/11/2025 15:34:10,0.08695652173913043
04/11/2025 15:34:10,0.19047619047619047
04/11/2025 15:34:10,0.19047619047619047
04/11/2025 15:34:10,0.08695652173913043
04/11/2025 15:34:10,0.041666666666666664
04/11/2025 15:34:11,0.041666666666666664
04/11/2025 15:34:11,0.08695652173913043
04/11/2025 15:34:11,0.08695652173913043
04/11/2025 15:34:11,0.041666666666666664
04/11/2025 15:34:11,0.13636363636363635
04/11/2025 15:34:11,0.13636363636363635
04/11/2025 15:34:12,0.041666666666666664
04/11/2025 15:34:12,0.13636363636363635
04/11/2025 15:34:12,0.08695652173913043
04/11/2025 15:34:12,0.08695652173913043
04/11/2025 15:34:12,0.19047619047619047
04/11/2025 15:34:12,0.19047619047619047
04/11/2025 15:34:13,0.25
04/11/2025 15:34:13,0.25
04/11/2025 15:34:13,0.13636363636363635
04/11/2025 15:34:13,0.13636363636363635
04/11/2025 15:34:13,0.19047619047619047
04/11/2025 15:34:13,0.08695652173913043
04/11/2025 15:34:13,0.08695652173913043
04/11/2025 15:34:14,0.19047619047619047
04/11/2025 15:34:14,0.041666666666666664
04/11/2025 15:34:14,0.13636363636363635
04/11/2025 15:34:14,0.3157894736842105
04/11/2025 15:34:14,0.041666666666666664
04/11/2025 15:34:14,0.08695652173913043
04/11/2025 15:34:15,0.13636363636363635
04/11/2025 15:34:15,0.19047619047619047
04/11/2025 15:34:15,0.19047619047619047
04/11/2025 15:34:15,0.13636363636363635
04/11/2025 15:34:15,0.19047619047619047
04/11/2025 15:34:15,0.08695652173913043
04/11/2025 15:34:16,0.08695652173913043
04/11/2025 15:34:16,0.19047619047619047
04/11/2025 15:34:16,0.19047619047619047
04/11/2025 15:34:16,0.13636363636363635
04/11/2025 15:34:16,0.08695652173913043
04/11/2025 15:34:16,0.19047619047619047
04/11/2025 15:34:16,0.13636363636363635
04/11/2025 15:34:17,0.13636363636363635
04/11/2025 15:34:17,0.08695652173913043
04/11/2025 15:34:17,0.19047619047619047
04/11/2025 15:34:17,0.13636363636363635
04/11/2025 15:34:17,0.13636363636363635
04/11/2025 15:34:17,0.13636363636363635
04/11/2025 15:34:18,0.19047619047619047
04/11/2025 15:34:18,0.13636363636363635
