timeStamp,jaccardSimilarity
07/11/2025 06:41:36,0.21019108280254778
07/11/2025 06:41:37,0.21794871794871795
07/11/2025 06:41:37,0.1838006230529595
07/11/2025 06:41:37,0.21405750798722045
07/11/2025 06:41:37,0.21019108280254778
07/11/2025 06:41:38,0.25412541254125415
07/11/2025 06:41:38,0.2459016393442623
07/11/2025 06:41:38,0.20634920634920634
07/11/2025 06:41:38,0.22186495176848875
07/11/2025 06:41:38,0.1949685534591195
07/11/2025 06:41:39,0.22580645161290322
07/11/2025 06:41:39,0.21019108280254778
07/11/2025 06:41:39,0.2582781456953642
07/11/2025 06:41:39,0.23778501628664495
07/11/2025 06:41:39,0.20253164556962025
07/11/2025 06:41:39,0.21405750798722045
07/11/2025 06:41:39,0.25
07/11/2025 06:41:40,0.21794871794871795
07/11/2025 06:41:40,0.1949685534591195
07/11/2025 06:41:40,0.19122257053291536
07/11/2025 06:41:40,0.24183006535947713
07/11/2025 06:41:40,0.25412541254125415
07/11/2025 06:41:41,0.22580645161290322
07/11/2025 06:41:41,0.22186495176848875
07/11/2025 06:41:41,0.2297734627831715
07/11/2025 06:41:41,0.18012422360248448
07/11/2025 06:41:41,0.2459016393442623
07/11/2025 06:41:41,0.22580645161290322
07/11/2025 06:41:42,0.23376623376623376
07/11/2025 06:41:42,0.20634920634920634
07/11/2025 06:41:42,0.20634920634920634
07/11/2025 06:41:42,0.19873817034700317
07/11/2025 06:41:42,0.21405750798722045
07/11/2025 06:41:42,0.20634920634920634
07/11/2025 06:41:43,0.22186495176848875
07/11/2025 06:41:43,0.19873817034700317
07/11/2025 06:41:43,0.20634920634920634
07/11/2025 06:41:43,0.21405750798722045
07/11/2025 06:41:43,0.21794871794871795
07/11/2025 06:41:43,0.19873817034700317
07/11/2025 06:41:44,0.23778501628664495
07/11/2025 06:41:44,0.19122257053291536
07/11/2025 06:41:44,0.24183006535947713
07/11/2025 06:41:44,0.21019108280254778
07/11/2025 06:41:44,0.21019108280254778
07/11/2025 06:41:44,0.21019108280254778
07/11/2025 06:41:45,0.24183006535947713
07/11/2025 06:41:45,0.21405750798722045
07/11/2025 06:41:45,0.25412541254125415
07/11/2025 06:41:45,0.26245847176079734
07/11/2025 06:41:45,0.23778501628664495
07/11/2025 06:41:45,0.18012422360248448
07/11/2025 06:41:46,0.23376623376623376
07/11/2025 06:41:46,0.25
07/11/2025 06:41:46,0.22580645161290322
07/11/2025 06:41:46,0.22580645161290322
07/11/2025 06:41:46,0.20253164556962025
07/11/2025 06:41:46,0.20253164556962025
07/11/2025 06:41:47,0.22186495176848875
07/11/2025 06:41:47,0.20253164556962025
07/11/2025 06:41:47,0.21405750798722045
07/11/2025 06:41:47,0.21019108280254778
07/11/2025 06:41:47,0.22186495176848875
07/11/2025 06:41:47,0.22580645161290322
07/11/2025 06:41:48,0.2297734627831715
07/11/2025 06:41:48,0.23778501628664495
07/11/2025 06:41:48,0.21794871794871795
07/11/2025 06:41:48,0.21794871794871795
07/11/2025 06:41:48,0.20634920634920634
07/11/2025 06:41:48,0.22186495176848875
07/11/2025 06:41:49,0.22580645161290322
07/11/2025 06:41:49,0.22186495176848875
07/11/2025 06:41:49,0.2297734627831715
07/11/2025 06:41:49,0.23376623376623376
07/11/2025 06:41:49,0.2297734627831715
07/11/2025 06:41:49,0.25
07/11/2025 06:41:50,0.22186495176848875
07/11/2025 06:41:50,0.20634920634920634
07/11/2025 06:41:50,0.2459016393442623
07/11/2025 06:41:50,0.21794871794871795
07/11/2025 06:41:50,0.19122257053291536
07/11/2025 06:41:50,0.21019108280254778
07/11/2025 06:41:51,0.21794871794871795
07/11/2025 06:41:51,0.20634920634920634
07/11/2025 06:41:51,0.2582781456953642
07/11/2025 06:41:51,0.23376623376623376
07/11/2025 06:41:51,0.2459016393442623
07/11/2025 06:41:51,0.2459016393442623
07/11/2025 06:41:52,0.21794871794871795
07/11/2025 06:41:52,0.1728395061728395
07/11/2025 06:41:52,0.23778501628664495
07/11/2025 06:41:52,0.21794871794871795
07/11/2025 06:41:52,0.21794871794871795
07/11/2025 06:41:52,0.22580645161290322
07/11/2025 06:41:53,0.19873817034700317
07/11/2025 06:41:53,0.23778501628664495
07/11/2025 06:41:53,0.24183006535947713
07/11/2025 06:41:53,0.25
07/11/2025 06:41:53,0.24183006535947713
07/11/2025 06:41:53,0.2297734627831715
07/11/2025 06:41:54,0.21405750798722045
07/11/2025 06:41:54,0.22186495176848875
07/11/2025 06:41:54,0.23778501628664495
07/11/2025 06:41:54,0.21794871794871795
07/11/2025 06:41:54,0.25412541254125415
07/11/2025 06:41:54,0.20634920634920634
07/11/2025 06:41:55,0.22186495176848875
07/11/2025 06:41:55,0.23376623376623376
07/11/2025 06:41:55,0.22186495176848875
07/11/2025 06:41:55,0.23778501628664495
07/11/2025 06:41:55,0.21019108280254778
07/11/2025 06:41:55,0.1949685534591195
07/11/2025 06:41:56,0.24183006535947713
07/11/2025 06:41:56,0.23376623376623376
07/11/2025 06:41:56,0.2297734627831715
07/11/2025 06:41:56,0.24183006535947713
07/11/2025 06:41:56,0.2297734627831715
07/11/2025 06:41:56,0.23778501628664495
07/11/2025 06:41:57,0.23778501628664495
07/11/2025 06:41:57,0.20253164556962025
07/11/2025 06:41:57,0.20634920634920634
07/11/2025 06:41:57,0.21794871794871795
07/11/2025 06:41:57,0.26666666666666666
07/11/2025 06:41:58,0.23778501628664495
07/11/2025 06:41:58,0.2582781456953642
07/11/2025 06:41:58,0.1875
07/11/2025 06:41:58,0.2297734627831715
07/11/2025 06:41:58,0.21405750798722045
07/11/2025 06:41:58,0.2297734627831715
07/11/2025 06:41:58,0.21405750798722045
07/11/2025 06:41:59,0.21019108280254778
07/11/2025 06:41:59,0.2297734627831715
07/11/2025 06:41:59,0.23778501628664495
07/11/2025 06:41:59,0.2297734627831715
07/11/2025 06:41:59,0.21019108280254778
07/11/2025 06:41:59,0.1949685534591195
07/11/2025 06:42:00,0.21794871794871795
07/11/2025 06:42:00,0.23376623376623376
07/11/2025 06:42:00,0.21405750798722045
07/11/2025 06:42:00,0.19873817034700317
07/11/2025 06:42:00,0.21794871794871795
07/11/2025 06:42:00,0.21794871794871795
07/11/2025 06:42:01,0.20634920634920634
07/11/2025 06:42:01,0.24183006535947713
07/11/2025 06:42:01,0.23778501628664495
07/11/2025 06:42:01,0.23376623376623376
07/11/2025 06:42:01,0.21405750798722045
07/11/2025 06:42:01,0.23376623376623376
07/11/2025 06:42:02,0.22186495176848875
07/11/2025 06:42:02,0.18012422360248448
07/11/2025 06:42:02,0.1838006230529595
07/11/2025 06:42:02,0.22186495176848875
07/11/2025 06:42:02,0.2297734627831715
07/11/2025 06:42:02,0.19122257053291536
07/11/2025 06:42:03,0.24183006535947713
07/11/2025 06:42:03,0.23778501628664495
07/11/2025 06:42:03,0.20253164556962025
07/11/2025 06:42:03,0.23376623376623376
07/11/2025 06:42:03,0.19873817034700317
07/11/2025 06:42:03,0.20253164556962025
07/11/2025 06:42:04,0.24183006535947713
07/11/2025 06:42:04,0.21019108280254778
07/11/2025 06:42:04,0.21019108280254778
07/11/2025 06:42:04,0.21019108280254778
07/11/2025 06:42:04,0.19873817034700317
07/11/2025 06:42:04,0.21794871794871795
07/11/2025 06:42:05,0.21794871794871795
07/11/2025 06:42:05,0.19122257053291536
07/11/2025 06:42:05,0.21019108280254778
07/11/2025 06:42:05,0.18012422360248448
07/11/2025 06:42:05,0.21794871794871795
07/11/2025 06:42:05,0.2297734627831715
07/11/2025 06:42:06,0.22580645161290322
07/11/2025 06:42:06,0.28378378378378377
07/11/2025 06:42:06,0.22580645161290322
07/11/2025 06:42:06,0.23778501628664495
07/11/2025 06:42:06,0.20253164556962025
07/11/2025 06:42:06,0.1875
07/11/2025 06:42:07,0.23376623376623376
07/11/2025 06:42:07,0.22186495176848875
07/11/2025 06:42:07,0.24183006535947713
07/11/2025 06:42:07,0.19873817034700317
07/11/2025 06:42:07,0.24183006535947713
07/11/2025 06:42:07,0.21019108280254778
07/11/2025 06:42:08,0.19873817034700317
07/11/2025 06:42:08,0.22186495176848875
07/11/2025 06:42:08,0.22580645161290322
07/11/2025 06:42:08,0.2297734627831715
07/11/2025 06:42:08,0.20634920634920634
07/11/2025 06:42:08,0.25412541254125415
07/11/2025 06:42:09,0.20253164556962025
07/11/2025 06:42:09,0.22186495176848875
07/11/2025 06:42:09,0.20634920634920634
07/11/2025 06:42:09,0.22580645161290322
07/11/2025 06:42:09,0.25412541254125415
07/11/2025 06:42:09,0.22580645161290322
07/11/2025 06:42:10,0.21019108280254778
07/11/2025 06:42:10,0.25
07/11/2025 06:42:10,0.24183006535947713
07/11/2025 06:42:10,0.2297734627831715
07/11/2025 06:42:10,0.20634920634920634
07/11/2025 06:42:10,0.22186495176848875
07/11/2025 06:42:11,0.25412541254125415
07/11/2025 06:42:11,0.20634920634920634
07/11/2025 06:42:11,0.19122257053291536
07/11/2025 06:42:11,0.21405750798722045
07/11/2025 06:42:11,0.2459016393442623
07/11/2025 06:42:11,0.21405750798722045
07/11/2025 06:42:12,0.23376623376623376
07/11/2025 06:42:12,0.23376623376623376
07/11/2025 06:42:12,0.22580645161290322
07/11/2025 06:42:12,0.22186495176848875
07/11/2025 06:42:12,0.2459016393442623
07/11/2025 06:42:12,0.17647058823529413
07/11/2025 06:42:13,0.21019108280254778
07/11/2025 06:42:13,0.21019108280254778
07/11/2025 06:42:13,0.25
07/11/2025 06:42:13,0.21405750798722045
07/11/2025 06:42:13,0.2297734627831715
07/11/2025 06:42:13,0.22580645161290322
07/11/2025 06:42:14,0.21405750798722045
07/11/2025 06:42:14,0.2297734627831715
07/11/2025 06:42:14,0.21019108280254778
07/11/2025 06:42:14,0.25
07/11/2025 06:42:14,0.21019108280254778
07/11/2025 06:42:14,0.24183006535947713
07/11/2025 06:42:15,0.1875
07/11/2025 06:42:15,0.24183006535947713
07/11/2025 06:42:15,0.23778501628664495
07/11/2025 06:42:15,0.21794871794871795
07/11/2025 06:42:15,0.19122257053291536
07/11/2025 06:42:15,0.23778501628664495
07/11/2025 06:42:16,0.23376623376623376
07/11/2025 06:42:16,0.24183006535947713
07/11/2025 06:42:16,0.20634920634920634
07/11/2025 06:42:16,0.22186495176848875
07/11/2025 06:42:16,0.21794871794871795
07/11/2025 06:42:16,0.2297734627831715
07/11/2025 06:42:17,0.21405750798722045
07/11/2025 06:42:17,0.21405750798722045
07/11/2025 06:42:17,0.24183006535947713
07/11/2025 06:42:17,0.2297734627831715
07/11/2025 06:42:17,0.1728395061728395
07/11/2025 06:42:17,0.22186495176848875
07/11/2025 06:42:18,0.23778501628664495
07/11/2025 06:42:18,0.23376623376623376
07/11/2025 06:42:18,0.21019108280254778
07/11/2025 06:42:18,0.19873817034700317
07/11/2025 06:42:18,0.21019108280254778
07/11/2025 06:42:19,0.26666666666666666
07/11/2025 06:42:19,0.21405750798722045
07/11/2025 06:42:19,0.19122257053291536
07/11/2025 06:42:19,0.22580645161290322
07/11/2025 06:42:19,0.25
07/11/2025 06:42:19,0.2297734627831715
07/11/2025 06:42:19,0.22186495176848875
07/11/2025 06:42:20,0.25412541254125415
07/11/2025 06:42:20,0.22580645161290322
07/11/2025 06:42:20,0.22580645161290322
07/11/2025 06:42:20,0.26245847176079734
07/11/2025 06:42:20,0.20253164556962025
07/11/2025 06:42:21,0.1875
07/11/2025 06:42:21,0.2459016393442623
07/11/2025 06:42:21,0.2297734627831715
07/11/2025 06:42:21,0.21019108280254778
07/11/2025 06:42:21,0.1949685534591195
07/11/2025 06:42:21,0.22580645161290322
07/11/2025 06:42:21,0.21019108280254778
07/11/2025 06:42:22,0.23778501628664495
07/11/2025 06:42:22,0.23376623376623376
07/11/2025 06:42:22,0.19122257053291536
07/11/2025 06:42:22,0.22580645161290322
07/11/2025 06:42:22,0.21019108280254778
07/11/2025 06:42:22,0.22580645161290322
07/11/2025 06:42:23,0.1838006230529595
07/11/2025 06:42:23,0.21405750798722045
07/11/2025 06:42:23,0.22580645161290322
07/11/2025 06:42:23,0.22186495176848875
07/11/2025 06:42:23,0.22580645161290322
07/11/2025 06:42:23,0.21019108280254778
07/11/2025 06:42:24,0.1949685534591195
07/11/2025 06:42:24,0.21405750798722045
07/11/2025 06:42:24,0.22580645161290322
07/11/2025 06:42:24,0.22580645161290322
07/11/2025 06:42:24,0.2459016393442623
07/11/2025 06:42:24,0.20253164556962025
07/11/2025 06:42:25,0.21794871794871795
07/11/2025 06:42:25,0.23778501628664495
07/11/2025 06:42:25,0.25412541254125415
07/11/2025 06:42:25,0.25
07/11/2025 06:42:25,0.23376623376623376
07/11/2025 06:42:25,0.19873817034700317
07/11/2025 06:42:26,0.2297734627831715
07/11/2025 06:42:26,0.22580645161290322
07/11/2025 06:42:26,0.2459016393442623
07/11/2025 06:42:26,0.20634920634920634
07/11/2025 06:42:26,0.1949685534591195
07/11/2025 06:42:26,0.20253164556962025
07/11/2025 06:42:27,0.21405750798722045
07/11/2025 06:42:27,0.21794871794871795
07/11/2025 06:42:27,0.1949685534591195
07/11/2025 06:42:27,0.18012422360248448
07/11/2025 06:42:27,0.25412541254125415
07/11/2025 06:42:27,0.1875
07/11/2025 06:42:28,0.1949685534591195
07/11/2025 06:42:28,0.1949685534591195
07/11/2025 06:42:28,0.25412541254125415
07/11/2025 06:42:28,0.23778501628664495
07/11/2025 06:42:28,0.24183006535947713
07/11/2025 06:42:28,0.22580645161290322
07/11/2025 06:42:29,0.2459016393442623
07/11/2025 06:42:29,0.25412541254125415
07/11/2025 06:42:29,0.21794871794871795
07/11/2025 06:42:29,0.19873817034700317
07/11/2025 06:42:29,0.2297734627831715
07/11/2025 06:42:29,0.24183006535947713
07/11/2025 06:42:30,0.19122257053291536
07/11/2025 06:42:30,0.22186495176848875
07/11/2025 06:42:30,0.23376623376623376
07/11/2025 06:42:30,0.25412541254125415
07/11/2025 06:42:30,0.1838006230529595
07/11/2025 06:42:30,0.26666666666666666
07/11/2025 06:42:31,0.1949685534591195
07/11/2025 06:42:31,0.23376623376623376
07/11/2025 06:42:31,0.26245847176079734
07/11/2025 06:42:31,0.22186495176848875
07/11/2025 06:42:31,0.22580645161290322
07/11/2025 06:42:31,0.2459016393442623
07/11/2025 06:42:32,0.21794871794871795
07/11/2025 06:42:32,0.24183006535947713
07/11/2025 06:42:32,0.21019108280254778
07/11/2025 06:42:32,0.23778501628664495
07/11/2025 06:42:32,0.2297734627831715
07/11/2025 06:42:32,0.21405750798722045
07/11/2025 06:42:33,0.21794871794871795
07/11/2025 06:42:33,0.21405750798722045
07/11/2025 06:42:33,0.2459016393442623
07/11/2025 06:42:33,0.20634920634920634
07/11/2025 06:42:33,0.23376623376623376
07/11/2025 06:42:33,0.21794871794871795
07/11/2025 06:42:34,0.19122257053291536
07/11/2025 06:42:34,0.22186495176848875
07/11/2025 06:42:34,0.2297734627831715
07/11/2025 06:42:34,0.1838006230529595
07/11/2025 06:42:34,0.21405750798722045
07/11/2025 06:42:34,0.1949685534591195
07/11/2025 06:42:35,0.1875
07/11/2025 06:42:35,0.22580645161290322
07/11/2025 06:42:35,0.2297734627831715
07/11/2025 06:42:35,0.1949685534591195
07/11/2025 06:43:02,0.21019108280254778
07/11/2025 06:43:03,0.21019108280254778
07/11/2025 06:43:03,0.18012422360248448
07/11/2025 06:43:03,0.23778501628664495
07/11/2025 06:43:04,0.22580645161290322
07/11/2025 06:43:04,0.1875
07/11/2025 06:43:04,0.23376623376623376
07/11/2025 06:43:04,0.21794871794871795
07/11/2025 06:43:04,0.1949685534591195
07/11/2025 06:43:05,0.20634920634920634
07/11/2025 06:43:05,0.21794871794871795
07/11/2025 06:43:05,0.23376623376623376
07/11/2025 06:43:05,0.22186495176848875
07/11/2025 06:43:05,0.19873817034700317
07/11/2025 06:43:05,0.20634920634920634
07/11/2025 06:43:06,0.21019108280254778
07/11/2025 06:43:06,0.22186495176848875
07/11/2025 06:43:06,0.2459016393442623
07/11/2025 06:43:06,0.2297734627831715
07/11/2025 06:43:06,0.23376623376623376
07/11/2025 06:43:07,0.22186495176848875
07/11/2025 06:43:07,0.20634920634920634
07/11/2025 06:43:07,0.22580645161290322
07/11/2025 06:43:07,0.1875
07/11/2025 06:43:07,0.23376623376623376
07/11/2025 06:43:08,0.21794871794871795
07/11/2025 06:43:08,0.21794871794871795
07/11/2025 06:43:08,0.21405750798722045
07/11/2025 06:43:08,0.20634920634920634
07/11/2025 06:43:08,0.23778501628664495
07/11/2025 06:43:08,0.22186495176848875
07/11/2025 06:43:09,0.2297734627831715
07/11/2025 06:43:09,0.2297734627831715
07/11/2025 06:43:09,0.20253164556962025
07/11/2025 06:43:09,0.19873817034700317
07/11/2025 06:43:10,0.20634920634920634
07/11/2025 06:43:10,0.23778501628664495
07/11/2025 06:43:10,0.19873817034700317
07/11/2025 06:43:10,0.23376623376623376
07/11/2025 06:43:10,0.23376623376623376
07/11/2025 06:43:10,0.2459016393442623
07/11/2025 06:43:11,0.22186495176848875
07/11/2025 06:43:11,0.20634920634920634
07/11/2025 06:43:11,0.2297734627831715
07/11/2025 06:43:11,0.21405750798722045
07/11/2025 06:43:12,0.21794871794871795
07/11/2025 06:43:12,0.21019108280254778
07/11/2025 06:43:12,0.21405750798722045
07/11/2025 06:43:12,0.21794871794871795
07/11/2025 06:43:12,0.25
07/11/2025 06:43:13,0.22186495176848875
07/11/2025 06:43:13,0.22186495176848875
07/11/2025 06:43:13,0.21405750798722045
07/11/2025 06:43:13,0.21794871794871795
07/11/2025 06:43:13,0.20253164556962025
07/11/2025 06:43:14,0.26245847176079734
07/11/2025 06:43:14,0.2459016393442623
07/11/2025 06:43:14,0.23778501628664495
07/11/2025 06:43:14,0.1949685534591195
07/11/2025 06:43:14,0.1949685534591195
07/11/2025 06:43:14,0.21405750798722045
07/11/2025 06:43:15,0.24183006535947713
07/11/2025 06:43:15,0.24183006535947713
07/11/2025 06:43:15,0.21019108280254778
07/11/2025 06:43:15,0.22580645161290322
07/11/2025 06:43:15,0.24183006535947713
07/11/2025 06:43:16,0.23778501628664495
07/11/2025 06:43:16,0.19122257053291536
07/11/2025 06:43:16,0.2709030100334448
07/11/2025 06:43:16,0.22186495176848875
07/11/2025 06:43:16,0.23376623376623376
07/11/2025 06:43:17,0.2459016393442623
07/11/2025 06:43:17,0.22186495176848875
07/11/2025 06:43:17,0.21405750798722045
07/11/2025 06:43:17,0.21405750798722045
07/11/2025 06:43:17,0.2709030100334448
07/11/2025 06:43:18,0.2459016393442623
07/11/2025 06:43:18,0.19873817034700317
07/11/2025 06:43:18,0.20253164556962025
07/11/2025 06:43:18,0.21019108280254778
07/11/2025 06:43:18,0.23376623376623376
07/11/2025 06:43:19,0.24183006535947713
07/11/2025 06:43:19,0.21019108280254778
07/11/2025 06:43:19,0.22186495176848875
07/11/2025 06:43:19,0.2297734627831715
07/11/2025 06:43:19,0.20634920634920634
07/11/2025 06:43:20,0.26245847176079734
07/11/2025 06:43:20,0.1838006230529595
07/11/2025 06:43:20,0.22186495176848875
07/11/2025 06:43:20,0.21794871794871795
07/11/2025 06:43:20,0.23376623376623376
07/11/2025 06:43:21,0.1838006230529595
07/11/2025 06:43:21,0.21019108280254778
07/11/2025 06:43:21,0.20253164556962025
07/11/2025 06:43:21,0.21794871794871795
07/11/2025 06:43:21,0.25
07/11/2025 06:43:22,0.20634920634920634
07/11/2025 06:43:22,0.19873817034700317
07/11/2025 06:43:22,0.21019108280254778
07/11/2025 06:43:22,0.23376623376623376
07/11/2025 06:43:22,0.22186495176848875
07/11/2025 06:43:22,0.22186495176848875
07/11/2025 06:43:23,0.2582781456953642
07/11/2025 06:43:23,0.2297734627831715
07/11/2025 06:43:23,0.25412541254125415
07/11/2025 06:43:23,0.22580645161290322
07/11/2025 06:43:24,0.21405750798722045
07/11/2025 06:43:24,0.22186495176848875
07/11/2025 06:43:24,0.23778501628664495
07/11/2025 06:43:24,0.22186495176848875
07/11/2025 06:43:24,0.21405750798722045
07/11/2025 06:43:25,0.21794871794871795
07/11/2025 06:43:25,0.2297734627831715
07/11/2025 06:43:25,0.25
07/11/2025 06:43:25,0.21405750798722045
07/11/2025 06:43:25,0.23376623376623376
07/11/2025 06:43:25,0.2709030100334448
07/11/2025 06:43:26,0.21019108280254778
07/11/2025 06:43:26,0.20634920634920634
07/11/2025 06:43:26,0.20253164556962025
07/11/2025 06:43:26,0.2459016393442623
07/11/2025 06:43:26,0.23778501628664495
07/11/2025 06:43:27,0.2582781456953642
07/11/2025 06:43:27,0.21405750798722045
07/11/2025 06:43:27,0.25412541254125415
07/11/2025 06:43:27,0.1949685534591195
07/11/2025 06:43:27,0.20253164556962025
07/11/2025 06:43:28,0.23778501628664495
07/11/2025 06:43:28,0.20253164556962025
07/11/2025 06:43:28,0.21019108280254778
07/11/2025 06:43:28,0.21794871794871795
07/11/2025 06:43:28,0.1949685534591195
07/11/2025 06:43:29,0.2459016393442623
07/11/2025 06:43:29,0.20253164556962025
07/11/2025 06:43:29,0.20634920634920634
07/11/2025 06:43:29,0.20253164556962025
07/11/2025 06:43:30,0.23376623376623376
07/11/2025 06:43:30,0.21019108280254778
07/11/2025 06:43:30,0.23778501628664495
07/11/2025 06:43:30,0.21405750798722045
07/11/2025 06:43:30,0.2459016393442623
07/11/2025 06:43:31,0.21019108280254778
07/11/2025 06:43:31,0.23778501628664495
07/11/2025 06:43:31,0.24183006535947713
07/11/2025 06:43:31,0.21019108280254778
07/11/2025 06:43:32,0.25
07/11/2025 06:43:32,0.19873817034700317
07/11/2025 06:43:32,0.1949685534591195
07/11/2025 06:43:32,0.2459016393442623
07/11/2025 06:43:32,0.1949685534591195
07/11/2025 06:43:33,0.23778501628664495
07/11/2025 06:43:33,0.22580645161290322
07/11/2025 06:43:33,0.22580645161290322
07/11/2025 06:43:33,0.22580645161290322
07/11/2025 06:43:33,0.21794871794871795
07/11/2025 06:43:34,0.2297734627831715
07/11/2025 06:43:34,0.21794871794871795
07/11/2025 06:43:34,0.23376623376623376
07/11/2025 06:43:34,0.21019108280254778
07/11/2025 06:43:35,0.22186495176848875
07/11/2025 06:43:35,0.2459016393442623
07/11/2025 06:43:35,0.24183006535947713
07/11/2025 06:43:35,0.21019108280254778
07/11/2025 06:43:35,0.21794871794871795
07/11/2025 06:43:36,0.20253164556962025
07/11/2025 06:43:36,0.22186495176848875
07/11/2025 06:43:36,0.22580645161290322
07/11/2025 06:43:36,0.21405750798722045
07/11/2025 06:43:36,0.22186495176848875
07/11/2025 06:43:37,0.19873817034700317
07/11/2025 06:43:37,0.23778501628664495
07/11/2025 06:43:37,0.21794871794871795
07/11/2025 06:43:37,0.2459016393442623
07/11/2025 06:43:37,0.21019108280254778
07/11/2025 06:43:38,0.23376623376623376
07/11/2025 06:43:38,0.1838006230529595
07/11/2025 06:43:38,0.21794871794871795
07/11/2025 06:43:38,0.21405750798722045
07/11/2025 06:43:38,0.21794871794871795
07/11/2025 06:43:39,0.24183006535947713
07/11/2025 06:43:39,0.21794871794871795
07/11/2025 06:43:39,0.22580645161290322
07/11/2025 06:43:39,0.2582781456953642
07/11/2025 06:43:39,0.17647058823529413
07/11/2025 06:43:40,0.20634920634920634
07/11/2025 06:43:40,0.19873817034700317
07/11/2025 06:43:40,0.23376623376623376
07/11/2025 06:43:40,0.21794871794871795
07/11/2025 06:43:40,0.20634920634920634
07/11/2025 06:43:41,0.2709030100334448
07/11/2025 06:43:41,0.2459016393442623
07/11/2025 06:43:41,0.23778501628664495
07/11/2025 06:43:41,0.23376623376623376
07/11/2025 06:43:41,0.22186495176848875
07/11/2025 06:43:42,0.21794871794871795
07/11/2025 06:43:42,0.19122257053291536
07/11/2025 06:43:42,0.20253164556962025
07/11/2025 06:43:42,0.20634920634920634
07/11/2025 06:43:42,0.22580645161290322
07/11/2025 06:43:42,0.23778501628664495
07/11/2025 06:43:43,0.20253164556962025
07/11/2025 06:43:43,0.2297734627831715
07/11/2025 06:43:43,0.21019108280254778
07/11/2025 06:43:43,0.2459016393442623
07/11/2025 06:43:43,0.22580645161290322
07/11/2025 06:43:44,0.23778501628664495
07/11/2025 06:43:44,0.22186495176848875
07/11/2025 06:43:44,0.22186495176848875
07/11/2025 06:43:44,0.22580645161290322
07/11/2025 06:43:44,0.1838006230529595
07/11/2025 06:43:45,0.22580645161290322
07/11/2025 06:43:45,0.24183006535947713
07/11/2025 06:43:45,0.23778501628664495
07/11/2025 06:43:45,0.2297734627831715
07/11/2025 06:43:45,0.21019108280254778
07/11/2025 06:43:45,0.2297734627831715
07/11/2025 06:43:46,0.21405750798722045
07/11/2025 06:43:46,0.21405750798722045
07/11/2025 06:43:46,0.24183006535947713
07/11/2025 06:43:46,0.21794871794871795
07/11/2025 06:43:46,0.21794871794871795
07/11/2025 06:43:47,0.22186495176848875
07/11/2025 06:43:47,0.23376623376623376
07/11/2025 06:43:47,0.2709030100334448
07/11/2025 06:43:47,0.20634920634920634
07/11/2025 06:43:47,0.2297734627831715
07/11/2025 06:43:47,0.19122257053291536
07/11/2025 06:43:48,0.21019108280254778
07/11/2025 06:43:48,0.21019108280254778
07/11/2025 06:43:48,0.25
07/11/2025 06:43:48,0.24183006535947713
07/11/2025 06:43:48,0.21794871794871795
07/11/2025 06:43:49,0.21405750798722045
07/11/2025 06:43:49,0.23376623376623376
07/11/2025 06:43:49,0.21019108280254778
07/11/2025 06:43:49,0.20253164556962025
07/11/2025 06:43:49,0.21405750798722045
07/11/2025 06:43:49,0.2297734627831715
07/11/2025 06:43:50,0.20253164556962025
07/11/2025 06:43:50,0.23778501628664495
07/11/2025 06:43:50,0.25412541254125415
07/11/2025 06:43:50,0.21794871794871795
07/11/2025 06:43:50,0.21405750798722045
07/11/2025 06:43:51,0.21794871794871795
07/11/2025 06:43:51,0.21405750798722045
07/11/2025 06:43:51,0.20634920634920634
07/11/2025 06:43:51,0.22580645161290322
07/11/2025 06:43:51,0.20253164556962025
07/11/2025 06:43:52,0.2297734627831715
07/11/2025 06:43:52,0.2459016393442623
07/11/2025 06:43:52,0.19122257053291536
07/11/2025 06:43:52,0.20634920634920634
07/11/2025 06:43:52,0.21794871794871795
07/11/2025 06:43:52,0.19122257053291536
07/11/2025 06:43:53,0.21794871794871795
07/11/2025 06:43:53,0.20253164556962025
07/11/2025 06:43:53,0.22580645161290322
07/11/2025 06:43:53,0.2459016393442623
07/11/2025 06:43:53,0.2751677852348993
07/11/2025 06:43:53,0.22186495176848875
07/11/2025 06:43:54,0.21405750798722045
07/11/2025 06:43:54,0.21019108280254778
07/11/2025 06:43:54,0.26666666666666666
07/11/2025 06:43:54,0.22580645161290322
07/11/2025 06:43:54,0.25
07/11/2025 06:43:54,0.24183006535947713
07/11/2025 06:43:55,0.23376623376623376
07/11/2025 06:43:55,0.21405750798722045
07/11/2025 06:43:55,0.23376623376623376
07/11/2025 06:43:55,0.18012422360248448
07/11/2025 06:43:55,0.22580645161290322
07/11/2025 06:43:55,0.21405750798722045
07/11/2025 06:43:56,0.25
07/11/2025 06:43:56,0.21019108280254778
07/11/2025 06:43:56,0.21019108280254778
07/11/2025 06:43:56,0.2297734627831715
07/11/2025 06:43:56,0.21794871794871795
07/11/2025 06:43:56,0.2297734627831715
07/11/2025 14:46:05,0.22580645161290322
07/11/2025 14:46:05,0.24183006535947713
07/11/2025 14:46:05,0.22186495176848875
07/11/2025 14:46:05,0.20253164556962025
07/11/2025 14:46:05,0.20634920634920634
07/11/2025 14:46:05,0.1875
07/11/2025 14:46:06,0.18012422360248448
07/11/2025 14:46:06,0.24183006535947713
07/11/2025 14:46:06,0.22186495176848875
07/11/2025 14:46:06,0.21019108280254778
07/11/2025 14:46:06,0.20253164556962025
07/11/2025 14:46:06,0.22186495176848875
07/11/2025 14:46:07,0.2459016393442623
07/11/2025 14:46:07,0.19873817034700317
07/11/2025 14:46:07,0.25
07/11/2025 14:46:07,0.23778501628664495
07/11/2025 14:46:07,0.23778501628664495
07/11/2025 14:46:07,0.21794871794871795
07/11/2025 14:46:07,0.23376623376623376
07/11/2025 14:46:08,0.24183006535947713
07/11/2025 14:46:08,0.21019108280254778
07/11/2025 14:46:08,0.1875
07/11/2025 14:46:08,0.2297734627831715
07/11/2025 14:46:08,0.23778501628664495
07/11/2025 14:46:08,0.23376623376623376
07/11/2025 14:46:09,0.22580645161290322
07/11/2025 14:46:09,0.20253164556962025
07/11/2025 14:46:09,0.20634920634920634
07/11/2025 14:46:09,0.23778501628664495
07/11/2025 14:46:09,0.20253164556962025
07/11/2025 14:46:09,0.2582781456953642
07/11/2025 14:46:09,0.20634920634920634
07/11/2025 14:46:10,0.18012422360248448
07/11/2025 14:46:10,0.2297734627831715
07/11/2025 14:46:10,0.1875
07/11/2025 14:46:10,0.21405750798722045
07/11/2025 14:46:10,0.21794871794871795
07/11/2025 14:46:10,0.2459016393442623
07/11/2025 14:46:11,0.17647058823529413
07/11/2025 14:46:11,0.23778501628664495
07/11/2025 14:46:11,0.2297734627831715
07/11/2025 14:46:11,0.20634920634920634
07/11/2025 14:46:11,0.22580645161290322
07/11/2025 14:46:11,0.23376623376623376
07/11/2025 14:46:11,0.2459016393442623
07/11/2025 14:46:12,0.19873817034700317
07/11/2025 14:46:12,0.22186495176848875
07/11/2025 14:46:12,0.1838006230529595
07/11/2025 14:46:12,0.24183006535947713
07/11/2025 14:46:12,0.1838006230529595
07/11/2025 14:46:12,0.22580645161290322
07/11/2025 14:46:13,0.20634920634920634
07/11/2025 14:46:13,0.2582781456953642
07/11/2025 14:46:13,0.20253164556962025
07/11/2025 14:46:13,0.20634920634920634
07/11/2025 14:46:13,0.22186495176848875
07/11/2025 14:46:13,0.22580645161290322
07/11/2025 14:46:13,0.25412541254125415
07/11/2025 14:46:14,0.19873817034700317
07/11/2025 14:46:14,0.1838006230529595
07/11/2025 14:46:14,0.25
07/11/2025 14:46:14,0.25
07/11/2025 14:46:14,0.23778501628664495
07/11/2025 14:46:14,0.21794871794871795
07/11/2025 14:46:15,0.21794871794871795
07/11/2025 14:46:15,0.21019108280254778
07/11/2025 14:46:15,0.26666666666666666
07/11/2025 14:46:15,0.23376623376623376
07/11/2025 14:46:15,0.19122257053291536
07/11/2025 14:46:15,0.1838006230529595
07/11/2025 14:46:15,0.18012422360248448
07/11/2025 14:46:16,0.2297734627831715
07/11/2025 14:46:16,0.2297734627831715
07/11/2025 14:46:16,0.24183006535947713
07/11/2025 14:46:16,0.2459016393442623
07/11/2025 14:46:16,0.23778501628664495
07/11/2025 14:46:16,0.22580645161290322
07/11/2025 14:46:17,0.2459016393442623
07/11/2025 14:46:17,0.24183006535947713
07/11/2025 14:46:17,0.22580645161290322
07/11/2025 14:46:17,0.21405750798722045
07/11/2025 14:46:17,0.20634920634920634
07/11/2025 14:46:17,0.17647058823529413
07/11/2025 14:46:17,0.1838006230529595
07/11/2025 14:46:18,0.21019108280254778
07/11/2025 14:46:18,0.21794871794871795
07/11/2025 14:46:18,0.24183006535947713
07/11/2025 14:46:18,0.21019108280254778
07/11/2025 14:46:18,0.19873817034700317
07/11/2025 14:46:18,0.20253164556962025
07/11/2025 14:46:19,0.21794871794871795
07/11/2025 14:46:19,0.21019108280254778
07/11/2025 14:46:19,0.2459016393442623
07/11/2025 14:46:19,0.25
07/11/2025 14:46:19,0.19873817034700317
07/11/2025 14:46:19,0.21405750798722045
07/11/2025 14:46:20,0.21794871794871795
07/11/2025 14:46:20,0.21794871794871795
07/11/2025 14:46:20,0.24183006535947713
07/11/2025 14:46:20,0.24183006535947713
07/11/2025 14:46:38,0.25412541254125415
07/11/2025 14:46:39,0.21019108280254778
07/11/2025 14:46:39,0.288135593220339
07/11/2025 14:46:39,0.19873817034700317
07/11/2025 14:46:39,0.19873817034700317
07/11/2025 14:46:39,0.23376623376623376
07/11/2025 14:46:39,0.21405750798722045
07/11/2025 14:46:39,0.20253164556962025
07/11/2025 14:46:40,0.2459016393442623
07/11/2025 14:46:40,0.2297734627831715
07/11/2025 14:46:40,0.19873817034700317
07/11/2025 14:46:40,0.23778501628664495
07/11/2025 14:46:40,0.2297734627831715
07/11/2025 14:46:40,0.23778501628664495
07/11/2025 14:46:41,0.21794871794871795
07/11/2025 14:46:41,0.22186495176848875
07/11/2025 14:46:41,0.1656441717791411
07/11/2025 14:46:41,0.2459016393442623
07/11/2025 14:46:41,0.21405750798722045
07/11/2025 14:46:41,0.1838006230529595
07/11/2025 14:46:42,0.1875
07/11/2025 14:46:42,0.2459016393442623
07/11/2025 14:46:42,0.23778501628664495
07/11/2025 14:46:42,0.21019108280254778
07/11/2025 14:46:42,0.22580645161290322
07/11/2025 14:46:42,0.2459016393442623
07/11/2025 14:46:42,0.25
07/11/2025 14:46:43,0.25
07/11/2025 14:46:43,0.2459016393442623
07/11/2025 14:46:43,0.17647058823529413
07/11/2025 14:46:43,0.2582781456953642
07/11/2025 14:46:43,0.2582781456953642
07/11/2025 14:46:43,0.2297734627831715
07/11/2025 14:46:43,0.2582781456953642
07/11/2025 14:46:44,0.1949685534591195
07/11/2025 14:46:44,0.21794871794871795
07/11/2025 14:46:44,0.22580645161290322
07/11/2025 14:46:44,0.21794871794871795
07/11/2025 14:46:44,0.21405750798722045
07/11/2025 14:46:44,0.22186495176848875
07/11/2025 14:46:45,0.25
07/11/2025 14:46:45,0.22580645161290322
07/11/2025 14:46:45,0.22186495176848875
07/11/2025 14:46:45,0.23778501628664495
07/11/2025 14:46:45,0.2297734627831715
07/11/2025 14:46:45,0.2297734627831715
07/11/2025 14:46:46,0.21019108280254778
07/11/2025 14:46:46,0.25412541254125415
07/11/2025 14:46:46,0.21794871794871795
07/11/2025 14:46:46,0.20634920634920634
07/11/2025 14:46:46,0.19873817034700317
07/11/2025 14:46:46,0.23778501628664495
07/11/2025 14:46:47,0.21019108280254778
07/11/2025 14:46:47,0.21405750798722045
07/11/2025 14:46:47,0.24183006535947713
07/11/2025 14:46:47,0.2297734627831715
07/11/2025 14:46:47,0.24183006535947713
07/11/2025 14:46:47,0.22580645161290322
07/11/2025 14:46:48,0.21794871794871795
07/11/2025 14:46:48,0.2297734627831715
07/11/2025 14:46:48,0.23376623376623376
07/11/2025 14:46:48,0.2297734627831715
07/11/2025 14:46:48,0.24183006535947713
07/11/2025 14:46:48,0.1838006230529595
07/11/2025 14:46:48,0.22186495176848875
07/11/2025 14:46:49,0.2297734627831715
07/11/2025 14:46:49,0.1949685534591195
07/11/2025 14:46:49,0.19122257053291536
07/11/2025 14:46:49,0.24183006535947713
07/11/2025 14:46:49,0.23376623376623376
07/11/2025 14:46:49,0.22580645161290322
07/11/2025 14:46:50,0.2297734627831715
07/11/2025 14:46:50,0.22186495176848875
07/11/2025 14:46:50,0.21405750798722045
07/11/2025 14:46:50,0.21405750798722045
07/11/2025 14:46:50,0.21405750798722045
07/11/2025 14:46:50,0.2459016393442623
07/11/2025 14:46:50,0.2459016393442623
07/11/2025 14:46:51,0.22186495176848875
07/11/2025 14:46:51,0.23778501628664495
07/11/2025 14:46:51,0.15151515151515152
07/11/2025 14:46:51,0.22580645161290322
07/11/2025 14:46:51,0.20634920634920634
07/11/2025 14:46:51,0.21405750798722045
07/11/2025 14:46:52,0.22580645161290322
07/11/2025 14:46:52,0.19873817034700317
07/11/2025 14:46:52,0.21405750798722045
07/11/2025 14:46:52,0.26245847176079734
07/11/2025 14:46:52,0.21794871794871795
07/11/2025 14:46:52,0.23376623376623376
07/11/2025 14:46:53,0.22186495176848875
07/11/2025 14:46:53,0.2459016393442623
07/11/2025 14:46:53,0.20253164556962025
07/11/2025 14:46:53,0.21405750798722045
07/11/2025 14:46:53,0.21794871794871795
07/11/2025 14:46:53,0.21019108280254778
07/11/2025 14:46:54,0.2459016393442623
07/11/2025 14:46:54,0.2297734627831715
07/11/2025 14:46:54,0.27946127946127947
07/11/2025 14:46:54,0.21405750798722045
07/11/2025 14:46:54,0.23376623376623376
07/11/2025 14:46:54,0.22186495176848875
07/11/2025 14:46:54,0.21019108280254778
07/11/2025 14:46:55,0.23376623376623376
07/11/2025 14:46:55,0.21405750798722045
07/11/2025 14:46:55,0.23376623376623376
07/11/2025 14:46:55,0.24183006535947713
07/11/2025 14:46:55,0.25
07/11/2025 14:46:55,0.23778501628664495
07/11/2025 14:46:56,0.2297734627831715
07/11/2025 14:46:56,0.21794871794871795
07/11/2025 14:46:56,0.2582781456953642
07/11/2025 14:46:56,0.1875
07/11/2025 14:46:56,0.19122257053291536
07/11/2025 14:46:56,0.2297734627831715
07/11/2025 14:46:57,0.22580645161290322
07/11/2025 14:46:57,0.23376623376623376
07/11/2025 14:46:57,0.21019108280254778
07/11/2025 14:46:57,0.23778501628664495
07/11/2025 14:46:57,0.22580645161290322
07/11/2025 14:46:57,0.19873817034700317
07/11/2025 14:46:58,0.22186495176848875
07/11/2025 14:46:58,0.22186495176848875
07/11/2025 14:46:58,0.2297734627831715
07/11/2025 14:46:58,0.1949685534591195
07/11/2025 14:46:58,0.22186495176848875
07/11/2025 14:46:58,0.22580645161290322
07/11/2025 14:46:58,0.20634920634920634
07/11/2025 14:46:59,0.22580645161290322
07/11/2025 14:46:59,0.2582781456953642
07/11/2025 14:46:59,0.25412541254125415
07/11/2025 14:46:59,0.21405750798722045
07/11/2025 14:46:59,0.21405750798722045
07/11/2025 14:46:59,0.23778501628664495
07/11/2025 14:47:00,0.19122257053291536
07/11/2025 14:47:00,0.20634920634920634
07/11/2025 14:47:00,0.19122257053291536
07/11/2025 14:47:00,0.20634920634920634
07/11/2025 14:47:00,0.21019108280254778
07/11/2025 14:47:00,0.23778501628664495
07/11/2025 14:47:01,0.21794871794871795
07/11/2025 14:47:01,0.22186495176848875
07/11/2025 14:47:01,0.20253164556962025
07/11/2025 14:47:01,0.24183006535947713
07/11/2025 14:47:01,0.19122257053291536
07/11/2025 14:47:01,0.22580645161290322
07/11/2025 14:47:02,0.22580645161290322
07/11/2025 14:47:02,0.24183006535947713
07/11/2025 14:47:02,0.20634920634920634
07/11/2025 14:47:02,0.26666666666666666
07/11/2025 14:47:02,0.24183006535947713
07/11/2025 14:47:02,0.24183006535947713
07/11/2025 14:47:02,0.21794871794871795
07/11/2025 14:47:03,0.26245847176079734
07/11/2025 14:47:03,0.24183006535947713
07/11/2025 14:47:03,0.25
07/11/2025 14:47:03,0.21405750798722045
07/11/2025 14:47:03,0.21019108280254778
07/11/2025 14:47:03,0.19122257053291536
07/11/2025 14:47:04,0.2297734627831715
07/11/2025 14:47:04,0.22580645161290322
07/11/2025 14:47:04,0.20634920634920634
07/11/2025 14:47:04,0.19873817034700317
07/11/2025 14:47:04,0.21794871794871795
07/11/2025 14:47:04,0.23778501628664495
07/11/2025 14:47:04,0.1949685534591195
07/11/2025 14:47:05,0.2297734627831715
07/11/2025 14:47:05,0.22186495176848875
07/11/2025 14:47:05,0.26666666666666666
07/11/2025 14:47:05,0.21794871794871795
07/11/2025 14:47:05,0.22186495176848875
07/11/2025 14:47:05,0.26666666666666666
07/11/2025 14:47:06,0.21019108280254778
07/11/2025 14:47:06,0.20634920634920634
07/11/2025 14:47:06,0.2297734627831715
07/11/2025 14:47:06,0.22186495176848875
07/11/2025 14:47:06,0.23376623376623376
07/11/2025 14:47:06,0.20253164556962025
07/11/2025 14:47:07,0.20634920634920634
07/11/2025 14:47:07,0.22186495176848875
07/11/2025 14:47:07,0.19122257053291536
07/11/2025 14:47:07,0.19873817034700317
07/11/2025 14:47:07,0.1838006230529595
07/11/2025 14:47:07,0.21019108280254778
07/11/2025 14:47:08,0.2297734627831715
07/11/2025 14:47:08,0.21794871794871795
07/11/2025 14:47:08,0.2582781456953642
07/11/2025 14:47:08,0.23376623376623376
07/11/2025 14:47:08,0.23376623376623376
07/11/2025 14:47:08,0.25412541254125415
07/11/2025 14:47:09,0.1949685534591195
07/11/2025 14:47:09,0.2582781456953642
07/11/2025 14:47:09,0.21405750798722045
07/11/2025 14:47:09,0.23376623376623376
07/11/2025 14:47:09,0.1949685534591195
07/11/2025 14:47:09,0.20253164556962025
07/11/2025 14:47:09,0.22580645161290322
07/11/2025 14:47:10,0.2297734627831715
07/11/2025 14:47:10,0.22580645161290322
07/11/2025 14:47:10,0.19122257053291536
07/11/2025 14:47:10,0.25412541254125415
07/11/2025 14:47:10,0.21019108280254778
07/11/2025 14:47:10,0.22580645161290322
07/11/2025 14:47:11,0.1875
07/11/2025 14:47:11,0.2297734627831715
07/11/2025 14:47:11,0.21019108280254778
07/11/2025 14:47:11,0.2459016393442623
07/11/2025 14:47:11,0.21794871794871795
07/11/2025 14:47:11,0.21019108280254778
07/11/2025 14:47:11,0.23376623376623376
07/11/2025 14:47:12,0.2297734627831715
07/11/2025 14:47:12,0.22580645161290322
07/11/2025 14:47:12,0.25412541254125415
07/11/2025 14:47:12,0.26666666666666666
07/11/2025 14:47:12,0.25
07/11/2025 14:47:12,0.21019108280254778
07/11/2025 14:47:13,0.22186495176848875
07/11/2025 14:47:13,0.21019108280254778
07/11/2025 14:47:13,0.21794871794871795
07/11/2025 14:47:13,0.21794871794871795
07/11/2025 14:47:13,0.20253164556962025
07/11/2025 14:47:13,0.23376623376623376
07/11/2025 14:47:14,0.21019108280254778
07/11/2025 14:47:14,0.23778501628664495
07/11/2025 14:47:14,0.21019108280254778
07/11/2025 14:47:14,0.19122257053291536
07/11/2025 14:47:14,0.24183006535947713
07/11/2025 14:47:14,0.20253164556962025
07/11/2025 14:47:14,0.1949685534591195
07/11/2025 14:47:15,0.1949685534591195
07/11/2025 14:47:15,0.19873817034700317
07/11/2025 14:47:15,0.21794871794871795
07/11/2025 14:47:15,0.23778501628664495
07/11/2025 14:47:15,0.23376623376623376
07/11/2025 14:47:15,0.20634920634920634
07/11/2025 14:47:16,0.21019108280254778
07/11/2025 14:47:16,0.18012422360248448
07/11/2025 14:47:16,0.22186495176848875
07/11/2025 14:47:16,0.2297734627831715
07/11/2025 14:47:16,0.21019108280254778
07/11/2025 14:47:16,0.21405750798722045
07/11/2025 14:47:17,0.22580645161290322
07/11/2025 14:47:17,0.23778501628664495
07/11/2025 14:47:17,0.2297734627831715
07/11/2025 14:47:17,0.21794871794871795
07/11/2025 14:47:17,0.20634920634920634
07/11/2025 14:47:17,0.2297734627831715
07/11/2025 14:47:18,0.24183006535947713
07/11/2025 14:47:18,0.2297734627831715
07/11/2025 14:47:18,0.2582781456953642
07/11/2025 14:47:18,0.2459016393442623
07/11/2025 14:47:18,0.22580645161290322
07/11/2025 14:47:18,0.23376623376623376
07/11/2025 14:47:19,0.19873817034700317
07/11/2025 14:47:19,0.20253164556962025
07/11/2025 14:47:19,0.22580645161290322
07/11/2025 14:47:19,0.24183006535947713
07/11/2025 14:47:19,0.1838006230529595
07/11/2025 14:47:19,0.21019108280254778
07/11/2025 14:47:20,0.20253164556962025
07/11/2025 14:47:20,0.23778501628664495
07/11/2025 14:47:20,0.2297734627831715
07/11/2025 14:47:20,0.22186495176848875
07/11/2025 14:47:20,0.21794871794871795
07/11/2025 14:47:20,0.21019108280254778
07/11/2025 14:47:20,0.25
07/11/2025 14:47:21,0.20253164556962025
07/11/2025 14:47:21,0.22580645161290322
07/11/2025 14:47:21,0.21794871794871795
07/11/2025 14:47:21,0.19122257053291536
07/11/2025 14:47:21,0.2297734627831715
07/11/2025 14:47:21,0.23376623376623376
07/11/2025 14:47:22,0.23778501628664495
07/11/2025 14:47:22,0.19122257053291536
07/11/2025 14:47:22,0.1949685534591195
07/11/2025 14:47:22,0.21019108280254778
07/11/2025 14:47:22,0.20634920634920634
07/11/2025 14:47:22,0.23376623376623376
07/11/2025 14:47:22,0.25
07/11/2025 14:47:23,0.22580645161290322
07/11/2025 14:47:23,0.23376623376623376
07/11/2025 14:47:23,0.21405750798722045
07/11/2025 14:47:23,0.22580645161290322
07/11/2025 14:47:23,0.23778501628664495
07/11/2025 14:47:23,0.22186495176848875
07/11/2025 14:47:24,0.25
07/11/2025 14:47:24,0.21019108280254778
07/11/2025 14:47:24,0.1875
07/11/2025 14:47:24,0.2751677852348993
07/11/2025 14:47:24,0.19122257053291536
07/11/2025 14:47:24,0.20634920634920634
07/11/2025 14:47:25,0.21794871794871795
07/11/2025 14:47:25,0.2751677852348993
07/11/2025 14:47:25,0.23376623376623376
07/11/2025 14:47:25,0.25412541254125415
07/11/2025 14:47:25,0.1875
07/11/2025 14:47:25,0.2297734627831715
07/11/2025 14:47:25,0.21019108280254778
07/11/2025 14:47:26,0.22186495176848875
07/11/2025 14:47:26,0.21405750798722045
07/11/2025 14:47:26,0.21794871794871795
07/11/2025 14:47:26,0.22186495176848875
07/11/2025 14:47:26,0.2297734627831715
07/11/2025 14:47:26,0.24183006535947713
07/11/2025 14:47:27,0.21405750798722045
07/11/2025 14:47:27,0.2297734627831715
07/11/2025 14:47:27,0.21794871794871795
07/11/2025 14:47:27,0.25
07/11/2025 14:47:27,0.19122257053291536
07/11/2025 14:47:27,0.24183006535947713
07/11/2025 14:47:28,0.20253164556962025
07/11/2025 14:47:28,0.17647058823529413
07/11/2025 14:47:28,0.23376623376623376
07/11/2025 14:47:28,0.22186495176848875
07/11/2025 14:47:28,0.20253164556962025
07/11/2025 14:47:28,0.22186495176848875
07/11/2025 14:47:28,0.20634920634920634
07/11/2025 14:47:29,0.20634920634920634
07/11/2025 14:47:29,0.21405750798722045
07/11/2025 14:47:29,0.1949685534591195
07/11/2025 14:47:29,0.24183006535947713
07/11/2025 14:47:29,0.20253164556962025
07/11/2025 14:47:29,0.21405750798722045
07/11/2025 14:47:30,0.2297734627831715
07/11/2025 14:47:30,0.22186495176848875
07/11/2025 14:47:30,0.20634920634920634
07/11/2025 14:47:30,0.21405750798722045
07/11/2025 14:47:30,0.22580645161290322
07/11/2025 14:47:30,0.22580645161290322
07/11/2025 14:47:31,0.2297734627831715
07/11/2025 14:47:31,0.23778501628664495
07/11/2025 14:47:31,0.23778501628664495
07/11/2025 14:47:31,0.20253164556962025
07/11/2025 14:47:31,0.2297734627831715
07/11/2025 14:47:31,0.21405750798722045
07/11/2025 14:47:32,0.1949685534591195
07/11/2025 14:47:32,0.21019108280254778
07/11/2025 14:47:32,0.21794871794871795
07/11/2025 14:47:32,0.22186495176848875
07/11/2025 14:47:32,0.2297734627831715
07/11/2025 14:47:32,0.2297734627831715
07/11/2025 14:47:32,0.19873817034700317
07/11/2025 14:47:33,0.22186495176848875
07/11/2025 14:47:33,0.19873817034700317
07/11/2025 14:47:33,0.19873817034700317
07/11/2025 14:47:33,0.23376623376623376
07/11/2025 14:47:33,0.19122257053291536
07/11/2025 14:47:33,0.1728395061728395
07/11/2025 14:47:34,0.24183006535947713
07/11/2025 14:47:34,0.20634920634920634
07/11/2025 14:47:34,0.21405750798722045
07/11/2025 14:47:34,0.24183006535947713
07/11/2025 14:47:34,0.2459016393442623
07/11/2025 14:47:34,0.20634920634920634
07/11/2025 14:47:35,0.1949685534591195
07/11/2025 14:47:35,0.22186495176848875
07/11/2025 14:47:35,0.23778501628664495
07/11/2025 14:47:35,0.2297734627831715
07/11/2025 14:47:35,0.24183006535947713
07/11/2025 14:47:35,0.21019108280254778
07/11/2025 14:47:36,0.23778501628664495
07/11/2025 14:47:36,0.20634920634920634
07/11/2025 14:47:36,0.21019108280254778
07/11/2025 14:47:36,0.2582781456953642
07/11/2025 14:47:36,0.21405750798722045
07/11/2025 14:47:36,0.2297734627831715
07/11/2025 14:47:36,0.20253164556962025
07/11/2025 14:47:37,0.23778501628664495
07/11/2025 14:47:37,0.2297734627831715
07/11/2025 14:47:37,0.25412541254125415
07/11/2025 14:47:37,0.21019108280254778
07/11/2025 14:47:37,0.23778501628664495
07/11/2025 14:47:37,0.20634920634920634
07/11/2025 14:47:38,0.22580645161290322
07/11/2025 14:47:38,0.2297734627831715
07/11/2025 14:47:38,0.22580645161290322
07/11/2025 14:47:38,0.1949685534591195
07/11/2025 14:47:38,0.24183006535947713
07/11/2025 14:47:38,0.19873817034700317
07/11/2025 14:47:39,0.23376623376623376
07/11/2025 14:47:39,0.2582781456953642
07/11/2025 14:47:39,0.25412541254125415
07/11/2025 14:47:39,0.2459016393442623
07/11/2025 14:47:39,0.1949685534591195
07/11/2025 14:47:39,0.20634920634920634
07/11/2025 14:47:39,0.24183006535947713
07/11/2025 14:47:40,0.2297734627831715
07/11/2025 14:47:40,0.20253164556962025
07/11/2025 14:47:40,0.22186495176848875
07/11/2025 14:47:40,0.1949685534591195
07/11/2025 14:47:40,0.2297734627831715
07/11/2025 14:47:40,0.2297734627831715
07/11/2025 14:47:41,0.23376623376623376
07/11/2025 14:47:41,0.19122257053291536
07/11/2025 14:47:41,0.23778501628664495
07/11/2025 14:47:41,0.21019108280254778
07/11/2025 14:47:41,0.20253164556962025
07/11/2025 14:47:41,0.20253164556962025
07/11/2025 14:47:42,0.21405750798722045
07/11/2025 14:47:42,0.23376623376623376
07/11/2025 14:47:42,0.22580645161290322
07/11/2025 14:47:42,0.21405750798722045
07/11/2025 14:47:42,0.22580645161290322
07/11/2025 14:47:42,0.22186495176848875
07/11/2025 14:47:43,0.19873817034700317
07/11/2025 14:47:43,0.1838006230529595
07/11/2025 14:47:43,0.23376623376623376
07/11/2025 14:47:43,0.24183006535947713
07/11/2025 14:47:43,0.2582781456953642
07/11/2025 14:47:43,0.20253164556962025
07/11/2025 14:47:44,0.22186495176848875
07/11/2025 14:47:44,0.23376623376623376
07/11/2025 14:47:44,0.25
07/11/2025 14:47:44,0.25
07/11/2025 14:47:44,0.23376623376623376
07/11/2025 14:47:44,0.21794871794871795
07/11/2025 14:47:44,0.21019108280254778
07/11/2025 14:47:45,0.2459016393442623
07/11/2025 14:47:45,0.1949685534591195
07/11/2025 14:47:45,0.21405750798722045
07/11/2025 14:47:45,0.22580645161290322
07/11/2025 14:47:45,0.1949685534591195
07/11/2025 14:47:45,0.21019108280254778
07/11/2025 14:47:46,0.22186495176848875
07/11/2025 14:47:46,0.21019108280254778
07/11/2025 14:47:46,0.21019108280254778
07/11/2025 14:47:46,0.21019108280254778
07/11/2025 14:47:46,0.23376623376623376
07/11/2025 14:47:46,0.21405750798722045
07/11/2025 14:47:47,0.1949685534591195
07/11/2025 14:47:47,0.23778501628664495
07/11/2025 14:47:47,0.21794871794871795
07/11/2025 14:47:47,0.21405750798722045
07/11/2025 14:47:47,0.23376623376623376
07/11/2025 14:47:47,0.2297734627831715
07/11/2025 14:47:47,0.2297734627831715
07/11/2025 14:47:48,0.21794871794871795
07/11/2025 14:47:48,0.25
07/11/2025 14:47:48,0.19873817034700317
07/11/2025 14:47:48,0.22186495176848875
07/11/2025 14:47:48,0.2297734627831715
07/11/2025 14:47:48,0.21405750798722045
07/11/2025 14:47:49,0.21019108280254778
07/11/2025 14:47:49,0.21405750798722045
07/11/2025 14:47:49,0.21794871794871795
07/11/2025 14:47:49,0.2582781456953642
07/11/2025 14:47:49,0.21019108280254778
07/11/2025 14:47:49,0.21794871794871795
07/11/2025 14:47:50,0.19122257053291536
07/11/2025 14:47:50,0.22186495176848875
07/11/2025 14:47:50,0.2459016393442623
07/11/2025 14:47:50,0.23778501628664495
07/11/2025 14:47:50,0.25
07/11/2025 14:47:50,0.25
07/11/2025 14:47:51,0.22186495176848875
07/11/2025 14:47:51,0.22186495176848875
07/11/2025 14:47:51,0.20253164556962025
07/11/2025 14:47:51,0.2459016393442623
07/11/2025 14:47:51,0.2582781456953642
07/11/2025 14:47:51,0.21405750798722045
07/11/2025 14:47:52,0.22186495176848875
07/11/2025 14:47:52,0.23778501628664495
07/11/2025 14:47:52,0.23778501628664495
07/11/2025 14:47:52,0.20634920634920634
07/11/2025 14:47:52,0.2297734627831715
07/11/2025 14:47:52,0.21019108280254778
07/11/2025 14:47:52,0.2297734627831715
07/11/2025 14:47:53,0.25412541254125415
07/11/2025 14:47:53,0.21794871794871795
07/11/2025 14:47:53,0.21019108280254778
07/11/2025 14:47:53,0.21019108280254778
07/11/2025 14:47:53,0.23778501628664495
07/11/2025 14:47:53,0.2459016393442623
07/11/2025 14:47:54,0.19873817034700317
07/11/2025 14:47:54,0.22580645161290322
07/11/2025 14:47:54,0.23778501628664495
07/11/2025 14:47:54,0.20634920634920634
07/11/2025 14:47:54,0.1875
07/11/2025 14:47:54,0.21405750798722045
07/11/2025 14:47:55,0.21019108280254778
07/11/2025 14:47:55,0.21794871794871795
07/11/2025 14:47:55,0.23376623376623376
07/11/2025 14:47:55,0.24183006535947713
07/11/2025 14:47:55,0.2297734627831715
07/11/2025 14:47:55,0.21019108280254778
07/11/2025 14:47:55,0.22580645161290322
07/11/2025 14:47:56,0.25
07/11/2025 14:47:56,0.2459016393442623
07/11/2025 14:47:56,0.22186495176848875
07/11/2025 14:47:56,0.25412541254125415
07/11/2025 14:47:56,0.22580645161290322
07/11/2025 14:47:56,0.1875
07/11/2025 14:47:57,0.1949685534591195
07/11/2025 14:47:57,0.19122257053291536
07/11/2025 14:47:57,0.2459016393442623
07/11/2025 14:47:57,0.24183006535947713
07/11/2025 14:47:57,0.23376623376623376
07/11/2025 14:47:57,0.21019108280254778
07/11/2025 14:47:58,0.22186495176848875
07/11/2025 14:47:58,0.18012422360248448
07/11/2025 14:48:33,0.21019108280254778
07/11/2025 14:48:33,0.2582781456953642
07/11/2025 14:48:33,0.20253164556962025
07/11/2025 14:48:34,0.21019108280254778
07/11/2025 14:48:34,0.26245847176079734
07/11/2025 14:48:34,0.2297734627831715
07/11/2025 14:48:34,0.25412541254125415
07/11/2025 14:48:34,0.23778501628664495
07/11/2025 14:48:34,0.26666666666666666
07/11/2025 14:48:34,0.2297734627831715
07/11/2025 14:48:35,0.24183006535947713
07/11/2025 14:48:35,0.24183006535947713
07/11/2025 14:48:35,0.22580645161290322
07/11/2025 14:48:35,0.21019108280254778
07/11/2025 14:48:35,0.2582781456953642
07/11/2025 14:48:35,0.25
07/11/2025 14:48:36,0.22580645161290322
07/11/2025 14:48:36,0.2459016393442623
07/11/2025 14:48:36,0.21794871794871795
07/11/2025 14:48:36,0.23376623376623376
07/11/2025 14:48:36,0.23376623376623376
07/11/2025 14:48:36,0.23778501628664495
07/11/2025 14:48:36,0.2297734627831715
07/11/2025 14:48:37,0.23778501628664495
07/11/2025 14:48:37,0.1728395061728395
07/11/2025 14:48:37,0.1949685534591195
07/11/2025 14:48:37,0.19122257053291536
07/11/2025 14:48:37,0.1949685534591195
07/11/2025 14:48:37,0.21794871794871795
07/11/2025 14:48:38,0.2297734627831715
07/11/2025 14:48:38,0.2297734627831715
07/11/2025 14:48:38,0.22186495176848875
07/11/2025 14:48:38,0.23376623376623376
07/11/2025 14:48:38,0.23376623376623376
07/11/2025 14:48:38,0.21405750798722045
07/11/2025 14:48:38,0.26666666666666666
07/11/2025 14:48:39,0.19122257053291536
07/11/2025 14:48:39,0.19122257053291536
07/11/2025 14:48:39,0.2459016393442623
07/11/2025 14:48:39,0.19122257053291536
07/11/2025 14:48:39,0.25
07/11/2025 14:48:39,0.22580645161290322
07/11/2025 14:48:40,0.19873817034700317
07/11/2025 14:48:40,0.23778501628664495
07/11/2025 14:48:40,0.25
07/11/2025 14:48:40,0.23778501628664495
07/11/2025 14:48:40,0.21019108280254778
07/11/2025 14:48:40,0.23376623376623376
07/11/2025 14:48:41,0.1949685534591195
07/11/2025 14:48:41,0.23376623376623376
07/11/2025 14:48:41,0.20253164556962025
07/11/2025 14:48:41,0.23778501628664495
07/11/2025 14:48:41,0.21405750798722045
07/11/2025 14:48:41,0.21019108280254778
07/11/2025 14:48:41,0.2297734627831715
07/11/2025 14:48:42,0.1875
07/11/2025 14:48:42,0.21019108280254778
07/11/2025 14:48:42,0.21405750798722045
07/11/2025 14:48:42,0.22186495176848875
07/11/2025 14:48:42,0.21405750798722045
07/11/2025 14:48:42,0.25
07/11/2025 14:48:43,0.21019108280254778
07/11/2025 14:48:43,0.23778501628664495
07/11/2025 14:48:43,0.23376623376623376
07/11/2025 14:48:43,0.23778501628664495
07/11/2025 14:48:43,0.21794871794871795
07/11/2025 14:48:43,0.23778501628664495
07/11/2025 14:48:44,0.22580645161290322
07/11/2025 14:48:44,0.19873817034700317
07/11/2025 14:48:44,0.22580645161290322
07/11/2025 14:48:44,0.20253164556962025
07/11/2025 14:48:44,0.23778501628664495
07/11/2025 14:48:44,0.22186495176848875
07/11/2025 14:48:45,0.20253164556962025
07/11/2025 14:48:45,0.19873817034700317
07/11/2025 14:48:45,0.19873817034700317
07/11/2025 14:48:45,0.19873817034700317
07/11/2025 14:48:45,0.22580645161290322
07/11/2025 14:48:45,0.24183006535947713
07/11/2025 14:48:46,0.19122257053291536
07/11/2025 14:48:46,0.21405750798722045
07/11/2025 14:48:46,0.1949685534591195
07/11/2025 14:48:46,0.20634920634920634
07/11/2025 14:48:46,0.23778501628664495
07/11/2025 14:48:46,0.23778501628664495
07/11/2025 14:48:47,0.2582781456953642
07/11/2025 14:48:47,0.1656441717791411
07/11/2025 14:48:47,0.1875
07/11/2025 14:48:47,0.23778501628664495
07/11/2025 14:48:47,0.2459016393442623
07/11/2025 14:48:47,0.23376623376623376
07/11/2025 14:48:47,0.2297734627831715
07/11/2025 14:48:48,0.20634920634920634
07/11/2025 14:48:48,0.1875
07/11/2025 14:48:48,0.21794871794871795
07/11/2025 14:48:48,0.21405750798722045
07/11/2025 14:48:48,0.25412541254125415
07/11/2025 14:48:48,0.1949685534591195
07/11/2025 14:48:49,0.22186495176848875
07/11/2025 14:48:49,0.1949685534591195
07/11/2025 14:48:49,0.22186495176848875
07/11/2025 14:48:49,0.23778501628664495
07/11/2025 14:48:49,0.19122257053291536
07/11/2025 14:48:49,0.21405750798722045
07/11/2025 14:48:50,0.21794871794871795
07/11/2025 14:48:50,0.23778501628664495
07/11/2025 14:48:50,0.19122257053291536
07/11/2025 14:48:50,0.25
07/11/2025 14:48:50,0.22186495176848875
07/11/2025 14:48:50,0.20253164556962025
07/11/2025 14:48:51,0.22580645161290322
07/11/2025 14:48:51,0.23376623376623376
07/11/2025 14:48:51,0.20253164556962025
07/11/2025 14:48:51,0.2582781456953642
07/11/2025 14:48:51,0.1949685534591195
07/11/2025 14:48:51,0.25412541254125415
07/11/2025 14:48:51,0.2297734627831715
07/11/2025 14:48:52,0.18012422360248448
07/11/2025 14:48:52,0.22580645161290322
07/11/2025 14:48:52,0.21019108280254778
07/11/2025 14:48:52,0.26245847176079734
07/11/2025 14:48:52,0.21405750798722045
07/11/2025 14:48:52,0.1875
07/11/2025 14:48:53,0.22580645161290322
07/11/2025 14:48:53,0.23376623376623376
07/11/2025 14:48:53,0.2297734627831715
07/11/2025 14:48:53,0.21405750798722045
07/11/2025 14:48:53,0.2582781456953642
07/11/2025 14:48:53,0.23778501628664495
07/11/2025 14:48:54,0.2459016393442623
07/11/2025 14:48:54,0.21794871794871795
07/11/2025 14:48:54,0.20253164556962025
07/11/2025 14:48:54,0.1875
07/11/2025 14:48:54,0.22580645161290322
07/11/2025 14:48:54,0.24183006535947713
07/11/2025 14:48:54,0.21019108280254778
07/11/2025 14:48:55,0.22186495176848875
07/11/2025 14:48:55,0.21794871794871795
07/11/2025 14:48:55,0.21794871794871795
07/11/2025 14:48:55,0.26245847176079734
07/11/2025 14:48:55,0.25412541254125415
07/11/2025 14:48:55,0.2297734627831715
07/11/2025 14:48:56,0.19873817034700317
07/11/2025 14:48:56,0.21405750798722045
07/11/2025 14:48:56,0.19873817034700317
07/11/2025 14:48:56,0.1949685534591195
07/11/2025 14:48:56,0.20634920634920634
07/11/2025 14:48:56,0.20634920634920634
07/11/2025 14:48:57,0.25412541254125415
07/11/2025 14:48:57,0.2582781456953642
07/11/2025 14:48:57,0.21405750798722045
07/11/2025 14:48:57,0.25412541254125415
07/11/2025 14:48:57,0.22186495176848875
07/11/2025 14:48:57,0.24183006535947713
07/11/2025 14:48:57,0.21794871794871795
07/11/2025 14:48:58,0.1949685534591195
07/11/2025 14:48:58,0.23778501628664495
07/11/2025 14:48:58,0.21019108280254778
07/11/2025 14:48:58,0.22186495176848875
07/11/2025 14:48:58,0.21405750798722045
07/11/2025 14:48:58,0.21794871794871795
07/11/2025 14:48:59,0.22580645161290322
07/11/2025 14:48:59,0.25412541254125415
07/11/2025 14:48:59,0.19873817034700317
07/11/2025 14:48:59,0.26245847176079734
07/11/2025 14:48:59,0.21405750798722045
07/11/2025 14:48:59,0.23778501628664495
07/11/2025 14:49:00,0.21794871794871795
07/11/2025 14:49:00,0.19873817034700317
07/11/2025 14:49:00,0.21794871794871795
07/11/2025 14:49:00,0.21794871794871795
07/11/2025 14:49:00,0.23778501628664495
07/11/2025 14:49:00,0.22186495176848875
07/11/2025 14:49:00,0.2297734627831715
07/11/2025 14:49:01,0.24183006535947713
07/11/2025 14:49:01,0.19873817034700317
07/11/2025 14:49:01,0.26666666666666666
07/11/2025 14:49:01,0.23778501628664495
07/11/2025 14:49:01,0.20634920634920634
07/11/2025 14:49:01,0.25
07/11/2025 14:49:02,0.23778501628664495
07/11/2025 14:49:02,0.20634920634920634
07/11/2025 14:49:02,0.21019108280254778
07/11/2025 14:49:02,0.24183006535947713
07/11/2025 14:49:02,0.22580645161290322
07/11/2025 14:49:02,0.20253164556962025
07/11/2025 14:49:02,0.22186495176848875
07/11/2025 14:49:03,0.22186495176848875
07/11/2025 14:49:03,0.21019108280254778
07/11/2025 14:49:03,0.22186495176848875
07/11/2025 14:49:03,0.18012422360248448
07/11/2025 14:49:03,0.20634920634920634
07/11/2025 14:49:03,0.22186495176848875
07/11/2025 14:49:04,0.23376623376623376
07/11/2025 14:49:04,0.23778501628664495
07/11/2025 14:49:04,0.23376623376623376
07/11/2025 14:49:04,0.22186495176848875
07/11/2025 14:49:04,0.1949685534591195
07/11/2025 14:49:04,0.2297734627831715
07/11/2025 14:49:05,0.21405750798722045
07/11/2025 14:49:05,0.21794871794871795
07/11/2025 14:49:05,0.20634920634920634
07/11/2025 14:49:05,0.21794871794871795
07/11/2025 14:49:05,0.25412541254125415
07/11/2025 14:49:05,0.2459016393442623
07/11/2025 14:49:06,0.21794871794871795
07/11/2025 14:49:06,0.24183006535947713
07/11/2025 14:49:06,0.2459016393442623
07/11/2025 14:49:06,0.20253164556962025
07/11/2025 14:49:06,0.21405750798722045
07/11/2025 14:49:06,0.2582781456953642
07/11/2025 14:49:07,0.20634920634920634
07/11/2025 14:49:07,0.1838006230529595
07/11/2025 14:49:07,0.21405750798722045
07/11/2025 14:49:07,0.23778501628664495
07/11/2025 14:49:07,0.24183006535947713
07/11/2025 14:49:07,0.19873817034700317
07/11/2025 14:49:07,0.2459016393442623
07/11/2025 14:49:08,0.23778501628664495
07/11/2025 14:49:08,0.26666666666666666
07/11/2025 14:49:08,0.2459016393442623
07/11/2025 14:49:08,0.22186495176848875
07/11/2025 14:49:08,0.22580645161290322
07/11/2025 14:49:08,0.22580645161290322
07/11/2025 14:49:09,0.22186495176848875
07/11/2025 14:49:09,0.25
07/11/2025 14:49:09,0.22186495176848875
07/11/2025 14:49:09,0.20634920634920634
07/11/2025 14:49:09,0.22186495176848875
07/11/2025 14:49:09,0.2751677852348993
07/11/2025 14:49:10,0.2297734627831715
07/11/2025 14:49:10,0.20634920634920634
07/11/2025 14:49:10,0.21405750798722045
07/11/2025 14:49:10,0.24183006535947713
07/11/2025 14:49:10,0.2297734627831715
07/11/2025 14:49:10,0.1838006230529595
07/11/2025 14:49:10,0.22186495176848875
07/11/2025 14:49:11,0.19873817034700317
07/11/2025 14:49:11,0.22186495176848875
07/11/2025 14:49:11,0.19873817034700317
07/11/2025 14:49:11,0.2459016393442623
07/11/2025 14:49:11,0.21019108280254778
07/11/2025 14:49:11,0.21794871794871795
07/11/2025 14:49:12,0.24183006535947713
07/11/2025 14:49:12,0.20253164556962025
07/11/2025 14:49:12,0.19873817034700317
07/11/2025 14:49:12,0.22186495176848875
07/11/2025 14:49:12,0.20634920634920634
07/11/2025 14:49:12,0.20634920634920634
07/11/2025 14:49:13,0.26245847176079734
07/11/2025 14:49:13,0.20253164556962025
07/11/2025 14:49:13,0.25
07/11/2025 14:49:13,0.1949685534591195
07/11/2025 14:49:13,0.22580645161290322
07/11/2025 14:49:13,0.2297734627831715
07/11/2025 14:49:14,0.21794871794871795
07/11/2025 14:49:14,0.22580645161290322
07/11/2025 14:49:14,0.2582781456953642
07/11/2025 14:49:14,0.2751677852348993
07/11/2025 14:49:14,0.21405750798722045
07/11/2025 14:49:14,0.2709030100334448
07/11/2025 14:49:14,0.22580645161290322
07/11/2025 14:49:15,0.21794871794871795
07/11/2025 14:49:15,0.20253164556962025
07/11/2025 14:49:15,0.21405750798722045
07/11/2025 14:49:15,0.20253164556962025
07/11/2025 14:49:15,0.1949685534591195
07/11/2025 14:49:15,0.2582781456953642
07/11/2025 14:49:16,0.2297734627831715
07/11/2025 14:49:16,0.20634920634920634
07/11/2025 14:49:16,0.20253164556962025
07/11/2025 14:49:16,0.20634920634920634
07/11/2025 14:49:16,0.22580645161290322
07/11/2025 14:49:16,0.24183006535947713
07/11/2025 14:49:17,0.19873817034700317
07/11/2025 14:49:17,0.22580645161290322
07/11/2025 14:49:17,0.20253164556962025
07/11/2025 14:49:17,0.22580645161290322
07/11/2025 14:49:17,0.22186495176848875
07/11/2025 14:49:17,0.22186495176848875
07/11/2025 14:49:18,0.2297734627831715
07/11/2025 14:49:18,0.22186495176848875
07/11/2025 14:49:18,0.1875
07/11/2025 14:49:18,0.23376623376623376
07/11/2025 14:49:18,0.22186495176848875
07/11/2025 14:49:18,0.2297734627831715
07/11/2025 14:49:19,0.19873817034700317
07/11/2025 14:49:19,0.21019108280254778
07/11/2025 14:49:19,0.21405750798722045
07/11/2025 14:49:19,0.21019108280254778
07/11/2025 14:49:19,0.21794871794871795
07/11/2025 14:49:19,0.22186495176848875
07/11/2025 14:49:20,0.20253164556962025
07/11/2025 14:49:20,0.21405750798722045
07/11/2025 14:49:20,0.21405750798722045
07/11/2025 14:49:20,0.21405750798722045
07/11/2025 14:49:20,0.2297734627831715
07/11/2025 14:49:20,0.23376623376623376
07/11/2025 14:49:20,0.23376623376623376
07/11/2025 14:49:21,0.21794871794871795
07/11/2025 14:49:21,0.17647058823529413
07/11/2025 14:49:21,0.20253164556962025
07/11/2025 14:49:21,0.2582781456953642
07/11/2025 14:49:21,0.22580645161290322
07/11/2025 14:49:21,0.23376623376623376
07/11/2025 14:49:22,0.23778501628664495
07/11/2025 14:49:22,0.19873817034700317
07/11/2025 14:49:22,0.21019108280254778
07/11/2025 14:49:22,0.2297734627831715
07/11/2025 14:49:22,0.22186495176848875
07/11/2025 14:49:22,0.20634920634920634
07/11/2025 14:49:23,0.23778501628664495
07/11/2025 14:49:23,0.21405750798722045
07/11/2025 14:49:23,0.21405750798722045
07/11/2025 14:49:23,0.22580645161290322
07/11/2025 14:49:23,0.2297734627831715
07/11/2025 14:49:23,0.22580645161290322
07/11/2025 14:49:23,0.22580645161290322
07/11/2025 14:49:24,0.20634920634920634
07/11/2025 14:49:24,0.24183006535947713
07/11/2025 14:49:24,0.20634920634920634
07/11/2025 14:49:24,0.23778501628664495
07/11/2025 14:49:24,0.20634920634920634
07/11/2025 14:49:24,0.26666666666666666
07/11/2025 14:49:25,0.20253164556962025
07/11/2025 14:49:25,0.21794871794871795
07/11/2025 14:49:25,0.22186495176848875
07/11/2025 14:49:25,0.19873817034700317
07/11/2025 14:49:25,0.22580645161290322
07/11/2025 14:49:25,0.23376623376623376
07/11/2025 14:49:26,0.19873817034700317
07/11/2025 14:49:26,0.1949685534591195
07/11/2025 14:49:26,0.22580645161290322
07/11/2025 14:49:26,0.23376623376623376
07/11/2025 14:49:26,0.22186495176848875
07/11/2025 14:49:26,0.22580645161290322
07/11/2025 14:49:27,0.19873817034700317
07/11/2025 14:49:27,0.2582781456953642
07/11/2025 14:49:27,0.23376623376623376
07/11/2025 14:49:27,0.23376623376623376
07/11/2025 14:49:27,0.21405750798722045
07/11/2025 14:49:27,0.21405750798722045
07/11/2025 14:49:27,0.23376623376623376
07/11/2025 14:49:28,0.20634920634920634
07/11/2025 14:49:28,0.22580645161290322
07/11/2025 14:49:28,0.25
07/11/2025 14:49:28,0.25412541254125415
07/11/2025 14:49:28,0.20634920634920634
07/11/2025 14:49:28,0.2297734627831715
07/11/2025 14:49:29,0.23778501628664495
07/11/2025 14:49:29,0.23778501628664495
07/11/2025 14:49:29,0.22580645161290322
07/11/2025 14:49:29,0.22580645161290322
07/11/2025 14:49:29,0.23376623376623376
07/11/2025 14:49:29,0.19122257053291536
07/11/2025 14:49:30,0.23376623376623376
07/11/2025 14:49:30,0.19122257053291536
07/11/2025 14:49:30,0.21794871794871795
07/11/2025 14:49:30,0.20634920634920634
07/11/2025 14:49:30,0.22580645161290322
07/11/2025 14:49:30,0.20634920634920634
07/11/2025 14:49:30,0.20634920634920634
07/11/2025 14:49:31,0.19122257053291536
07/11/2025 14:49:31,0.25412541254125415
07/11/2025 14:49:31,0.2459016393442623
07/11/2025 14:49:31,0.2459016393442623
07/11/2025 14:49:31,0.2459016393442623
07/11/2025 14:49:31,0.21794871794871795
07/11/2025 14:49:32,0.20253164556962025
07/11/2025 14:49:32,0.20634920634920634
07/11/2025 14:49:32,0.20634920634920634
07/11/2025 14:49:32,0.21019108280254778
07/11/2025 14:49:32,0.21794871794871795
07/11/2025 14:49:32,0.21794871794871795
07/11/2025 14:49:33,0.20253164556962025
07/11/2025 14:49:33,0.2582781456953642
07/11/2025 14:49:33,0.25
07/11/2025 14:49:33,0.20634920634920634
07/11/2025 14:49:33,0.21794871794871795
07/11/2025 14:49:33,0.2297734627831715
07/11/2025 14:49:33,0.21794871794871795
07/11/2025 14:49:34,0.21405750798722045
07/11/2025 14:49:34,0.23778501628664495
07/11/2025 14:49:34,0.21019108280254778
07/11/2025 14:49:34,0.20634920634920634
07/11/2025 14:49:34,0.1875
07/11/2025 14:49:34,0.24183006535947713
07/11/2025 14:49:35,0.21794871794871795
07/11/2025 14:49:35,0.22580645161290322
07/11/2025 14:49:35,0.21019108280254778
07/11/2025 14:49:35,0.1875
07/11/2025 14:49:35,0.22580645161290322
07/11/2025 14:49:35,0.25412541254125415
07/11/2025 14:49:35,0.2297734627831715
07/11/2025 14:49:36,0.21405750798722045
07/11/2025 14:49:36,0.21019108280254778
07/11/2025 14:49:36,0.22186495176848875
07/11/2025 14:49:36,0.23778501628664495
07/11/2025 14:49:36,0.22186495176848875
07/11/2025 14:49:36,0.20634920634920634
07/11/2025 14:49:37,0.2297734627831715
07/11/2025 14:49:37,0.22186495176848875
07/11/2025 14:49:37,0.22580645161290322
07/11/2025 14:49:37,0.21794871794871795
07/11/2025 14:49:37,0.19873817034700317
07/11/2025 14:49:37,0.23778501628664495
07/11/2025 14:49:38,0.19122257053291536
07/11/2025 14:49:38,0.20634920634920634
07/11/2025 14:49:38,0.17647058823529413
07/11/2025 14:49:38,0.20253164556962025
07/11/2025 14:49:38,0.21794871794871795
07/11/2025 14:49:38,0.21405750798722045
07/11/2025 14:49:38,0.22186495176848875
07/11/2025 14:49:39,0.23778501628664495
07/11/2025 14:49:39,0.2297734627831715
07/11/2025 14:49:39,0.1949685534591195
07/11/2025 14:49:39,0.19122257053291536
07/11/2025 14:49:39,0.1875
07/11/2025 14:49:39,0.2297734627831715
07/11/2025 14:49:40,0.2297734627831715
07/11/2025 14:49:40,0.26245847176079734
07/11/2025 14:49:40,0.20253164556962025
07/11/2025 14:49:40,0.2297734627831715
07/11/2025 14:49:40,0.21405750798722045
07/11/2025 14:49:40,0.1949685534591195
07/11/2025 14:49:41,0.22580645161290322
07/11/2025 14:49:41,0.26666666666666666
07/11/2025 14:49:41,0.23778501628664495
07/11/2025 14:49:41,0.23778501628664495
07/11/2025 14:49:41,0.26666666666666666
07/11/2025 14:49:41,0.22580645161290322
07/11/2025 14:49:41,0.21794871794871795
07/11/2025 14:49:42,0.25
07/11/2025 14:49:42,0.26245847176079734
07/11/2025 14:49:42,0.21405750798722045
07/11/2025 14:49:42,0.23376623376623376
07/11/2025 14:49:42,0.19873817034700317
07/11/2025 14:49:42,0.20634920634920634
07/11/2025 14:49:43,0.2582781456953642
07/11/2025 14:49:43,0.21794871794871795
07/11/2025 14:49:43,0.21405750798722045
07/11/2025 14:49:43,0.19122257053291536
07/11/2025 14:49:43,0.20253164556962025
07/11/2025 14:49:43,0.21405750798722045
07/11/2025 14:49:44,0.24183006535947713
07/11/2025 14:49:44,0.2459016393442623
07/11/2025 14:49:44,0.25412541254125415
07/11/2025 14:49:44,0.18012422360248448
07/11/2025 14:49:44,0.2582781456953642
07/11/2025 14:49:44,0.2582781456953642
07/11/2025 14:49:44,0.23778501628664495
07/11/2025 14:49:45,0.1949685534591195
07/11/2025 14:49:45,0.20253164556962025
07/11/2025 14:49:45,0.23778501628664495
07/11/2025 14:49:45,0.2297734627831715
07/11/2025 14:49:45,0.20634920634920634
07/11/2025 14:49:45,0.22580645161290322
07/11/2025 14:49:46,0.21405750798722045
07/11/2025 14:49:46,0.20634920634920634
07/11/2025 14:49:46,0.23778501628664495
07/11/2025 14:49:46,0.21405750798722045
07/11/2025 14:49:46,0.20634920634920634
07/11/2025 14:49:46,0.21794871794871795
07/11/2025 14:49:47,0.22580645161290322
07/11/2025 14:49:47,0.23778501628664495
07/11/2025 14:49:47,0.23778501628664495
07/11/2025 14:49:47,0.23376623376623376
07/11/2025 14:49:47,0.20634920634920634
07/11/2025 14:49:47,0.20634920634920634
07/11/2025 14:49:48,0.21794871794871795
07/11/2025 14:49:48,0.21794871794871795
07/11/2025 14:49:48,0.20634920634920634
07/11/2025 14:49:48,0.2297734627831715
07/11/2025 14:49:48,0.21794871794871795
07/11/2025 14:49:48,0.2297734627831715
07/11/2025 14:49:48,0.19873817034700317
07/11/2025 14:49:49,0.20634920634920634
07/11/2025 14:49:49,0.23778501628664495
07/11/2025 14:49:49,0.23778501628664495
07/11/2025 14:49:49,0.2459016393442623
07/11/2025 14:49:49,0.20634920634920634
07/11/2025 14:49:49,0.19873817034700317
07/11/2025 14:49:50,0.2297734627831715
07/11/2025 14:49:50,0.22186495176848875
07/11/2025 14:49:50,0.21405750798722045
07/11/2025 14:49:50,0.23376623376623376
07/11/2025 14:49:50,0.19122257053291536
07/11/2025 14:49:50,0.20634920634920634
07/11/2025 14:49:50,0.1838006230529595
07/11/2025 14:49:51,0.2297734627831715
07/11/2025 14:49:51,0.19122257053291536
07/11/2025 14:49:51,0.19873817034700317
07/11/2025 14:49:51,0.22580645161290322
07/11/2025 14:49:51,0.20253164556962025
07/11/2025 14:49:51,0.24183006535947713
07/11/2025 14:49:52,0.20253164556962025
07/11/2025 14:49:52,0.2297734627831715
07/11/2025 14:49:52,0.21405750798722045
07/11/2025 14:49:52,0.21405750798722045
07/11/2025 14:49:52,0.23778501628664495
07/11/2025 14:49:52,0.24183006535947713
07/11/2025 14:49:53,0.2297734627831715
07/11/2025 14:49:53,0.26666666666666666
07/11/2025 14:49:53,0.22580645161290322
07/11/2025 14:49:53,0.21019108280254778
07/11/2025 14:49:53,0.20253164556962025
07/11/2025 14:49:53,0.2297734627831715
07/11/2025 14:49:54,0.19873817034700317
07/11/2025 14:49:54,0.20253164556962025
07/11/2025 14:49:54,0.2459016393442623
07/11/2025 14:49:54,0.1949685534591195
07/11/2025 14:49:54,0.20634920634920634
07/11/2025 14:49:54,0.20634920634920634
07/11/2025 14:49:54,0.20634920634920634
07/11/2025 14:49:55,0.21405750798722045
07/11/2025 14:49:55,0.2582781456953642
07/11/2025 14:49:55,0.18012422360248448
07/11/2025 14:49:55,0.22580645161290322
07/11/2025 14:49:55,0.20634920634920634
07/11/2025 14:49:55,0.22186495176848875
07/11/2025 14:49:56,0.20634920634920634
07/11/2025 14:49:56,0.2582781456953642
07/11/2025 14:49:56,0.23376623376623376
07/11/2025 14:49:56,0.25412541254125415
07/11/2025 14:49:56,0.25
07/11/2025 14:49:56,0.20634920634920634
07/11/2025 14:49:57,0.23376623376623376
07/11/2025 14:49:57,0.23778501628664495
07/11/2025 14:49:57,0.22580645161290322
07/11/2025 14:49:57,0.2459016393442623
07/11/2025 14:49:57,0.23778501628664495
07/11/2025 14:49:57,0.23778501628664495
07/11/2025 14:49:57,0.21405750798722045
07/11/2025 14:49:58,0.2297734627831715
07/11/2025 14:49:58,0.21019108280254778
07/11/2025 14:49:58,0.21405750798722045
07/11/2025 14:49:58,0.26245847176079734
07/11/2025 14:49:58,0.22580645161290322
07/11/2025 14:49:58,0.25
07/11/2025 14:49:59,0.27946127946127947
07/11/2025 14:49:59,0.23778501628664495
07/11/2025 14:49:59,0.18012422360248448
07/11/2025 14:49:59,0.2297734627831715
07/11/2025 14:49:59,0.20253164556962025
07/11/2025 14:49:59,0.23376623376623376
07/11/2025 14:50:00,0.21019108280254778
07/11/2025 14:50:00,0.2459016393442623
07/11/2025 14:50:00,0.22580645161290322
07/11/2025 14:50:00,0.24183006535947713
07/11/2025 14:50:00,0.22580645161290322
07/11/2025 14:50:00,0.25
07/11/2025 14:50:01,0.19873817034700317
07/11/2025 14:50:01,0.22580645161290322
07/11/2025 14:50:01,0.21019108280254778
07/11/2025 14:50:01,0.23778501628664495
07/11/2025 14:50:01,0.2582781456953642
07/11/2025 14:50:01,0.20634920634920634
07/11/2025 14:50:01,0.22186495176848875
07/11/2025 14:50:02,0.21794871794871795
07/11/2025 14:50:02,0.21794871794871795
07/11/2025 14:50:02,0.19122257053291536
07/11/2025 14:50:02,0.22186495176848875
07/11/2025 14:50:02,0.24183006535947713
07/11/2025 14:50:02,0.25412541254125415
07/11/2025 14:50:03,0.21019108280254778
07/11/2025 14:50:03,0.2297734627831715
07/11/2025 14:50:03,0.21405750798722045
07/11/2025 14:50:03,0.2582781456953642
07/11/2025 14:50:03,0.2297734627831715
07/11/2025 14:50:03,0.17647058823529413
07/11/2025 14:50:04,0.21405750798722045
07/11/2025 14:50:04,0.22580645161290322
07/11/2025 14:50:04,0.21405750798722045
07/11/2025 14:50:04,0.24183006535947713
07/11/2025 14:50:04,0.2297734627831715
07/11/2025 14:50:04,0.1875
07/11/2025 14:50:04,0.23778501628664495
07/11/2025 14:50:05,0.24183006535947713
07/11/2025 14:50:05,0.21019108280254778
07/11/2025 14:50:05,0.22580645161290322
07/11/2025 14:50:05,0.21794871794871795
07/11/2025 14:50:05,0.21794871794871795
07/11/2025 14:50:05,0.21405750798722045
07/11/2025 14:50:06,0.21405750798722045
07/11/2025 14:50:06,0.22580645161290322
07/11/2025 14:50:06,0.22186495176848875
07/11/2025 14:50:06,0.2709030100334448
07/11/2025 14:50:06,0.22580645161290322
07/11/2025 14:50:06,0.1875
07/11/2025 14:50:07,0.19873817034700317
07/11/2025 14:50:07,0.22186495176848875
07/11/2025 14:50:07,0.19122257053291536
07/11/2025 14:50:07,0.2459016393442623
07/11/2025 14:50:07,0.21794871794871795
07/11/2025 14:50:07,0.21405750798722045
07/11/2025 14:50:08,0.23376623376623376
07/11/2025 14:50:08,0.21794871794871795
07/11/2025 14:50:08,0.22580645161290322
07/11/2025 14:50:08,0.22186495176848875
07/11/2025 14:50:08,0.1875
07/11/2025 14:50:08,0.21794871794871795
07/11/2025 14:50:09,0.2459016393442623
07/11/2025 14:50:09,0.22580645161290322
07/11/2025 14:50:09,0.21019108280254778
07/11/2025 14:50:09,0.18012422360248448
07/11/2025 14:50:09,0.19873817034700317
07/11/2025 14:50:09,0.20634920634920634
07/11/2025 14:50:09,0.18012422360248448
07/11/2025 14:50:10,0.20634920634920634
07/11/2025 14:50:10,0.23376623376623376
07/11/2025 14:50:10,0.21405750798722045
07/11/2025 14:50:10,0.23376623376623376
07/11/2025 14:50:10,0.23376623376623376
07/11/2025 14:50:10,0.22186495176848875
07/11/2025 14:50:11,0.21019108280254778
07/11/2025 14:50:11,0.22186495176848875
07/11/2025 14:50:11,0.21019108280254778
07/11/2025 14:50:11,0.20253164556962025
07/11/2025 14:50:11,0.23376623376623376
07/11/2025 14:50:11,0.21794871794871795
07/11/2025 14:50:12,0.22580645161290322
07/11/2025 14:50:12,0.24183006535947713
07/11/2025 14:50:12,0.23376623376623376
07/11/2025 14:50:12,0.22580645161290322
07/11/2025 14:50:12,0.26245847176079734
07/11/2025 14:50:12,0.1949685534591195
07/11/2025 14:50:13,0.23376623376623376
07/11/2025 14:50:13,0.21405750798722045
07/11/2025 14:50:13,0.21019108280254778
07/11/2025 14:50:13,0.24183006535947713
07/11/2025 14:50:13,0.2459016393442623
07/11/2025 14:50:13,0.19122257053291536
07/11/2025 14:50:13,0.19873817034700317
07/11/2025 14:50:14,0.21794871794871795
07/11/2025 14:50:14,0.22580645161290322
07/11/2025 14:50:14,0.19122257053291536
07/11/2025 14:50:14,0.1875
07/11/2025 14:50:14,0.19122257053291536
07/11/2025 14:50:14,0.21019108280254778
07/11/2025 14:50:15,0.1949685534591195
07/11/2025 14:50:15,0.23778501628664495
07/11/2025 14:50:15,0.22580645161290322
07/11/2025 14:50:15,0.2297734627831715
07/11/2025 14:50:15,0.1949685534591195
07/11/2025 14:50:15,0.21019108280254778
07/11/2025 14:50:16,0.20253164556962025
07/11/2025 14:50:16,0.19122257053291536
07/11/2025 14:50:16,0.20253164556962025
07/11/2025 14:50:16,0.2297734627831715
07/11/2025 14:50:16,0.21794871794871795
07/11/2025 14:50:16,0.21405750798722045
07/11/2025 14:50:16,0.21794871794871795
07/11/2025 14:50:17,0.21019108280254778
07/11/2025 14:50:17,0.2297734627831715
07/11/2025 14:50:17,0.22186495176848875
07/11/2025 14:50:17,0.23376623376623376
07/11/2025 14:50:17,0.19122257053291536
07/11/2025 14:50:17,0.18012422360248448
07/11/2025 14:50:18,0.20634920634920634
07/11/2025 14:50:18,0.1949685534591195
07/11/2025 14:50:18,0.20253164556962025
07/11/2025 14:50:18,0.19122257053291536
07/11/2025 14:50:18,0.23778501628664495
07/11/2025 14:50:18,0.1949685534591195
07/11/2025 14:50:19,0.21794871794871795
07/11/2025 14:50:19,0.21405750798722045
07/11/2025 14:50:19,0.23376623376623376
07/11/2025 14:50:19,0.2459016393442623
07/11/2025 14:50:19,0.2297734627831715
07/11/2025 14:50:19,0.21019108280254778
07/11/2025 14:50:20,0.1949685534591195
07/11/2025 14:50:20,0.21794871794871795
07/11/2025 14:50:20,0.21794871794871795
07/11/2025 14:50:20,0.21405750798722045
07/11/2025 14:50:20,0.24183006535947713
07/11/2025 14:50:20,0.22186495176848875
07/11/2025 14:50:20,0.26666666666666666
07/11/2025 14:50:21,0.20253164556962025
07/11/2025 14:50:21,0.20253164556962025
07/11/2025 14:50:21,0.21019108280254778
07/11/2025 14:50:21,0.25412541254125415
07/11/2025 14:50:21,0.23376623376623376
07/11/2025 14:50:21,0.24183006535947713
07/11/2025 14:50:22,0.23376623376623376
07/11/2025 14:50:22,0.23376623376623376
07/11/2025 14:50:22,0.22580645161290322
07/11/2025 14:50:22,0.25412541254125415
07/11/2025 14:50:22,0.20634920634920634
07/11/2025 14:50:22,0.21794871794871795
07/11/2025 14:50:22,0.22186495176848875
07/11/2025 14:50:23,0.23778501628664495
07/11/2025 14:50:23,0.24183006535947713
07/11/2025 14:50:23,0.2297734627831715
07/11/2025 14:50:23,0.22186495176848875
07/11/2025 14:50:23,0.1838006230529595
07/11/2025 14:50:23,0.23778501628664495
07/11/2025 14:50:24,0.23376623376623376
07/11/2025 14:50:24,0.20253164556962025
07/11/2025 14:50:24,0.19873817034700317
07/11/2025 14:50:24,0.2297734627831715
07/11/2025 14:50:24,0.22580645161290322
07/11/2025 14:50:24,0.21405750798722045
07/11/2025 14:50:25,0.23376623376623376
07/11/2025 14:50:25,0.20634920634920634
07/11/2025 14:50:25,0.2297734627831715
07/11/2025 14:50:25,0.23778501628664495
07/11/2025 14:50:25,0.23376623376623376
07/11/2025 14:50:25,0.23376623376623376
07/11/2025 14:50:26,0.22580645161290322
07/11/2025 14:50:26,0.21405750798722045
07/11/2025 14:50:26,0.21019108280254778
07/11/2025 14:50:26,0.21794871794871795
07/11/2025 14:50:26,0.20634920634920634
07/11/2025 14:50:26,0.22186495176848875
07/11/2025 14:50:27,0.23376623376623376
07/11/2025 14:50:27,0.25
07/11/2025 14:50:27,0.25412541254125415
07/11/2025 14:50:27,0.2297734627831715
07/11/2025 14:50:27,0.24183006535947713
07/11/2025 14:50:27,0.19873817034700317
07/11/2025 14:50:28,0.2297734627831715
07/11/2025 14:50:28,0.21794871794871795
07/11/2025 14:50:28,0.22580645161290322
07/11/2025 14:50:28,0.1838006230529595
07/11/2025 14:50:28,0.19122257053291536
07/11/2025 14:50:28,0.17647058823529413
07/11/2025 14:50:28,0.24183006535947713
07/11/2025 14:50:29,0.22580645161290322
07/11/2025 14:50:29,0.20253164556962025
07/11/2025 14:50:29,0.20253164556962025
07/11/2025 14:50:29,0.20253164556962025
07/11/2025 14:50:29,0.2459016393442623
07/11/2025 14:50:29,0.22580645161290322
07/11/2025 14:50:30,0.20634920634920634
07/11/2025 14:50:30,0.21019108280254778
07/11/2025 14:50:30,0.22580645161290322
07/11/2025 14:50:30,0.25
07/11/2025 14:50:30,0.21405750798722045
07/11/2025 14:50:30,0.22186495176848875
07/11/2025 14:50:31,0.21794871794871795
07/11/2025 14:50:31,0.23778501628664495
07/11/2025 14:50:31,0.20253164556962025
07/11/2025 14:50:31,0.21794871794871795
07/11/2025 14:50:31,0.21794871794871795
07/11/2025 14:50:31,0.19122257053291536
07/11/2025 14:50:32,0.23376623376623376
07/11/2025 14:50:32,0.22186495176848875
07/11/2025 14:50:32,0.25412541254125415
07/11/2025 14:50:32,0.23376623376623376
07/11/2025 14:50:32,0.23376623376623376
07/11/2025 14:50:32,0.21794871794871795
07/11/2025 14:50:33,0.2297734627831715
07/11/2025 14:50:33,0.22580645161290322
07/11/2025 14:50:33,0.21794871794871795
07/11/2025 14:50:33,0.19873817034700317
07/11/2025 14:50:33,0.23376623376623376
07/11/2025 14:50:33,0.1949685534591195
07/11/2025 14:50:34,0.25
07/11/2025 14:50:34,0.2582781456953642
07/11/2025 14:50:34,0.22186495176848875
07/11/2025 14:50:34,0.22580645161290322
07/11/2025 14:50:34,0.23376623376623376
07/11/2025 14:50:34,0.23376623376623376
07/11/2025 14:50:35,0.22186495176848875
07/11/2025 14:50:35,0.20634920634920634
07/11/2025 14:50:35,0.21794871794871795
07/11/2025 14:50:35,0.24183006535947713
07/11/2025 14:50:35,0.21405750798722045
07/11/2025 14:50:35,0.20253164556962025
07/11/2025 14:50:36,0.26666666666666666
07/11/2025 14:50:36,0.20634920634920634
07/11/2025 14:50:36,0.23376623376623376
07/11/2025 14:50:36,0.2459016393442623
07/11/2025 14:50:36,0.25
07/11/2025 14:50:36,0.22186495176848875
07/11/2025 14:50:36,0.1949685534591195
07/11/2025 14:50:37,0.20253164556962025
07/11/2025 14:50:37,0.21405750798722045
07/11/2025 14:50:37,0.22186495176848875
07/11/2025 14:50:37,0.19873817034700317
07/11/2025 14:50:37,0.21794871794871795
07/11/2025 14:50:37,0.20253164556962025
07/11/2025 14:50:38,0.22186495176848875
07/11/2025 14:50:38,0.22580645161290322
07/11/2025 14:50:38,0.19873817034700317
07/11/2025 14:50:38,0.22186495176848875
07/11/2025 14:50:38,0.21405750798722045
07/11/2025 14:50:38,0.20634920634920634
07/11/2025 14:50:38,0.21405750798722045
07/11/2025 14:50:39,0.23376623376623376
07/11/2025 14:50:39,0.23778501628664495
07/11/2025 14:50:39,0.1875
07/11/2025 14:50:39,0.19873817034700317
07/11/2025 14:50:39,0.21405750798722045
07/11/2025 14:50:39,0.22186495176848875
07/11/2025 14:50:40,0.2297734627831715
07/11/2025 14:50:40,0.21794871794871795
07/11/2025 14:50:40,0.21794871794871795
07/11/2025 14:50:40,0.1949685534591195
07/11/2025 14:50:40,0.2297734627831715
07/11/2025 14:50:40,0.21794871794871795
07/11/2025 14:50:41,0.21794871794871795
07/11/2025 14:50:41,0.20253164556962025
07/11/2025 14:50:41,0.21794871794871795
07/11/2025 14:50:41,0.23376623376623376
07/11/2025 14:50:41,0.25
07/11/2025 14:50:41,0.1875
07/11/2025 14:50:41,0.20253164556962025
07/11/2025 14:50:42,0.20253164556962025
07/11/2025 14:50:42,0.2459016393442623
07/11/2025 14:50:42,0.24183006535947713
07/11/2025 14:50:42,0.19122257053291536
07/11/2025 14:50:42,0.23778501628664495
07/11/2025 14:50:42,0.23376623376623376
07/11/2025 14:50:43,0.24183006535947713
07/11/2025 14:50:43,0.22580645161290322
07/11/2025 14:50:43,0.21405750798722045
07/11/2025 14:50:43,0.2459016393442623
07/11/2025 14:50:43,0.22580645161290322
07/11/2025 14:50:43,0.26245847176079734
07/11/2025 14:50:44,0.19873817034700317
07/11/2025 14:50:44,0.20634920634920634
07/11/2025 14:50:44,0.2297734627831715
07/11/2025 14:50:44,0.25
07/11/2025 14:50:44,0.20634920634920634
07/11/2025 14:50:44,0.21794871794871795
07/11/2025 14:50:44,0.21794871794871795
07/11/2025 14:50:45,0.21405750798722045
07/11/2025 14:50:45,0.25412541254125415
07/11/2025 14:50:45,0.2459016393442623
07/11/2025 14:50:45,0.19873817034700317
07/11/2025 14:50:45,0.21794871794871795
07/11/2025 14:50:45,0.21405750798722045
07/11/2025 14:50:46,0.21794871794871795
07/11/2025 14:50:46,0.21019108280254778
07/11/2025 14:50:46,0.20634920634920634
07/11/2025 14:50:46,0.2459016393442623
07/11/2025 14:50:46,0.2297734627831715
07/11/2025 14:50:46,0.2459016393442623
07/11/2025 14:50:46,0.23778501628664495
07/11/2025 14:50:47,0.20253164556962025
07/11/2025 14:50:47,0.20634920634920634
07/11/2025 14:50:47,0.2297734627831715
07/11/2025 14:50:47,0.2582781456953642
07/11/2025 14:50:47,0.22186495176848875
07/11/2025 14:50:47,0.22186495176848875
07/11/2025 14:50:48,0.26245847176079734
07/11/2025 14:50:48,0.23376623376623376
07/11/2025 14:50:48,0.2297734627831715
07/11/2025 14:50:48,0.23376623376623376
07/11/2025 14:50:48,0.25
07/11/2025 14:50:48,0.21405750798722045
07/11/2025 14:50:49,0.20253164556962025
07/11/2025 14:50:49,0.1949685534591195
07/11/2025 14:50:49,0.2297734627831715
07/11/2025 14:50:49,0.23376623376623376
07/11/2025 14:50:49,0.20634920634920634
07/11/2025 14:50:49,0.2297734627831715
07/11/2025 14:50:50,0.22580645161290322
07/11/2025 14:50:50,0.21794871794871795
07/11/2025 14:50:50,0.2297734627831715
07/11/2025 14:50:50,0.2297734627831715
07/11/2025 14:50:50,0.21019108280254778
07/11/2025 14:50:50,0.2459016393442623
07/11/2025 14:50:51,0.2297734627831715
07/11/2025 14:50:51,0.22580645161290322
07/11/2025 14:50:51,0.2459016393442623
07/11/2025 14:50:51,0.2297734627831715
07/11/2025 14:50:51,0.20634920634920634
07/11/2025 14:50:51,0.21405750798722045
07/11/2025 14:50:52,0.2297734627831715
07/11/2025 14:50:52,0.23376623376623376
07/11/2025 14:50:52,0.19873817034700317
07/11/2025 14:50:52,0.2459016393442623
07/11/2025 14:50:52,0.21019108280254778
07/11/2025 14:50:52,0.1875
07/11/2025 14:50:53,0.2297734627831715
07/11/2025 14:50:53,0.22186495176848875
07/11/2025 14:50:53,0.22580645161290322
07/11/2025 14:50:53,0.2297734627831715
07/11/2025 14:50:53,0.2297734627831715
07/11/2025 14:50:53,0.21794871794871795
07/11/2025 14:50:53,0.21794871794871795
07/11/2025 14:50:54,0.23376623376623376
07/11/2025 14:50:54,0.25412541254125415
07/11/2025 14:50:54,0.21019108280254778
07/11/2025 14:50:54,0.22186495176848875
07/11/2025 14:50:54,0.21019108280254778
07/11/2025 14:50:54,0.1949685534591195
07/11/2025 14:50:55,0.21019108280254778
07/11/2025 14:50:55,0.25
07/11/2025 14:50:55,0.23778501628664495
07/11/2025 14:50:55,0.19873817034700317
07/11/2025 14:50:55,0.21405750798722045
07/11/2025 14:50:55,0.23778501628664495
07/11/2025 14:50:56,0.24183006535947713
07/11/2025 14:50:56,0.22186495176848875
07/11/2025 14:50:56,0.2709030100334448
07/11/2025 14:50:56,0.21794871794871795
07/11/2025 14:50:56,0.24183006535947713
07/11/2025 14:50:56,0.21794871794871795
07/11/2025 14:50:57,0.20634920634920634
07/11/2025 14:50:57,0.20634920634920634
07/11/2025 14:50:57,0.19873817034700317
07/11/2025 14:50:57,0.21019108280254778
07/11/2025 14:50:57,0.21019108280254778
07/11/2025 14:50:57,0.2297734627831715
07/11/2025 14:50:57,0.20634920634920634
07/11/2025 14:50:58,0.20634920634920634
07/11/2025 14:50:58,0.24183006535947713
07/11/2025 14:50:58,0.2297734627831715
07/11/2025 14:50:58,0.22186495176848875
07/11/2025 14:50:58,0.1875
07/11/2025 14:50:58,0.22580645161290322
07/11/2025 14:50:59,0.20634920634920634
07/11/2025 14:50:59,0.25412541254125415
07/11/2025 14:50:59,0.21794871794871795
07/11/2025 14:50:59,0.22186495176848875
07/11/2025 14:50:59,0.2297734627831715
07/11/2025 14:50:59,0.20634920634920634
07/11/2025 14:51:00,0.19122257053291536
07/11/2025 14:51:00,0.22186495176848875
07/11/2025 14:51:00,0.2297734627831715
07/11/2025 14:51:00,0.2297734627831715
07/11/2025 14:51:00,0.20634920634920634
07/11/2025 14:51:00,0.22580645161290322
07/11/2025 14:51:01,0.22186495176848875
07/11/2025 14:51:01,0.23778501628664495
07/11/2025 14:51:01,0.2297734627831715
07/11/2025 14:51:01,0.21794871794871795
07/11/2025 14:51:01,0.22580645161290322
07/11/2025 14:51:01,0.21405750798722045
07/11/2025 14:51:01,0.26666666666666666
07/11/2025 14:51:02,0.22186495176848875
07/11/2025 14:51:02,0.25
07/11/2025 14:51:02,0.22186495176848875
07/11/2025 14:51:02,0.20253164556962025
07/11/2025 14:51:02,0.20253164556962025
07/11/2025 14:51:02,0.2459016393442623
07/11/2025 14:51:03,0.22186495176848875
07/11/2025 14:51:03,0.1875
07/11/2025 14:51:03,0.2459016393442623
07/11/2025 14:51:03,0.22580645161290322
07/11/2025 14:51:03,0.21405750798722045
07/11/2025 14:51:03,0.21794871794871795
07/11/2025 14:51:04,0.19873817034700317
07/11/2025 14:51:04,0.2297734627831715
07/11/2025 14:51:04,0.22186495176848875
07/11/2025 14:51:04,0.25412541254125415
07/11/2025 14:51:04,0.20253164556962025
07/11/2025 14:51:04,0.23778501628664495
07/11/2025 14:51:05,0.23778501628664495
07/11/2025 14:51:05,0.23778501628664495
07/11/2025 14:51:05,0.19122257053291536
07/11/2025 14:51:05,0.24183006535947713
07/11/2025 14:51:05,0.19873817034700317
07/11/2025 14:51:05,0.22186495176848875
07/11/2025 14:51:06,0.21405750798722045
07/11/2025 14:51:06,0.2297734627831715
07/11/2025 14:51:06,0.21405750798722045
07/11/2025 14:51:06,0.23376623376623376
07/11/2025 14:51:06,0.21019108280254778
07/11/2025 14:51:06,0.21019108280254778
07/11/2025 14:51:07,0.20634920634920634
07/11/2025 14:51:07,0.23376623376623376
07/11/2025 14:51:07,0.1949685534591195
07/11/2025 14:51:07,0.2297734627831715
07/11/2025 14:51:07,0.1875
07/11/2025 14:51:07,0.22186495176848875
07/11/2025 14:51:07,0.21794871794871795
07/11/2025 14:51:08,0.2297734627831715
07/11/2025 14:51:08,0.20634920634920634
07/11/2025 14:51:08,0.20634920634920634
07/11/2025 14:51:08,0.1838006230529595
07/11/2025 14:51:08,0.20634920634920634
07/11/2025 14:51:08,0.20253164556962025
07/11/2025 14:51:09,0.21019108280254778
07/11/2025 14:51:09,0.23376623376623376
07/11/2025 14:51:09,0.2709030100334448
07/11/2025 14:51:09,0.23376623376623376
07/11/2025 14:51:09,0.24183006535947713
07/11/2025 14:51:09,0.21019108280254778
07/11/2025 14:51:10,0.23376623376623376
07/11/2025 14:51:10,0.25412541254125415
07/11/2025 14:51:10,0.19122257053291536
07/11/2025 14:51:10,0.25
07/11/2025 14:51:10,0.22580645161290322
07/11/2025 14:51:10,0.22186495176848875
07/11/2025 14:51:11,0.23376623376623376
07/11/2025 14:51:11,0.19122257053291536
07/11/2025 14:51:11,0.21794871794871795
07/11/2025 14:51:11,0.20253164556962025
07/11/2025 14:51:11,0.26666666666666666
07/11/2025 14:51:11,0.25
07/11/2025 14:51:11,0.2709030100334448
07/11/2025 14:51:12,0.20634920634920634
07/11/2025 14:51:12,0.21019108280254778
07/11/2025 14:51:12,0.22186495176848875
07/11/2025 14:51:12,0.22580645161290322
07/11/2025 14:51:12,0.22580645161290322
07/11/2025 14:51:47,0.21019108280254778
07/11/2025 14:51:48,0.2459016393442623
07/11/2025 14:51:48,0.2582781456953642
07/11/2025 14:51:48,0.23778501628664495
07/11/2025 14:51:48,0.21405750798722045
07/11/2025 14:51:48,0.2709030100334448
07/11/2025 14:51:49,0.1838006230529595
07/11/2025 14:51:49,0.22186495176848875
07/11/2025 14:51:49,0.21405750798722045
07/11/2025 14:51:49,0.22186495176848875
07/11/2025 14:51:49,0.20634920634920634
07/11/2025 14:51:49,0.23376623376623376
07/11/2025 14:51:49,0.1949685534591195
07/11/2025 14:51:50,0.1949685534591195
07/11/2025 14:51:50,0.22580645161290322
07/11/2025 14:51:50,0.23778501628664495
07/11/2025 14:51:50,0.22186495176848875
07/11/2025 14:51:50,0.2459016393442623
07/11/2025 14:51:50,0.2459016393442623
07/11/2025 14:51:51,0.25412541254125415
07/11/2025 14:51:51,0.2297734627831715
07/11/2025 14:51:51,0.22580645161290322
07/11/2025 14:51:51,0.21019108280254778
07/11/2025 14:51:51,0.23376623376623376
07/11/2025 14:51:51,0.2297734627831715
07/11/2025 14:51:51,0.19122257053291536
07/11/2025 14:51:52,0.1875
07/11/2025 14:51:52,0.23778501628664495
07/11/2025 14:51:52,0.23778501628664495
07/11/2025 14:51:52,0.19122257053291536
07/11/2025 14:51:52,0.21405750798722045
07/11/2025 14:51:52,0.2297734627831715
07/11/2025 14:51:53,0.24183006535947713
07/11/2025 14:51:53,0.23778501628664495
07/11/2025 14:51:53,0.25412541254125415
07/11/2025 14:51:53,0.23778501628664495
07/11/2025 14:51:53,0.21794871794871795
07/11/2025 14:51:53,0.22186495176848875
07/11/2025 14:51:54,0.20634920634920634
07/11/2025 14:51:54,0.22580645161290322
07/11/2025 14:51:54,0.21019108280254778
07/11/2025 14:51:54,0.19122257053291536
07/11/2025 14:51:54,0.19122257053291536
07/11/2025 14:51:54,0.21019108280254778
07/11/2025 14:51:54,0.1875
07/11/2025 14:51:55,0.2297734627831715
07/11/2025 14:51:55,0.22186495176848875
07/11/2025 14:51:55,0.20634920634920634
07/11/2025 14:51:55,0.20634920634920634
07/11/2025 14:51:55,0.1949685534591195
07/11/2025 14:51:55,0.2459016393442623
07/11/2025 14:51:56,0.1875
07/11/2025 14:51:56,0.2582781456953642
07/11/2025 14:51:56,0.1838006230529595
07/11/2025 14:51:56,0.22580645161290322
07/11/2025 14:51:56,0.21405750798722045
07/11/2025 14:51:56,0.20634920634920634
07/11/2025 14:51:56,0.19873817034700317
07/11/2025 14:51:57,0.21019108280254778
07/11/2025 14:51:57,0.25412541254125415
07/11/2025 14:51:57,0.17647058823529413
07/11/2025 14:51:57,0.20253164556962025
07/11/2025 14:51:57,0.21794871794871795
07/11/2025 14:51:57,0.1949685534591195
07/11/2025 14:51:58,0.2297734627831715
07/11/2025 14:51:58,0.19873817034700317
07/11/2025 14:51:58,0.26666666666666666
07/11/2025 14:51:58,0.2297734627831715
07/11/2025 14:51:58,0.23376623376623376
07/11/2025 14:51:58,0.21794871794871795
07/11/2025 14:51:59,0.22580645161290322
07/11/2025 14:51:59,0.25
07/11/2025 14:51:59,0.21405750798722045
07/11/2025 14:51:59,0.21405750798722045
07/11/2025 14:51:59,0.20253164556962025
07/11/2025 14:51:59,0.1949685534591195
07/11/2025 14:51:59,0.24183006535947713
07/11/2025 14:52:00,0.20634920634920634
07/11/2025 14:52:00,0.23376623376623376
07/11/2025 14:52:00,0.19122257053291536
07/11/2025 14:52:00,0.22580645161290322
07/11/2025 14:52:00,0.20634920634920634
07/11/2025 14:52:00,0.2297734627831715
07/11/2025 14:52:01,0.20634920634920634
07/11/2025 14:52:01,0.23778501628664495
07/11/2025 14:52:01,0.20634920634920634
07/11/2025 14:52:01,0.20634920634920634
07/11/2025 14:52:01,0.21794871794871795
07/11/2025 14:52:01,0.23778501628664495
07/11/2025 14:52:01,0.21019108280254778
07/11/2025 14:52:02,0.23778501628664495
07/11/2025 14:52:02,0.2297734627831715
07/11/2025 14:52:02,0.20253164556962025
07/11/2025 14:52:02,0.20634920634920634
07/11/2025 14:52:02,0.22580645161290322
07/11/2025 14:52:02,0.21794871794871795
07/11/2025 14:52:03,0.23376623376623376
07/11/2025 14:52:03,0.24183006535947713
07/11/2025 14:52:03,0.23778501628664495
07/11/2025 14:52:03,0.21405750798722045
07/11/2025 14:52:03,0.21794871794871795
07/11/2025 14:52:03,0.21794871794871795
07/11/2025 14:52:04,0.21019108280254778
07/11/2025 14:52:04,0.25
07/11/2025 14:52:04,0.1949685534591195
07/11/2025 14:52:04,0.26666666666666666
07/11/2025 14:52:04,0.21019108280254778
07/11/2025 14:52:04,0.25
07/11/2025 14:52:05,0.21405750798722045
07/11/2025 14:52:05,0.23376623376623376
07/11/2025 14:52:05,0.25
07/11/2025 14:52:05,0.19122257053291536
07/11/2025 14:52:05,0.23778501628664495
07/11/2025 14:52:05,0.20253164556962025
07/11/2025 14:52:06,0.24183006535947713
07/11/2025 14:52:06,0.21019108280254778
07/11/2025 14:52:06,0.23778501628664495
07/11/2025 14:52:06,0.20634920634920634
07/11/2025 14:52:06,0.26245847176079734
07/11/2025 14:52:06,0.2582781456953642
07/11/2025 14:52:06,0.25
07/11/2025 14:52:07,0.2297734627831715
07/11/2025 14:52:07,0.20253164556962025
07/11/2025 14:52:07,0.26245847176079734
07/11/2025 14:52:07,0.23376623376623376
07/11/2025 14:52:07,0.21019108280254778
07/11/2025 14:52:07,0.2297734627831715
07/11/2025 14:52:08,0.1875
07/11/2025 14:52:08,0.2459016393442623
07/11/2025 14:52:08,0.21019108280254778
07/11/2025 14:52:08,0.1875
07/11/2025 14:52:08,0.21019108280254778
07/11/2025 14:52:08,0.22580645161290322
07/11/2025 14:52:09,0.22186495176848875
07/11/2025 14:52:09,0.21405750798722045
07/11/2025 14:52:09,0.23778501628664495
07/11/2025 14:52:09,0.21794871794871795
07/11/2025 14:52:09,0.23778501628664495
07/11/2025 14:52:09,0.20253164556962025
07/11/2025 14:52:09,0.25
07/11/2025 14:52:10,0.22580645161290322
07/11/2025 14:52:10,0.1949685534591195
07/11/2025 14:52:10,0.21794871794871795
07/11/2025 14:52:10,0.21019108280254778
07/11/2025 14:52:10,0.2459016393442623
07/11/2025 14:52:10,0.1949685534591195
07/11/2025 14:52:11,0.19122257053291536
07/11/2025 14:52:11,0.23778501628664495
07/11/2025 14:52:11,0.21019108280254778
07/11/2025 14:52:11,0.1949685534591195
07/11/2025 14:52:11,0.21019108280254778
07/11/2025 14:52:11,0.20253164556962025
07/11/2025 14:52:12,0.23778501628664495
07/11/2025 14:52:12,0.20634920634920634
07/11/2025 14:52:12,0.20253164556962025
07/11/2025 14:52:12,0.21405750798722045
07/11/2025 14:52:12,0.19122257053291536
07/11/2025 14:52:12,0.24183006535947713
07/11/2025 14:52:12,0.24183006535947713
07/11/2025 14:52:13,0.25
07/11/2025 14:52:13,0.2459016393442623
07/11/2025 14:52:13,0.23376623376623376
07/11/2025 14:52:13,0.22186495176848875
07/11/2025 14:52:13,0.22186495176848875
07/11/2025 14:52:13,0.21794871794871795
07/11/2025 14:52:14,0.23778501628664495
07/11/2025 14:52:14,0.19122257053291536
07/11/2025 14:52:14,0.23376623376623376
07/11/2025 14:52:14,0.26245847176079734
07/11/2025 14:52:14,0.19873817034700317
07/11/2025 14:52:14,0.24183006535947713
07/11/2025 14:52:14,0.23376623376623376
07/11/2025 14:52:15,0.21019108280254778
07/11/2025 14:52:15,0.23376623376623376
07/11/2025 14:52:15,0.19873817034700317
07/11/2025 14:52:15,0.2582781456953642
07/11/2025 14:52:15,0.23376623376623376
07/11/2025 14:52:15,0.23376623376623376
07/11/2025 14:52:16,0.22580645161290322
07/11/2025 14:52:16,0.23376623376623376
07/11/2025 14:52:16,0.20634920634920634
07/11/2025 14:52:16,0.20634920634920634
07/11/2025 14:52:16,0.23376623376623376
07/11/2025 14:52:16,0.2297734627831715
07/11/2025 14:52:17,0.22186495176848875
07/11/2025 14:52:17,0.2751677852348993
07/11/2025 14:52:17,0.2297734627831715
07/11/2025 14:52:17,0.22580645161290322
07/11/2025 14:52:17,0.26245847176079734
07/11/2025 14:52:17,0.2297734627831715
07/11/2025 14:52:18,0.1875
07/11/2025 14:52:18,0.21405750798722045
07/11/2025 14:52:18,0.2297734627831715
07/11/2025 14:52:18,0.2459016393442623
07/11/2025 14:52:18,0.25412541254125415
07/11/2025 14:52:18,0.19873817034700317
07/11/2025 14:52:19,0.21405750798722045
07/11/2025 14:52:19,0.2459016393442623
07/11/2025 14:52:19,0.21405750798722045
07/11/2025 14:52:19,0.23778501628664495
07/11/2025 14:52:19,0.2582781456953642
07/11/2025 14:52:19,0.19873817034700317
07/11/2025 14:52:20,0.21019108280254778
07/11/2025 14:52:20,0.21019108280254778
07/11/2025 14:52:20,0.21405750798722045
07/11/2025 14:52:20,0.25412541254125415
07/11/2025 14:52:20,0.24183006535947713
07/11/2025 14:52:20,0.25
07/11/2025 14:52:21,0.19873817034700317
07/11/2025 14:52:21,0.2297734627831715
07/11/2025 14:52:21,0.23778501628664495
07/11/2025 14:52:21,0.22580645161290322
07/11/2025 14:52:21,0.21405750798722045
07/11/2025 14:52:21,0.24183006535947713
07/11/2025 14:52:21,0.20634920634920634
07/11/2025 14:52:22,0.25
07/11/2025 14:52:22,0.2459016393442623
07/11/2025 14:52:22,0.22186495176848875
07/11/2025 14:52:22,0.22186495176848875
07/11/2025 14:52:22,0.20634920634920634
07/11/2025 14:52:22,0.23778501628664495
07/11/2025 14:52:23,0.1949685534591195
07/11/2025 14:52:23,0.2459016393442623
07/11/2025 14:52:23,0.19873817034700317
07/11/2025 14:52:23,0.23376623376623376
07/11/2025 14:52:23,0.23376623376623376
07/11/2025 14:52:23,0.18012422360248448
07/11/2025 14:52:24,0.22580645161290322
07/11/2025 14:52:24,0.22580645161290322
07/11/2025 14:52:24,0.2582781456953642
07/11/2025 14:52:24,0.21794871794871795
07/11/2025 14:52:24,0.24183006535947713
07/11/2025 14:52:24,0.19873817034700317
07/11/2025 14:52:24,0.22580645161290322
07/11/2025 14:52:25,0.21019108280254778
07/11/2025 14:52:25,0.20253164556962025
07/11/2025 14:52:25,0.2297734627831715
07/11/2025 14:52:25,0.24183006535947713
07/11/2025 14:52:25,0.25412541254125415
07/11/2025 14:52:25,0.25
07/11/2025 14:52:26,0.1949685534591195
07/11/2025 14:52:26,0.18012422360248448
07/11/2025 14:52:26,0.21405750798722045
07/11/2025 14:52:26,0.19122257053291536
07/11/2025 14:52:26,0.20634920634920634
07/11/2025 14:52:26,0.21794871794871795
07/11/2025 14:52:26,0.22580645161290322
07/11/2025 14:52:27,0.22580645161290322
07/11/2025 14:52:27,0.21019108280254778
07/11/2025 14:52:27,0.20634920634920634
07/11/2025 14:52:27,0.22580645161290322
07/11/2025 14:52:27,0.20253164556962025
07/11/2025 14:52:27,0.20634920634920634
07/11/2025 14:52:28,0.22186495176848875
07/11/2025 14:52:28,0.20253164556962025
07/11/2025 14:52:28,0.22186495176848875
07/11/2025 14:52:28,0.21019108280254778
07/11/2025 14:52:28,0.23778501628664495
07/11/2025 14:52:28,0.21019108280254778
07/11/2025 14:52:28,0.2582781456953642
07/11/2025 14:52:29,0.21019108280254778
07/11/2025 14:52:29,0.2459016393442623
07/11/2025 14:52:29,0.22580645161290322
07/11/2025 14:52:29,0.21019108280254778
07/11/2025 14:52:29,0.19873817034700317
07/11/2025 14:52:29,0.19873817034700317
07/11/2025 14:52:30,0.25
07/11/2025 14:52:30,0.19873817034700317
07/11/2025 14:52:30,0.2582781456953642
07/11/2025 14:52:30,0.22186495176848875
07/11/2025 14:52:30,0.23376623376623376
07/11/2025 14:52:30,0.21405750798722045
07/11/2025 14:52:30,0.19873817034700317
07/11/2025 14:52:31,0.2459016393442623
07/11/2025 14:52:31,0.20253164556962025
07/11/2025 14:52:31,0.19122257053291536
07/11/2025 14:52:31,0.21405750798722045
07/11/2025 14:52:31,0.21794871794871795
07/11/2025 14:52:31,0.21794871794871795
07/11/2025 14:52:32,0.23778501628664495
07/11/2025 14:52:32,0.23376623376623376
07/11/2025 14:52:32,0.1949685534591195
07/11/2025 14:52:32,0.21405750798722045
07/11/2025 14:52:32,0.2297734627831715
07/11/2025 14:52:32,0.1949685534591195
07/11/2025 14:52:33,0.19873817034700317
07/11/2025 14:52:33,0.2459016393442623
07/11/2025 14:52:33,0.21405750798722045
07/11/2025 14:52:33,0.2459016393442623
07/11/2025 14:52:33,0.21405750798722045
07/11/2025 14:52:33,0.2459016393442623
07/11/2025 14:52:33,0.2709030100334448
07/11/2025 14:52:34,0.21019108280254778
07/11/2025 14:52:34,0.21019108280254778
07/11/2025 14:52:34,0.20634920634920634
07/11/2025 14:52:34,0.20253164556962025
07/11/2025 14:52:34,0.21405750798722045
07/11/2025 14:52:34,0.20634920634920634
07/11/2025 14:52:35,0.1949685534591195
07/11/2025 14:52:35,0.21019108280254778
07/11/2025 14:52:35,0.22186495176848875
07/11/2025 14:52:35,0.1949685534591195
07/11/2025 14:52:35,0.20253164556962025
07/11/2025 14:52:35,0.2582781456953642
07/11/2025 14:52:36,0.24183006535947713
07/11/2025 14:52:36,0.19873817034700317
07/11/2025 14:52:36,0.2582781456953642
07/11/2025 14:52:36,0.2582781456953642
07/11/2025 14:52:36,0.21019108280254778
07/11/2025 14:52:36,0.2297734627831715
07/11/2025 14:52:36,0.17647058823529413
07/11/2025 14:52:37,0.1949685534591195
07/11/2025 14:52:37,0.23778501628664495
07/11/2025 14:52:37,0.23376623376623376
07/11/2025 14:52:37,0.22186495176848875
07/11/2025 14:52:37,0.23376623376623376
07/11/2025 14:52:37,0.24183006535947713
07/11/2025 14:52:38,0.24183006535947713
07/11/2025 14:52:38,0.2459016393442623
07/11/2025 14:52:38,0.22580645161290322
07/11/2025 14:52:38,0.23376623376623376
07/11/2025 14:52:38,0.20634920634920634
07/11/2025 14:52:38,0.1875
07/11/2025 14:52:38,0.21405750798722045
07/11/2025 14:52:39,0.19873817034700317
07/11/2025 14:52:39,0.21794871794871795
07/11/2025 14:52:39,0.21019108280254778
07/11/2025 14:52:39,0.26245847176079734
07/11/2025 14:52:39,0.21794871794871795
07/11/2025 14:52:39,0.18012422360248448
07/11/2025 14:52:40,0.23376623376623376
07/11/2025 14:52:40,0.19873817034700317
07/11/2025 14:52:40,0.1875
07/11/2025 14:52:40,0.21405750798722045
07/11/2025 14:52:40,0.22186495176848875
07/11/2025 14:52:40,0.20634920634920634
07/11/2025 14:52:41,0.20253164556962025
07/11/2025 14:52:41,0.21405750798722045
07/11/2025 14:52:41,0.21794871794871795
07/11/2025 14:52:41,0.19873817034700317
07/11/2025 14:52:41,0.23778501628664495
07/11/2025 14:52:41,0.2297734627831715
07/11/2025 14:52:41,0.23376623376623376
07/11/2025 14:52:42,0.19122257053291536
07/11/2025 14:52:42,0.21405750798722045
07/11/2025 14:52:42,0.22580645161290322
07/11/2025 14:52:42,0.21019108280254778
07/11/2025 14:52:42,0.17647058823529413
07/11/2025 14:52:42,0.21794871794871795
07/11/2025 14:52:43,0.2297734627831715
07/11/2025 14:52:43,0.24183006535947713
07/11/2025 14:52:43,0.21019108280254778
07/11/2025 14:52:43,0.19873817034700317
07/11/2025 14:52:43,0.20253164556962025
07/11/2025 14:52:43,0.2297734627831715
07/11/2025 14:52:44,0.21405750798722045
07/11/2025 14:52:44,0.19873817034700317
07/11/2025 14:52:44,0.19873817034700317
07/11/2025 14:52:44,0.21405750798722045
07/11/2025 14:52:44,0.22186495176848875
07/11/2025 14:52:44,0.21019108280254778
07/11/2025 14:52:45,0.22580645161290322
07/11/2025 14:52:45,0.1949685534591195
07/11/2025 14:52:45,0.22580645161290322
07/11/2025 14:52:45,0.2459016393442623
07/11/2025 14:52:45,0.23778501628664495
07/11/2025 14:52:45,0.2297734627831715
07/11/2025 14:52:46,0.21405750798722045
07/11/2025 14:52:46,0.25412541254125415
07/11/2025 14:52:46,0.19873817034700317
07/11/2025 14:52:46,0.22580645161290322
07/11/2025 14:52:46,0.23376623376623376
07/11/2025 14:52:46,0.20634920634920634
07/11/2025 14:52:46,0.22580645161290322
07/11/2025 14:52:47,0.21405750798722045
07/11/2025 14:52:47,0.2297734627831715
07/11/2025 14:52:47,0.22186495176848875
07/11/2025 14:52:47,0.1875
07/11/2025 14:52:47,0.1875
07/11/2025 14:52:47,0.22580645161290322
07/11/2025 14:52:48,0.23778501628664495
07/11/2025 14:52:48,0.20253164556962025
07/11/2025 14:52:48,0.21405750798722045
07/11/2025 14:52:48,0.21405750798722045
07/11/2025 14:52:48,0.1875
07/11/2025 14:52:48,0.23376623376623376
07/11/2025 14:52:49,0.20253164556962025
07/11/2025 14:52:49,0.23376623376623376
07/11/2025 14:52:49,0.22580645161290322
07/11/2025 14:52:49,0.22186495176848875
07/11/2025 14:52:49,0.23376623376623376
07/11/2025 14:52:49,0.21405750798722045
07/11/2025 14:52:49,0.23778501628664495
07/11/2025 14:52:50,0.2459016393442623
07/11/2025 14:52:50,0.1728395061728395
07/11/2025 14:52:50,0.2459016393442623
07/11/2025 14:52:50,0.2582781456953642
07/11/2025 14:52:50,0.26245847176079734
07/11/2025 14:52:50,0.21794871794871795
07/11/2025 14:52:51,0.22186495176848875
07/11/2025 14:52:51,0.2582781456953642
07/11/2025 14:52:51,0.26245847176079734
07/11/2025 14:52:51,0.24183006535947713
07/11/2025 14:52:51,0.20634920634920634
07/11/2025 14:52:51,0.2459016393442623
07/11/2025 14:52:51,0.20634920634920634
07/11/2025 14:52:52,0.25
07/11/2025 14:52:52,0.26666666666666666
07/11/2025 14:52:52,0.21405750798722045
07/11/2025 14:52:52,0.25
07/11/2025 14:52:52,0.20253164556962025
07/11/2025 14:52:53,0.23778501628664495
07/11/2025 14:52:53,0.21794871794871795
07/11/2025 14:52:53,0.18012422360248448
07/11/2025 14:52:53,0.24183006535947713
07/11/2025 14:52:53,0.21794871794871795
07/11/2025 14:52:53,0.27946127946127947
07/11/2025 14:52:53,0.23376623376623376
07/11/2025 14:52:54,0.2459016393442623
07/11/2025 14:52:54,0.22186495176848875
07/11/2025 14:52:54,0.2459016393442623
07/11/2025 14:52:54,0.1949685534591195
07/11/2025 14:52:54,0.21405750798722045
07/11/2025 14:52:54,0.20634920634920634
07/11/2025 14:52:55,0.21794871794871795
07/11/2025 14:52:55,0.21405750798722045
07/11/2025 14:52:55,0.20634920634920634
07/11/2025 14:52:55,0.22580645161290322
07/11/2025 14:52:55,0.2709030100334448
07/11/2025 14:52:55,0.21794871794871795
07/11/2025 14:52:56,0.2459016393442623
07/11/2025 14:52:56,0.2459016393442623
07/11/2025 14:52:56,0.2459016393442623
07/11/2025 14:52:56,0.2297734627831715
07/11/2025 14:52:56,0.19873817034700317
07/11/2025 14:52:56,0.2297734627831715
07/11/2025 14:52:56,0.22580645161290322
07/11/2025 14:52:57,0.26245847176079734
07/11/2025 14:52:57,0.1949685534591195
07/11/2025 14:52:57,0.21019108280254778
07/11/2025 14:52:57,0.19122257053291536
07/11/2025 14:52:57,0.1875
07/11/2025 14:52:57,0.21405750798722045
07/11/2025 14:52:58,0.26666666666666666
07/11/2025 14:52:58,0.2459016393442623
07/11/2025 14:52:58,0.21794871794871795
07/11/2025 14:52:58,0.2459016393442623
07/11/2025 14:52:58,0.1875
07/11/2025 14:52:58,0.21794871794871795
07/11/2025 14:52:59,0.1949685534591195
07/11/2025 14:52:59,0.1949685534591195
07/11/2025 14:52:59,0.26245847176079734
07/11/2025 14:52:59,0.2297734627831715
07/11/2025 14:52:59,0.2297734627831715
07/11/2025 14:52:59,0.22580645161290322
07/11/2025 14:53:00,0.22580645161290322
07/11/2025 14:53:00,0.20634920634920634
07/11/2025 14:53:00,0.23376623376623376
07/11/2025 14:53:00,0.20253164556962025
07/11/2025 14:53:00,0.22186495176848875
07/11/2025 14:53:00,0.19122257053291536
07/11/2025 14:53:00,0.20634920634920634
07/11/2025 14:53:01,0.20253164556962025
07/11/2025 14:53:01,0.22580645161290322
07/11/2025 14:53:01,0.2297734627831715
07/11/2025 14:53:01,0.19873817034700317
07/11/2025 14:53:01,0.2297734627831715
07/11/2025 14:53:01,0.21794871794871795
07/11/2025 14:53:02,0.20634920634920634
07/11/2025 14:53:02,0.23376623376623376
07/11/2025 14:53:02,0.21794871794871795
07/11/2025 14:53:02,0.19873817034700317
07/11/2025 14:53:02,0.21405750798722045
07/11/2025 14:53:02,0.21405750798722045
07/11/2025 14:53:03,0.2459016393442623
07/11/2025 14:53:03,0.22580645161290322
07/11/2025 14:53:03,0.21405750798722045
07/11/2025 14:53:03,0.23778501628664495
07/11/2025 14:53:03,0.21405750798722045
07/11/2025 14:53:03,0.22186495176848875
07/11/2025 14:53:03,0.23778501628664495
07/11/2025 14:53:04,0.23778501628664495
07/11/2025 14:53:04,0.23778501628664495
07/11/2025 14:53:04,0.21405750798722045
07/11/2025 14:53:04,0.1949685534591195
07/11/2025 14:53:04,0.22580645161290322
07/11/2025 14:53:04,0.21405750798722045
07/11/2025 14:53:05,0.19122257053291536
07/11/2025 14:53:05,0.22580645161290322
07/11/2025 14:53:05,0.22580645161290322
07/11/2025 14:53:05,0.24183006535947713
07/11/2025 14:53:05,0.2297734627831715
07/11/2025 14:53:05,0.21405750798722045
07/11/2025 14:53:06,0.2459016393442623
07/11/2025 14:53:06,0.19873817034700317
07/11/2025 14:53:06,0.21794871794871795
07/11/2025 14:53:06,0.20634920634920634
07/11/2025 14:53:06,0.20253164556962025
07/11/2025 14:53:06,0.22580645161290322
07/11/2025 14:53:07,0.2297734627831715
07/11/2025 14:53:07,0.2751677852348993
07/11/2025 14:53:07,0.1838006230529595
07/11/2025 14:53:07,0.1875
07/11/2025 14:53:07,0.2459016393442623
07/11/2025 14:53:07,0.25
07/11/2025 14:53:07,0.24183006535947713
07/11/2025 14:53:08,0.23778501628664495
07/11/2025 14:53:08,0.2297734627831715
07/11/2025 14:53:08,0.1949685534591195
07/11/2025 14:53:08,0.20253164556962025
07/11/2025 14:53:08,0.19873817034700317
07/11/2025 14:53:08,0.24183006535947713
07/11/2025 14:53:09,0.1949685534591195
07/11/2025 14:53:09,0.2297734627831715
07/11/2025 14:53:09,0.22580645161290322
07/11/2025 14:53:09,0.2459016393442623
07/11/2025 14:53:09,0.23778501628664495
07/11/2025 14:53:09,0.20253164556962025
07/11/2025 14:53:10,0.2459016393442623
07/11/2025 14:53:10,0.288135593220339
07/11/2025 14:53:10,0.2459016393442623
07/11/2025 14:53:10,0.2297734627831715
07/11/2025 14:53:10,0.25
07/11/2025 14:53:10,0.1949685534591195
07/11/2025 14:53:11,0.26245847176079734
07/11/2025 14:53:11,0.21405750798722045
07/11/2025 14:53:11,0.23376623376623376
07/11/2025 14:53:11,0.1875
07/11/2025 14:53:11,0.21019108280254778
07/11/2025 14:53:11,0.20634920634920634
07/11/2025 14:53:11,0.20253164556962025
07/11/2025 14:53:12,0.24183006535947713
07/11/2025 14:53:12,0.2297734627831715
07/11/2025 14:53:12,0.2459016393442623
07/11/2025 14:53:12,0.19122257053291536
07/11/2025 14:53:12,0.20253164556962025
07/11/2025 14:53:12,0.2297734627831715
07/11/2025 14:53:13,0.21794871794871795
07/11/2025 14:53:13,0.23376623376623376
07/11/2025 14:53:13,0.23778501628664495
07/11/2025 14:53:13,0.21794871794871795
07/11/2025 14:53:13,0.21405750798722045
07/11/2025 14:53:13,0.21794871794871795
07/11/2025 14:53:13,0.21019108280254778
07/11/2025 14:53:14,0.2459016393442623
07/11/2025 14:53:14,0.22580645161290322
07/11/2025 14:53:14,0.21794871794871795
07/11/2025 14:53:14,0.22186495176848875
07/11/2025 14:53:14,0.2297734627831715
07/11/2025 14:53:14,0.24183006535947713
07/11/2025 14:53:15,0.26245847176079734
07/11/2025 14:53:15,0.22186495176848875
07/11/2025 14:53:15,0.22186495176848875
07/11/2025 14:53:15,0.22580645161290322
07/11/2025 14:53:15,0.21794871794871795
07/11/2025 14:53:15,0.23376623376623376
07/11/2025 14:53:16,0.22580645161290322
07/11/2025 14:53:16,0.21794871794871795
07/11/2025 14:53:16,0.19122257053291536
07/11/2025 14:53:16,0.19122257053291536
07/11/2025 14:53:16,0.21019108280254778
07/11/2025 14:53:16,0.22580645161290322
07/11/2025 14:53:16,0.1838006230529595
07/11/2025 14:53:17,0.1838006230529595
07/11/2025 14:53:17,0.21405750798722045
07/11/2025 14:53:17,0.19873817034700317
07/11/2025 14:53:17,0.2297734627831715
07/11/2025 14:53:17,0.2582781456953642
07/11/2025 14:53:17,0.20253164556962025
07/11/2025 14:53:18,0.20253164556962025
07/11/2025 14:53:18,0.27946127946127947
07/11/2025 14:53:18,0.22580645161290322
07/11/2025 14:53:18,0.22580645161290322
07/11/2025 14:53:18,0.1949685534591195
07/11/2025 14:53:18,0.20253164556962025
07/11/2025 14:53:19,0.1838006230529595
07/11/2025 14:53:19,0.21019108280254778
07/11/2025 14:53:19,0.22186495176848875
07/11/2025 14:53:19,0.22186495176848875
07/11/2025 14:53:19,0.23376623376623376
07/11/2025 14:53:19,0.22186495176848875
07/11/2025 14:53:19,0.19122257053291536
07/11/2025 14:53:20,0.21794871794871795
07/11/2025 14:53:20,0.2297734627831715
07/11/2025 14:53:20,0.21405750798722045
07/11/2025 14:53:20,0.22186495176848875
07/11/2025 14:53:20,0.21794871794871795
07/11/2025 14:53:20,0.2459016393442623
07/11/2025 14:53:21,0.1949685534591195
07/11/2025 14:53:21,0.18012422360248448
07/11/2025 14:53:21,0.19873817034700317
07/11/2025 14:53:21,0.21405750798722045
07/11/2025 14:53:21,0.20634920634920634
07/11/2025 14:53:21,0.21019108280254778
07/11/2025 14:53:21,0.2709030100334448
07/11/2025 14:53:22,0.21405750798722045
07/11/2025 14:53:22,0.23778501628664495
07/11/2025 14:53:22,0.25
07/11/2025 14:53:22,0.20253164556962025
07/11/2025 14:53:22,0.21405750798722045
07/11/2025 14:53:22,0.2297734627831715
07/11/2025 14:53:23,0.22580645161290322
07/11/2025 14:53:23,0.21019108280254778
07/11/2025 14:53:23,0.21794871794871795
07/11/2025 14:53:23,0.21405750798722045
07/11/2025 14:53:23,0.22580645161290322
07/11/2025 14:53:23,0.2297734627831715
07/11/2025 14:53:24,0.22186495176848875
07/11/2025 14:53:24,0.26666666666666666
07/11/2025 14:53:24,0.2582781456953642
07/11/2025 14:53:24,0.21019108280254778
07/11/2025 14:53:24,0.21794871794871795
07/11/2025 14:53:24,0.2459016393442623
07/11/2025 14:53:24,0.21794871794871795
07/11/2025 14:53:25,0.20634920634920634
07/11/2025 14:53:25,0.25
07/11/2025 14:53:25,0.21405750798722045
07/11/2025 14:53:25,0.18012422360248448
07/11/2025 14:53:25,0.24183006535947713
07/11/2025 14:53:25,0.22580645161290322
07/11/2025 14:53:26,0.2297734627831715
07/11/2025 14:53:26,0.21019108280254778
07/11/2025 14:53:26,0.21019108280254778
07/11/2025 14:53:26,0.21405750798722045
07/11/2025 14:53:26,0.22186495176848875
07/11/2025 14:53:26,0.19873817034700317
07/11/2025 14:53:27,0.24183006535947713
07/11/2025 14:53:27,0.1949685534591195
07/11/2025 14:53:27,0.23778501628664495
07/11/2025 14:53:27,0.17647058823529413
07/11/2025 14:53:27,0.21794871794871795
07/11/2025 14:53:27,0.1875
07/11/2025 14:53:27,0.21405750798722045
07/11/2025 14:53:28,0.20253164556962025
07/11/2025 14:53:28,0.22186495176848875
07/11/2025 14:53:28,0.23376623376623376
07/11/2025 14:53:28,0.1838006230529595
07/11/2025 14:53:28,0.21405750798722045
07/11/2025 14:53:28,0.2297734627831715
07/11/2025 14:53:29,0.19873817034700317
07/11/2025 14:53:29,0.20634920634920634
07/11/2025 14:53:29,0.26245847176079734
07/11/2025 14:53:29,0.21019108280254778
07/11/2025 14:53:29,0.23778501628664495
07/11/2025 14:53:29,0.2297734627831715
07/11/2025 14:53:29,0.22186495176848875
07/11/2025 14:53:30,0.20253164556962025
07/11/2025 14:53:30,0.22580645161290322
07/11/2025 14:53:30,0.23778501628664495
07/11/2025 14:53:30,0.20634920634920634
07/11/2025 14:53:30,0.20253164556962025
07/11/2025 14:53:30,0.21019108280254778
07/11/2025 14:53:31,0.21019108280254778
07/11/2025 14:53:31,0.21405750798722045
07/11/2025 14:53:31,0.21019108280254778
07/11/2025 14:53:31,0.22186495176848875
07/11/2025 14:53:31,0.1949685534591195
07/11/2025 14:53:31,0.19873817034700317
07/11/2025 14:53:32,0.21019108280254778
07/11/2025 14:53:32,0.22580645161290322
07/11/2025 14:53:32,0.17647058823529413
07/11/2025 14:53:32,0.1949685534591195
07/11/2025 14:53:32,0.20253164556962025
07/11/2025 14:53:32,0.2582781456953642
07/11/2025 14:53:32,0.21405750798722045
07/11/2025 14:53:33,0.23376623376623376
07/11/2025 14:53:33,0.22186495176848875
07/11/2025 14:53:33,0.20253164556962025
07/11/2025 14:53:33,0.19873817034700317
07/11/2025 14:53:33,0.21794871794871795
07/11/2025 14:53:33,0.24183006535947713
07/11/2025 14:53:33,0.1838006230529595
07/11/2025 14:53:34,0.22580645161290322
07/11/2025 14:53:34,0.20634920634920634
07/11/2025 14:53:34,0.2582781456953642
07/11/2025 14:53:34,0.24183006535947713
07/11/2025 14:53:34,0.19873817034700317
07/11/2025 14:53:34,0.21019108280254778
07/11/2025 14:53:35,0.23778501628664495
07/11/2025 14:53:35,0.19873817034700317
07/11/2025 14:53:35,0.23778501628664495
07/11/2025 14:53:35,0.1838006230529595
07/11/2025 14:53:35,0.1949685534591195
07/11/2025 14:53:35,0.2709030100334448
07/11/2025 14:53:36,0.22186495176848875
07/11/2025 14:53:36,0.2297734627831715
07/11/2025 14:53:36,0.22186495176848875
07/11/2025 14:53:36,0.1949685534591195
07/11/2025 14:53:36,0.23376623376623376
07/11/2025 14:53:36,0.2297734627831715
07/11/2025 14:53:36,0.22186495176848875
07/11/2025 14:53:37,0.20253164556962025
07/11/2025 14:53:37,0.2582781456953642
07/11/2025 14:53:37,0.25412541254125415
07/11/2025 14:53:37,0.1838006230529595
07/11/2025 14:53:37,0.22580645161290322
07/11/2025 14:53:37,0.24183006535947713
07/11/2025 14:53:38,0.19873817034700317
07/11/2025 14:53:38,0.19873817034700317
07/11/2025 14:53:38,0.23778501628664495
07/11/2025 14:53:38,0.26245847176079734
07/11/2025 14:53:38,0.20634920634920634
07/11/2025 14:53:38,0.20253164556962025
07/11/2025 14:53:39,0.24183006535947713
07/11/2025 14:53:39,0.1838006230529595
07/11/2025 14:53:39,0.24183006535947713
07/11/2025 14:53:39,0.21405750798722045
07/11/2025 14:53:39,0.21405750798722045
07/11/2025 14:53:39,0.20634920634920634
07/11/2025 14:53:39,0.22580645161290322
07/11/2025 14:53:40,0.23778501628664495
07/11/2025 14:53:40,0.2297734627831715
07/11/2025 14:53:40,0.2459016393442623
07/11/2025 14:53:40,0.21019108280254778
07/11/2025 14:53:40,0.21794871794871795
07/11/2025 14:53:40,0.21794871794871795
07/11/2025 14:53:41,0.22186495176848875
07/11/2025 14:53:41,0.21794871794871795
07/11/2025 14:53:41,0.22186495176848875
07/11/2025 14:53:41,0.21405750798722045
07/11/2025 14:53:41,0.20634920634920634
07/11/2025 14:53:41,0.19873817034700317
07/11/2025 14:53:41,0.21794871794871795
07/11/2025 14:53:42,0.24183006535947713
07/11/2025 14:53:42,0.2582781456953642
07/11/2025 14:53:42,0.20634920634920634
07/11/2025 14:53:42,0.21405750798722045
07/11/2025 14:53:42,0.22580645161290322
07/11/2025 14:53:42,0.20634920634920634
07/11/2025 14:53:43,0.26666666666666666
07/11/2025 14:53:43,0.1838006230529595
07/11/2025 14:53:43,0.19122257053291536
07/11/2025 14:53:43,0.22580645161290322
07/11/2025 14:53:43,0.2709030100334448
07/11/2025 14:53:43,0.21019108280254778
07/11/2025 14:53:44,0.21405750798722045
07/11/2025 14:53:44,0.23376623376623376
07/11/2025 14:53:44,0.1875
07/11/2025 14:53:44,0.23376623376623376
07/11/2025 14:53:44,0.20634920634920634
07/11/2025 14:53:44,0.21794871794871795
07/11/2025 14:53:44,0.25
07/11/2025 14:53:45,0.20253164556962025
07/11/2025 14:53:45,0.21405750798722045
07/11/2025 14:53:45,0.21794871794871795
07/11/2025 14:53:45,0.22186495176848875
07/11/2025 14:53:45,0.23778501628664495
07/11/2025 14:53:45,0.20634920634920634
07/11/2025 14:53:46,0.23778501628664495
07/11/2025 14:53:46,0.1949685534591195
07/11/2025 14:53:46,0.21019108280254778
07/11/2025 14:53:46,0.23778501628664495
07/11/2025 14:53:46,0.22580645161290322
07/11/2025 14:53:46,0.23376623376623376
07/11/2025 14:53:47,0.19122257053291536
07/11/2025 14:53:47,0.24183006535947713
07/11/2025 14:53:47,0.2582781456953642
07/11/2025 14:53:47,0.1875
07/11/2025 14:53:47,0.21794871794871795
07/11/2025 14:53:47,0.22186495176848875
07/11/2025 14:53:47,0.22580645161290322
07/11/2025 14:53:48,0.1838006230529595
07/11/2025 14:53:48,0.21794871794871795
07/11/2025 14:53:48,0.2297734627831715
07/11/2025 14:53:48,0.20253164556962025
07/11/2025 14:53:48,0.22580645161290322
07/11/2025 14:53:48,0.21794871794871795
07/11/2025 14:53:48,0.23778501628664495
07/11/2025 14:53:49,0.20634920634920634
07/11/2025 14:53:49,0.20634920634920634
07/11/2025 14:53:49,0.24183006535947713
07/11/2025 14:53:49,0.1838006230529595
07/11/2025 14:53:49,0.22580645161290322
07/11/2025 14:53:49,0.21794871794871795
07/11/2025 14:53:50,0.24183006535947713
07/11/2025 14:53:50,0.26245847176079734
07/11/2025 14:53:50,0.14114114114114115
07/11/2025 14:53:50,0.19122257053291536
07/11/2025 14:53:50,0.2459016393442623
07/11/2025 14:53:50,0.22186495176848875
07/11/2025 14:53:50,0.1949685534591195
07/11/2025 14:53:51,0.24183006535947713
07/11/2025 14:53:51,0.2297734627831715
07/11/2025 14:53:51,0.23376623376623376
07/11/2025 14:53:51,0.2297734627831715
07/11/2025 14:53:51,0.23778501628664495
07/11/2025 14:53:51,0.21405750798722045
07/11/2025 14:53:52,0.2459016393442623
07/11/2025 14:53:52,0.20634920634920634
07/11/2025 14:53:52,0.2297734627831715
07/11/2025 14:53:52,0.20253164556962025
07/11/2025 14:53:52,0.21405750798722045
07/11/2025 14:53:52,0.19122257053291536
07/11/2025 14:53:52,0.2459016393442623
07/11/2025 14:53:53,0.26666666666666666
07/11/2025 14:53:53,0.22580645161290322
07/11/2025 14:53:53,0.21405750798722045
07/11/2025 14:53:53,0.22580645161290322
07/11/2025 14:53:53,0.20253164556962025
07/11/2025 14:53:53,0.21019108280254778
07/11/2025 14:53:54,0.21405750798722045
07/11/2025 14:53:54,0.22580645161290322
07/11/2025 14:53:54,0.22186495176848875
07/11/2025 14:53:54,0.21405750798722045
07/11/2025 14:53:54,0.19873817034700317
07/11/2025 14:53:54,0.19873817034700317
07/11/2025 14:53:55,0.22186495176848875
07/11/2025 14:53:55,0.19873817034700317
07/11/2025 14:53:55,0.19873817034700317
07/11/2025 14:53:55,0.20634920634920634
07/11/2025 14:53:55,0.24183006535947713
07/11/2025 14:53:55,0.22580645161290322
07/11/2025 14:53:56,0.22580645161290322
07/11/2025 14:53:56,0.25
07/11/2025 14:53:56,0.23376623376623376
07/11/2025 14:53:56,0.21794871794871795
07/11/2025 14:53:56,0.2459016393442623
07/11/2025 14:53:56,0.21794871794871795
07/11/2025 14:53:56,0.26245847176079734
07/11/2025 14:53:57,0.1875
07/11/2025 14:53:57,0.20253164556962025
07/11/2025 14:53:57,0.1875
07/11/2025 14:53:57,0.1949685534591195
07/11/2025 14:53:57,0.2297734627831715
07/11/2025 14:53:57,0.25
07/11/2025 14:53:57,0.20253164556962025
07/11/2025 14:53:58,0.2459016393442623
07/11/2025 14:53:58,0.21794871794871795
07/11/2025 14:53:58,0.22580645161290322
07/11/2025 14:53:58,0.23376623376623376
07/11/2025 14:53:58,0.23376623376623376
07/11/2025 14:53:58,0.23376623376623376
07/11/2025 14:53:59,0.2459016393442623
07/11/2025 14:53:59,0.22186495176848875
07/11/2025 14:53:59,0.26666666666666666
07/11/2025 14:53:59,0.21405750798722045
07/11/2025 14:53:59,0.1949685534591195
07/11/2025 14:53:59,0.27946127946127947
07/11/2025 14:54:00,0.2297734627831715
07/11/2025 14:54:00,0.21405750798722045
07/11/2025 14:54:00,0.2297734627831715
07/11/2025 14:54:00,0.19122257053291536
07/11/2025 14:54:00,0.19873817034700317
07/11/2025 14:54:00,0.21794871794871795
07/11/2025 14:54:00,0.2297734627831715
07/11/2025 14:54:01,0.22186495176848875
07/11/2025 14:54:01,0.19873817034700317
07/11/2025 14:54:01,0.21794871794871795
07/11/2025 14:54:01,0.21405750798722045
07/11/2025 14:54:01,0.20634920634920634
07/11/2025 14:54:01,0.1875
07/11/2025 14:54:02,0.22186495176848875
07/11/2025 14:54:02,0.21019108280254778
07/11/2025 14:54:02,0.2459016393442623
07/11/2025 14:54:02,0.23778501628664495
07/11/2025 14:54:02,0.1949685534591195
07/11/2025 14:54:02,0.20634920634920634
07/11/2025 14:54:03,0.26666666666666666
07/11/2025 14:54:03,0.23376623376623376
07/11/2025 14:54:03,0.22580645161290322
07/11/2025 14:54:03,0.23778501628664495
07/11/2025 14:54:03,0.22580645161290322
07/11/2025 14:54:03,0.21794871794871795
07/11/2025 14:54:04,0.21794871794871795
07/11/2025 14:54:04,0.21019108280254778
07/11/2025 14:54:04,0.29692832764505117
07/11/2025 14:54:04,0.20634920634920634
07/11/2025 14:54:04,0.21019108280254778
07/11/2025 14:54:04,0.21794871794871795
07/11/2025 14:54:04,0.23376623376623376
07/11/2025 14:54:05,0.21405750798722045
07/11/2025 14:54:05,0.22186495176848875
07/11/2025 14:54:05,0.23376623376623376
07/11/2025 14:54:05,0.21019108280254778
07/11/2025 14:54:05,0.2459016393442623
07/11/2025 14:54:05,0.23376623376623376
07/11/2025 14:54:06,0.20634920634920634
07/11/2025 14:54:06,0.21794871794871795
07/11/2025 14:54:06,0.21794871794871795
07/11/2025 14:54:06,0.21405750798722045
07/11/2025 14:54:06,0.22580645161290322
07/11/2025 14:54:06,0.21019108280254778
07/11/2025 14:54:06,0.2297734627831715
07/11/2025 14:54:07,0.25
07/11/2025 14:54:07,0.21405750798722045
07/11/2025 14:54:07,0.1838006230529595
07/11/2025 14:54:07,0.21794871794871795
07/11/2025 14:54:07,0.2459016393442623
07/11/2025 14:54:07,0.2297734627831715
07/11/2025 14:54:08,0.21794871794871795
07/11/2025 14:54:08,0.26245847176079734
07/11/2025 14:54:08,0.22580645161290322
07/11/2025 14:54:08,0.20253164556962025
07/11/2025 14:54:08,0.21794871794871795
07/11/2025 14:54:08,0.22580645161290322
07/11/2025 14:54:08,0.22186495176848875
07/11/2025 14:54:09,0.25412541254125415
07/11/2025 14:54:09,0.24183006535947713
07/11/2025 14:54:09,0.22186495176848875
07/11/2025 14:54:09,0.22186495176848875
07/11/2025 14:54:09,0.19122257053291536
07/11/2025 14:54:09,0.23376623376623376
07/11/2025 14:54:10,0.2297734627831715
07/11/2025 14:54:10,0.288135593220339
07/11/2025 14:54:10,0.22580645161290322
07/11/2025 14:54:10,0.2582781456953642
07/11/2025 14:54:10,0.20634920634920634
07/11/2025 14:54:10,0.23376623376623376
07/11/2025 14:54:11,0.22580645161290322
07/11/2025 14:54:11,0.20634920634920634
07/11/2025 14:54:11,0.21405750798722045
07/11/2025 14:54:11,0.21794871794871795
07/11/2025 14:54:11,0.21019108280254778
07/11/2025 14:54:11,0.20253164556962025
07/11/2025 14:54:11,0.21794871794871795
07/11/2025 14:54:12,0.21019108280254778
07/11/2025 14:54:12,0.21794871794871795
07/11/2025 14:54:12,0.1949685534591195
07/11/2025 14:54:12,0.21794871794871795
07/11/2025 14:54:12,0.21405750798722045
07/11/2025 14:54:12,0.2297734627831715
07/11/2025 14:54:13,0.22580645161290322
07/11/2025 14:54:13,0.24183006535947713
07/11/2025 14:54:13,0.1838006230529595
07/11/2025 14:54:13,0.21405750798722045
07/11/2025 14:54:13,0.21794871794871795
07/11/2025 14:54:13,0.25
07/11/2025 14:54:14,0.26245847176079734
07/11/2025 14:54:14,0.22580645161290322
07/11/2025 14:54:14,0.2297734627831715
07/11/2025 14:54:14,0.21405750798722045
07/11/2025 14:54:14,0.19873817034700317
07/11/2025 14:54:14,0.21019108280254778
07/11/2025 14:54:14,0.20634920634920634
07/11/2025 14:54:15,0.21405750798722045
07/11/2025 14:54:15,0.2297734627831715
07/11/2025 14:54:15,0.23778501628664495
07/11/2025 14:54:15,0.2297734627831715
07/11/2025 14:54:15,0.2297734627831715
07/11/2025 14:54:15,0.23778501628664495
07/11/2025 14:54:16,0.23778501628664495
07/11/2025 14:54:16,0.22580645161290322
07/11/2025 14:54:16,0.2297734627831715
07/11/2025 14:54:16,0.20634920634920634
07/11/2025 14:54:16,0.21794871794871795
07/11/2025 14:54:16,0.22186495176848875
07/11/2025 14:54:16,0.21405750798722045
07/11/2025 14:54:17,0.23778501628664495
07/11/2025 14:54:17,0.23376623376623376
07/11/2025 14:54:17,0.2459016393442623
07/11/2025 14:54:17,0.23376623376623376
07/11/2025 14:54:17,0.23376623376623376
07/11/2025 14:54:17,0.23376623376623376
07/11/2025 14:54:18,0.25
07/11/2025 14:54:18,0.21794871794871795
07/11/2025 14:54:18,0.22186495176848875
07/11/2025 14:54:18,0.22580645161290322
07/11/2025 14:54:18,0.1949685534591195
07/11/2025 14:54:18,0.23376623376623376
07/11/2025 14:54:18,0.2459016393442623
07/11/2025 14:54:19,0.20253164556962025
07/11/2025 14:54:19,0.22580645161290322
07/11/2025 14:54:19,0.20253164556962025
07/11/2025 14:54:19,0.23778501628664495
07/11/2025 14:54:19,0.24183006535947713
07/11/2025 14:54:19,0.2297734627831715
07/11/2025 14:54:20,0.21405750798722045
07/11/2025 14:54:20,0.1949685534591195
07/11/2025 14:54:20,0.21019108280254778
07/11/2025 14:54:20,0.19873817034700317
07/11/2025 14:54:20,0.22580645161290322
07/11/2025 14:54:20,0.1949685534591195
07/11/2025 14:54:21,0.17647058823529413
07/11/2025 14:54:21,0.2459016393442623
07/11/2025 14:54:21,0.21019108280254778
07/11/2025 14:54:21,0.18012422360248448
07/11/2025 14:54:21,0.21794871794871795
07/11/2025 14:54:21,0.22580645161290322
07/11/2025 14:54:22,0.24183006535947713
07/11/2025 14:54:22,0.21019108280254778
07/11/2025 14:54:22,0.2297734627831715
07/11/2025 14:54:22,0.20634920634920634
07/11/2025 14:54:22,0.24183006535947713
07/11/2025 14:54:22,0.1949685534591195
07/11/2025 14:54:22,0.25
07/11/2025 14:54:23,0.23376623376623376
07/11/2025 14:54:23,0.1949685534591195
07/11/2025 14:54:23,0.26666666666666666
07/11/2025 14:54:23,0.23376623376623376
07/11/2025 14:54:23,0.21019108280254778
07/11/2025 14:54:24,0.22186495176848875
07/11/2025 14:54:24,0.22186495176848875
07/11/2025 14:54:24,0.1949685534591195
07/11/2025 14:54:24,0.20634920634920634
07/11/2025 14:54:24,0.22186495176848875
07/11/2025 14:54:24,0.25
07/11/2025 14:54:24,0.22580645161290322
07/11/2025 14:54:25,0.21794871794871795
07/11/2025 14:54:25,0.23778501628664495
07/11/2025 14:54:25,0.23376623376623376
07/11/2025 14:54:25,0.2297734627831715
07/11/2025 14:54:25,0.2582781456953642
07/11/2025 14:54:25,0.22186495176848875
07/11/2025 14:54:26,0.19873817034700317
07/11/2025 14:54:26,0.22580645161290322
07/11/2025 14:54:26,0.2297734627831715
07/11/2025 14:54:26,0.2459016393442623
07/11/2025 14:54:26,0.2459016393442623
07/11/2025 14:54:26,0.25
07/11/2025 14:54:27,0.20634920634920634
07/11/2025 14:54:27,0.21405750798722045
07/11/2025 14:54:27,0.23376623376623376
07/11/2025 14:54:27,0.17647058823529413
07/11/2025 14:54:27,0.2459016393442623
07/11/2025 14:54:27,0.23778501628664495
07/11/2025 14:54:27,0.22186495176848875
07/11/2025 14:54:28,0.2297734627831715
07/11/2025 14:54:28,0.21794871794871795
07/11/2025 14:54:28,0.19122257053291536
07/11/2025 14:54:28,0.21405750798722045
07/11/2025 14:54:28,0.25
07/11/2025 14:54:28,0.23778501628664495
07/11/2025 14:54:29,0.23778501628664495
07/11/2025 14:54:29,0.21405750798722045
07/11/2025 14:54:29,0.26245847176079734
07/11/2025 14:54:29,0.21405750798722045
07/11/2025 14:54:29,0.2297734627831715
07/11/2025 14:54:29,0.1728395061728395
07/11/2025 14:54:29,0.2297734627831715
07/11/2025 14:54:30,0.21794871794871795
07/11/2025 14:54:30,0.21019108280254778
07/11/2025 14:54:30,0.21794871794871795
07/11/2025 14:54:30,0.1838006230529595
07/11/2025 14:54:30,0.24183006535947713
07/11/2025 14:54:30,0.1875
07/11/2025 14:54:31,0.2297734627831715
07/11/2025 14:54:31,0.21405750798722045
07/11/2025 14:54:31,0.2297734627831715
07/11/2025 14:54:31,0.2459016393442623
07/11/2025 14:54:31,0.21405750798722045
07/11/2025 14:54:31,0.25
07/11/2025 14:54:31,0.1875
07/11/2025 14:54:32,0.22580645161290322
07/11/2025 14:54:32,0.20253164556962025
07/11/2025 14:54:32,0.20634920634920634
07/11/2025 14:54:32,0.22580645161290322
07/11/2025 14:54:32,0.1838006230529595
07/11/2025 14:54:32,0.21794871794871795
07/11/2025 14:54:33,0.21405750798722045
07/11/2025 14:54:33,0.22186495176848875
07/11/2025 14:54:33,0.21405750798722045
07/11/2025 14:54:33,0.21019108280254778
07/11/2025 14:54:33,0.21019108280254778
07/11/2025 14:54:33,0.1875
07/11/2025 14:54:34,0.21405750798722045
07/11/2025 14:54:34,0.21405750798722045
07/11/2025 14:54:34,0.22186495176848875
07/11/2025 14:54:34,0.21794871794871795
07/11/2025 14:54:34,0.21405750798722045
07/11/2025 14:54:34,0.23778501628664495
07/11/2025 14:54:35,0.24183006535947713
07/11/2025 14:54:35,0.2297734627831715
07/11/2025 14:54:35,0.2459016393442623
07/11/2025 14:54:35,0.21794871794871795
07/11/2025 14:54:35,0.23376623376623376
07/11/2025 14:54:35,0.2297734627831715
07/11/2025 14:54:36,0.22186495176848875
07/11/2025 14:54:36,0.19873817034700317
07/11/2025 14:54:36,0.23778501628664495
07/11/2025 14:54:36,0.22580645161290322
07/11/2025 14:54:36,0.23376623376623376
07/11/2025 14:54:36,0.2459016393442623
07/11/2025 14:54:36,0.22186495176848875
07/11/2025 14:54:37,0.2582781456953642
07/11/2025 14:54:37,0.23778501628664495
07/11/2025 14:54:37,0.23778501628664495
07/11/2025 14:54:37,0.2297734627831715
07/11/2025 14:54:37,0.21019108280254778
07/11/2025 14:54:37,0.23376623376623376
07/11/2025 14:54:38,0.21405750798722045
07/11/2025 14:54:38,0.20253164556962025
07/11/2025 14:54:38,0.21019108280254778
07/11/2025 14:54:38,0.21794871794871795
07/11/2025 14:54:38,0.21019108280254778
07/11/2025 14:54:38,0.2751677852348993
07/11/2025 14:54:39,0.22186495176848875
07/11/2025 14:54:39,0.20253164556962025
07/11/2025 14:54:39,0.23376623376623376
07/11/2025 14:54:39,0.22580645161290322
07/11/2025 14:54:39,0.1949685534591195
07/11/2025 14:54:39,0.21405750798722045
07/11/2025 14:54:40,0.22186495176848875
07/11/2025 14:54:40,0.20253164556962025
07/11/2025 14:54:40,0.2459016393442623
07/11/2025 14:54:40,0.20634920634920634
07/11/2025 14:54:40,0.22580645161290322
07/11/2025 14:54:40,0.23376623376623376
07/11/2025 14:54:40,0.1875
07/11/2025 14:54:41,0.23376623376623376
07/11/2025 14:54:41,0.2297734627831715
07/11/2025 14:54:41,0.25412541254125415
07/11/2025 14:54:41,0.22186495176848875
07/11/2025 14:54:41,0.2297734627831715
07/11/2025 14:54:41,0.22580645161290322
07/11/2025 14:54:42,0.23778501628664495
07/11/2025 14:54:42,0.1838006230529595
07/11/2025 14:54:42,0.22186495176848875
07/11/2025 14:54:42,0.21794871794871795
07/11/2025 14:54:42,0.21405750798722045
07/11/2025 14:54:42,0.19873817034700317
07/11/2025 14:54:43,0.22186495176848875
07/11/2025 14:54:43,0.19122257053291536
07/11/2025 14:54:43,0.22580645161290322
07/11/2025 14:54:43,0.26245847176079734
07/11/2025 14:54:43,0.1838006230529595
07/11/2025 14:54:43,0.2297734627831715
07/11/2025 14:54:43,0.24183006535947713
07/11/2025 14:54:44,0.2297734627831715
07/11/2025 14:54:44,0.2582781456953642
07/11/2025 14:54:44,0.20634920634920634
07/11/2025 14:54:44,0.21019108280254778
07/11/2025 14:54:44,0.22580645161290322
07/11/2025 14:54:44,0.2459016393442623
07/11/2025 14:54:45,0.21019108280254778
07/11/2025 14:54:45,0.23376623376623376
07/11/2025 14:54:45,0.23778501628664495
07/11/2025 14:54:45,0.1949685534591195
07/11/2025 14:54:45,0.19122257053291536
07/11/2025 14:54:45,0.23778501628664495
07/11/2025 14:54:46,0.22580645161290322
07/11/2025 14:54:46,0.23376623376623376
07/11/2025 14:54:46,0.22186495176848875
07/11/2025 14:54:46,0.20253164556962025
07/11/2025 14:54:46,0.21794871794871795
07/11/2025 14:54:46,0.19873817034700317
07/11/2025 14:54:47,0.21405750798722045
07/11/2025 14:54:47,0.1838006230529595
07/11/2025 14:54:47,0.2297734627831715
07/11/2025 14:54:47,0.22580645161290322
07/11/2025 14:54:47,0.22186495176848875
07/11/2025 14:54:47,0.21019108280254778
07/11/2025 14:54:47,0.21794871794871795
07/11/2025 14:54:48,0.21794871794871795
07/11/2025 14:54:48,0.288135593220339
07/11/2025 14:54:48,0.2459016393442623
07/11/2025 14:54:48,0.21794871794871795
07/11/2025 14:54:48,0.22580645161290322
07/11/2025 14:54:48,0.22186495176848875
07/11/2025 14:54:49,0.19122257053291536
07/11/2025 14:54:49,0.21794871794871795
07/11/2025 14:54:49,0.23376623376623376
07/11/2025 14:54:49,0.20253164556962025
07/11/2025 14:54:49,0.22580645161290322
07/11/2025 14:54:49,0.23778501628664495
07/11/2025 14:54:50,0.1875
07/11/2025 14:54:50,0.23376623376623376
07/11/2025 14:54:50,0.25412541254125415
07/11/2025 14:54:50,0.21019108280254778
07/11/2025 14:54:50,0.21405750798722045
07/11/2025 14:54:50,0.1838006230529595
07/11/2025 14:54:51,0.21405750798722045
07/11/2025 14:54:51,0.22580645161290322
07/11/2025 14:54:51,0.1949685534591195
07/11/2025 14:54:51,0.20253164556962025
07/11/2025 14:54:51,0.23376623376623376
07/11/2025 14:54:51,0.21019108280254778
07/11/2025 14:54:51,0.1875
07/11/2025 14:54:52,0.20253164556962025
07/11/2025 14:54:52,0.21405750798722045
07/11/2025 14:54:52,0.25412541254125415
07/11/2025 14:54:52,0.2297734627831715
07/11/2025 14:54:52,0.21405750798722045
07/11/2025 14:54:52,0.22186495176848875
07/11/2025 14:54:53,0.2297734627831715
07/11/2025 14:54:53,0.24183006535947713
07/11/2025 14:54:53,0.21019108280254778
07/11/2025 14:54:53,0.2459016393442623
07/11/2025 14:54:53,0.2751677852348993
07/11/2025 14:54:53,0.21794871794871795
07/11/2025 14:54:54,0.21405750798722045
07/11/2025 14:54:54,0.2297734627831715
07/11/2025 14:54:54,0.22580645161290322
07/11/2025 14:54:54,0.25
07/11/2025 14:54:54,0.25
07/11/2025 14:54:54,0.23778501628664495
07/11/2025 14:54:55,0.21794871794871795
07/11/2025 14:54:55,0.22580645161290322
07/11/2025 14:54:55,0.28378378378378377
07/11/2025 14:54:55,0.1875
07/11/2025 14:54:55,0.1949685534591195
07/11/2025 14:54:55,0.24183006535947713
07/11/2025 14:54:56,0.1838006230529595
07/11/2025 14:54:56,0.20634920634920634
07/11/2025 14:54:56,0.1875
07/11/2025 14:54:56,0.20253164556962025
07/11/2025 14:54:56,0.21405750798722045
07/11/2025 14:54:56,0.19122257053291536
07/11/2025 14:54:57,0.20634920634920634
07/11/2025 14:54:57,0.22580645161290322
07/11/2025 14:54:57,0.2459016393442623
07/11/2025 14:54:57,0.2582781456953642
07/11/2025 14:54:57,0.21019108280254778
07/11/2025 14:54:57,0.21019108280254778
07/11/2025 14:54:57,0.22580645161290322
07/11/2025 14:54:58,0.20634920634920634
07/11/2025 14:54:58,0.23778501628664495
07/11/2025 14:54:58,0.23376623376623376
07/11/2025 14:54:58,0.21405750798722045
07/11/2025 14:54:58,0.1838006230529595
07/11/2025 14:54:58,0.17647058823529413
07/11/2025 14:54:59,0.21405750798722045
07/11/2025 14:54:59,0.21019108280254778
07/11/2025 14:54:59,0.21019108280254778
07/11/2025 14:54:59,0.23778501628664495
07/11/2025 14:54:59,0.19873817034700317
07/11/2025 14:54:59,0.23778501628664495
07/11/2025 14:55:00,0.19873817034700317
07/11/2025 14:55:00,0.21019108280254778
07/11/2025 14:55:00,0.25412541254125415
07/11/2025 14:55:00,0.22186495176848875
07/11/2025 14:55:00,0.1875
07/11/2025 14:55:00,0.2297734627831715
07/11/2025 14:55:01,0.2297734627831715
07/11/2025 14:55:01,0.20253164556962025
07/11/2025 14:55:01,0.21405750798722045
07/11/2025 14:55:01,0.2459016393442623
07/11/2025 14:55:01,0.19873817034700317
07/11/2025 14:55:01,0.21019108280254778
07/11/2025 14:55:02,0.2297734627831715
07/11/2025 14:55:02,0.2297734627831715
07/11/2025 14:55:02,0.2582781456953642
07/11/2025 14:55:02,0.23376623376623376
07/11/2025 14:55:02,0.20253164556962025
07/11/2025 14:55:02,0.19873817034700317
07/11/2025 14:55:02,0.25
07/11/2025 14:55:03,0.24183006535947713
07/11/2025 14:55:03,0.25
07/11/2025 14:55:03,0.22186495176848875
07/11/2025 14:55:03,0.21794871794871795
07/11/2025 14:55:03,0.1656441717791411
07/11/2025 14:55:03,0.20253164556962025
07/11/2025 14:55:04,0.20253164556962025
07/11/2025 14:55:04,0.24183006535947713
07/11/2025 14:55:04,0.20634920634920634
07/11/2025 14:55:04,0.20634920634920634
07/11/2025 14:55:04,0.20634920634920634
07/11/2025 14:55:04,0.23376623376623376
07/11/2025 14:55:05,0.23376623376623376
07/11/2025 14:55:05,0.23376623376623376
07/11/2025 14:55:05,0.1875
07/11/2025 14:55:05,0.21405750798722045
07/11/2025 14:55:05,0.26245847176079734
07/11/2025 14:55:05,0.24183006535947713
07/11/2025 14:55:06,0.23376623376623376
07/11/2025 14:55:06,0.21405750798722045
07/11/2025 14:55:06,0.20253164556962025
07/11/2025 14:55:06,0.21405750798722045
07/11/2025 14:55:06,0.1875
07/11/2025 14:55:06,0.23778501628664495
07/11/2025 14:55:07,0.2459016393442623
07/11/2025 14:55:07,0.22580645161290322
07/11/2025 14:55:07,0.20253164556962025
07/11/2025 14:55:07,0.21405750798722045
07/11/2025 14:55:07,0.21019108280254778
07/11/2025 14:55:07,0.21019108280254778
07/11/2025 14:55:08,0.23376623376623376
07/11/2025 14:55:08,0.24183006535947713
07/11/2025 14:55:08,0.1949685534591195
07/11/2025 14:55:08,0.25
07/11/2025 14:55:08,0.25
07/11/2025 14:55:08,0.21405750798722045
07/11/2025 14:55:08,0.2297734627831715
07/11/2025 14:55:09,0.25412541254125415
07/11/2025 14:55:09,0.19122257053291536
07/11/2025 14:55:09,0.20634920634920634
07/11/2025 14:55:09,0.23778501628664495
07/11/2025 14:55:09,0.26666666666666666
07/11/2025 14:55:09,0.20634920634920634
07/11/2025 14:55:10,0.2297734627831715
07/11/2025 14:55:10,0.25412541254125415
07/11/2025 14:55:10,0.2459016393442623
07/11/2025 14:55:10,0.2459016393442623
07/11/2025 14:55:10,0.2297734627831715
07/11/2025 14:55:10,0.2459016393442623
07/11/2025 14:55:11,0.24183006535947713
07/11/2025 14:55:11,0.21019108280254778
07/11/2025 14:55:11,0.23376623376623376
07/11/2025 14:55:11,0.1949685534591195
07/11/2025 14:55:11,0.2459016393442623
07/11/2025 14:55:11,0.21794871794871795
07/11/2025 14:55:12,0.22186495176848875
07/11/2025 14:55:12,0.23376623376623376
07/11/2025 14:55:12,0.21019108280254778
07/11/2025 14:55:12,0.21405750798722045
07/11/2025 14:55:12,0.21405750798722045
07/11/2025 14:55:12,0.21019108280254778
07/11/2025 14:55:12,0.23778501628664495
07/11/2025 14:55:13,0.21405750798722045
07/11/2025 14:55:13,0.23778501628664495
07/11/2025 14:55:13,0.23376623376623376
07/11/2025 14:55:13,0.23376623376623376
07/11/2025 14:55:13,0.20634920634920634
07/11/2025 14:55:13,0.25412541254125415
07/11/2025 14:55:14,0.21405750798722045
07/11/2025 14:55:14,0.20253164556962025
07/11/2025 14:55:14,0.21019108280254778
07/11/2025 14:55:14,0.2297734627831715
07/11/2025 14:55:14,0.22186495176848875
07/11/2025 14:55:14,0.24183006535947713
07/11/2025 14:55:15,0.21794871794871795
07/11/2025 14:55:15,0.22186495176848875
07/11/2025 14:55:15,0.24183006535947713
07/11/2025 14:55:15,0.26666666666666666
07/11/2025 14:55:15,0.23376623376623376
07/11/2025 14:55:15,0.21405750798722045
07/11/2025 14:55:15,0.21019108280254778
07/11/2025 14:55:16,0.22580645161290322
07/11/2025 14:55:16,0.22580645161290322
07/11/2025 14:55:16,0.2709030100334448
07/11/2025 14:55:16,0.23778501628664495
07/11/2025 14:55:16,0.19873817034700317
07/11/2025 14:55:16,0.20253164556962025
07/11/2025 14:55:17,0.23376623376623376
07/11/2025 14:55:17,0.23778501628664495
07/11/2025 14:55:17,0.22580645161290322
07/11/2025 14:55:17,0.25412541254125415
07/11/2025 14:55:17,0.23778501628664495
07/11/2025 14:55:17,0.21794871794871795
07/11/2025 14:55:18,0.19122257053291536
07/11/2025 14:55:18,0.23376623376623376
07/11/2025 14:55:18,0.19873817034700317
07/11/2025 14:55:18,0.23376623376623376
07/11/2025 14:55:18,0.1875
07/11/2025 14:55:18,0.26666666666666666
07/11/2025 14:55:19,0.24183006535947713
07/11/2025 14:55:19,0.2297734627831715
07/11/2025 14:55:19,0.20253164556962025
07/11/2025 14:55:19,0.21405750798722045
07/11/2025 14:55:19,0.20253164556962025
07/11/2025 14:55:19,0.20253164556962025
07/11/2025 14:55:20,0.22580645161290322
07/11/2025 14:55:20,0.20253164556962025
07/11/2025 14:55:20,0.24183006535947713
07/11/2025 14:55:20,0.2297734627831715
07/11/2025 14:55:20,0.20634920634920634
07/11/2025 14:55:20,0.21794871794871795
07/11/2025 14:55:20,0.26666666666666666
07/11/2025 14:55:21,0.21405750798722045
07/11/2025 14:55:21,0.22186495176848875
07/11/2025 14:55:21,0.21405750798722045
07/11/2025 14:55:21,0.27946127946127947
07/11/2025 14:55:21,0.21794871794871795
07/11/2025 14:55:21,0.23376623376623376
07/11/2025 14:55:22,0.22580645161290322
07/11/2025 14:55:22,0.20253164556962025
07/11/2025 14:55:22,0.2459016393442623
07/11/2025 14:55:22,0.19873817034700317
07/11/2025 14:55:22,0.1728395061728395
07/11/2025 14:55:22,0.22580645161290322
07/11/2025 14:55:23,0.21019108280254778
07/11/2025 14:55:23,0.2297734627831715
07/11/2025 14:55:23,0.25
07/11/2025 14:55:23,0.19873817034700317
07/11/2025 14:55:23,0.23778501628664495
07/11/2025 14:55:23,0.22186495176848875
07/11/2025 14:55:23,0.21019108280254778
07/11/2025 14:55:24,0.2582781456953642
07/11/2025 14:55:24,0.2297734627831715
07/11/2025 14:55:24,0.2297734627831715
07/11/2025 14:55:24,0.22580645161290322
07/11/2025 14:55:24,0.20253164556962025
07/11/2025 14:55:24,0.2459016393442623
07/11/2025 14:55:25,0.25412541254125415
07/11/2025 14:55:25,0.22580645161290322
07/11/2025 14:55:25,0.25412541254125415
07/11/2025 14:55:25,0.22580645161290322
07/11/2025 14:55:25,0.21794871794871795
07/11/2025 14:55:25,0.25
07/11/2025 14:55:26,0.21019108280254778
07/11/2025 14:55:26,0.21794871794871795
07/11/2025 14:55:26,0.23376623376623376
07/11/2025 14:55:26,0.24183006535947713
07/11/2025 14:55:26,0.22186495176848875
07/11/2025 14:55:26,0.23778501628664495
07/11/2025 14:55:27,0.1838006230529595
07/11/2025 14:55:27,0.23376623376623376
07/11/2025 14:55:27,0.1728395061728395
07/11/2025 14:55:27,0.21405750798722045
07/11/2025 14:55:27,0.24183006535947713
07/11/2025 14:55:27,0.18012422360248448
07/11/2025 14:55:27,0.19873817034700317
07/11/2025 14:55:28,0.23376623376623376
07/11/2025 14:55:28,0.21019108280254778
07/11/2025 14:55:28,0.22186495176848875
07/11/2025 14:55:28,0.21794871794871795
07/11/2025 14:55:28,0.24183006535947713
07/11/2025 14:55:28,0.1838006230529595
07/11/2025 14:55:29,0.22580645161290322
07/11/2025 14:55:29,0.21405750798722045
07/11/2025 14:55:29,0.2582781456953642
07/11/2025 14:55:29,0.22580645161290322
07/11/2025 14:55:29,0.20634920634920634
07/11/2025 14:55:29,0.2297734627831715
07/11/2025 14:55:29,0.21405750798722045
07/11/2025 14:55:30,0.25
07/11/2025 14:55:30,0.21405750798722045
07/11/2025 14:55:30,0.19873817034700317
07/11/2025 14:55:30,0.21794871794871795
07/11/2025 14:55:30,0.23376623376623376
07/11/2025 14:55:30,0.25
07/11/2025 14:55:31,0.19122257053291536
07/11/2025 14:55:31,0.21405750798722045
07/11/2025 14:55:31,0.1620795107033639
07/11/2025 14:55:31,0.24183006535947713
07/11/2025 14:55:31,0.21405750798722045
07/11/2025 14:55:31,0.1949685534591195
07/11/2025 14:55:32,0.23778501628664495
07/11/2025 14:55:32,0.25
07/11/2025 14:55:32,0.22580645161290322
07/11/2025 14:55:32,0.25
07/11/2025 14:55:32,0.25
07/11/2025 14:55:32,0.23376623376623376
07/11/2025 14:55:33,0.23376623376623376
07/11/2025 14:55:33,0.20634920634920634
07/11/2025 14:55:33,0.21405750798722045
07/11/2025 14:55:33,0.2297734627831715
07/11/2025 14:55:33,0.21794871794871795
07/11/2025 14:55:33,0.21019108280254778
07/11/2025 14:55:33,0.22186495176848875
07/11/2025 14:55:34,0.2459016393442623
07/11/2025 14:55:34,0.22580645161290322
07/11/2025 14:55:34,0.20634920634920634
07/11/2025 14:55:34,0.20253164556962025
07/11/2025 14:55:34,0.21405750798722045
07/11/2025 14:55:34,0.23778501628664495
07/11/2025 14:55:35,0.2459016393442623
07/11/2025 14:55:35,0.24183006535947713
07/11/2025 14:55:35,0.21019108280254778
07/11/2025 14:55:35,0.21405750798722045
07/11/2025 14:55:35,0.21794871794871795
07/11/2025 14:55:35,0.22580645161290322
07/11/2025 14:55:36,0.23376623376623376
07/11/2025 14:55:36,0.20634920634920634
07/11/2025 14:55:36,0.23778501628664495
07/11/2025 14:55:36,0.22580645161290322
07/11/2025 14:55:36,0.22186495176848875
07/11/2025 14:55:36,0.25412541254125415
07/11/2025 14:55:37,0.28378378378378377
07/11/2025 14:55:37,0.23778501628664495
07/11/2025 14:55:37,0.1875
07/11/2025 14:55:37,0.19122257053291536
07/11/2025 14:55:37,0.21405750798722045
07/11/2025 14:55:37,0.24183006535947713
07/11/2025 14:55:37,0.2297734627831715
07/11/2025 14:55:38,0.25
07/11/2025 14:55:38,0.19122257053291536
07/11/2025 14:55:38,0.2709030100334448
07/11/2025 14:55:38,0.2459016393442623
07/11/2025 14:55:38,0.22186495176848875
07/11/2025 14:55:38,0.19873817034700317
07/11/2025 14:55:39,0.21019108280254778
07/11/2025 14:55:39,0.19873817034700317
07/11/2025 14:55:39,0.20253164556962025
07/11/2025 14:55:39,0.21019108280254778
07/11/2025 14:55:39,0.2709030100334448
07/11/2025 14:55:39,0.25412541254125415
07/11/2025 14:55:40,0.22186495176848875
07/11/2025 14:55:40,0.25
07/11/2025 14:55:40,0.19873817034700317
07/11/2025 14:55:40,0.2582781456953642
07/11/2025 14:55:40,0.24183006535947713
07/11/2025 14:55:40,0.22186495176848875
07/11/2025 14:55:41,0.21019108280254778
07/11/2025 14:55:41,0.21405750798722045
07/11/2025 14:55:41,0.1949685534591195
07/11/2025 14:55:41,0.18012422360248448
07/11/2025 14:55:41,0.22580645161290322
07/11/2025 14:55:41,0.20634920634920634
07/11/2025 14:55:41,0.21405750798722045
07/11/2025 14:55:42,0.2297734627831715
07/11/2025 14:55:42,0.21405750798722045
07/11/2025 14:55:42,0.25
07/11/2025 14:55:42,0.25412541254125415
07/11/2025 14:55:42,0.21794871794871795
07/11/2025 14:55:42,0.23376623376623376
07/11/2025 14:55:43,0.21794871794871795
07/11/2025 14:55:43,0.21405750798722045
07/11/2025 14:55:43,0.21794871794871795
07/11/2025 14:55:43,0.23376623376623376
07/11/2025 14:55:43,0.21794871794871795
07/11/2025 14:55:43,0.22580645161290322
07/11/2025 14:55:43,0.22186495176848875
07/11/2025 14:55:44,0.1838006230529595
07/11/2025 14:55:44,0.23376623376623376
07/11/2025 14:55:44,0.23376623376623376
07/11/2025 14:55:44,0.21019108280254778
07/11/2025 14:55:44,0.2709030100334448
07/11/2025 14:55:44,0.2297734627831715
07/11/2025 14:55:45,0.21794871794871795
07/11/2025 14:55:45,0.23376623376623376
07/11/2025 14:55:45,0.2459016393442623
07/11/2025 14:55:45,0.21019108280254778
07/11/2025 14:55:45,0.21405750798722045
07/11/2025 14:55:45,0.22580645161290322
07/11/2025 14:55:45,0.24183006535947713
07/11/2025 14:55:46,0.23376623376623376
07/11/2025 14:55:46,0.25
07/11/2025 14:55:46,0.22580645161290322
07/11/2025 14:55:46,0.22580645161290322
07/11/2025 14:55:46,0.2459016393442623
07/11/2025 14:55:46,0.2297734627831715
07/11/2025 14:55:47,0.24183006535947713
07/11/2025 14:55:47,0.22186495176848875
07/11/2025 14:55:47,0.20634920634920634
07/11/2025 14:55:47,0.19873817034700317
07/11/2025 14:55:47,0.21405750798722045
07/11/2025 14:55:47,0.22186495176848875
07/11/2025 14:55:47,0.25412541254125415
07/11/2025 14:55:48,0.24183006535947713
07/11/2025 14:55:48,0.20634920634920634
07/11/2025 14:55:48,0.21019108280254778
07/11/2025 14:55:48,0.23778501628664495
07/11/2025 14:55:48,0.2297734627831715
07/11/2025 14:55:48,0.24183006535947713
07/11/2025 14:55:49,0.21794871794871795
07/11/2025 14:55:49,0.20634920634920634
07/11/2025 14:55:49,0.2297734627831715
07/11/2025 14:55:49,0.23376623376623376
07/11/2025 14:55:49,0.22580645161290322
07/11/2025 14:55:49,0.20634920634920634
07/11/2025 14:55:49,0.1875
07/11/2025 14:55:50,0.20634920634920634
07/11/2025 14:55:50,0.21405750798722045
07/11/2025 14:55:50,0.19122257053291536
07/11/2025 14:55:50,0.21794871794871795
07/11/2025 14:55:50,0.20253164556962025
07/11/2025 14:55:50,0.23376623376623376
07/11/2025 14:55:51,0.21794871794871795
07/11/2025 14:55:51,0.24183006535947713
07/11/2025 14:55:51,0.21794871794871795
07/11/2025 14:55:51,0.22580645161290322
07/11/2025 14:55:51,0.19873817034700317
07/11/2025 14:55:51,0.22580645161290322
07/11/2025 14:55:52,0.23778501628664495
07/11/2025 14:55:52,0.22186495176848875
07/11/2025 14:55:52,0.1949685534591195
07/11/2025 14:55:52,0.20634920634920634
07/11/2025 14:55:52,0.1949685534591195
07/11/2025 14:55:52,0.21794871794871795
07/11/2025 14:55:52,0.22186495176848875
07/11/2025 14:55:53,0.22580645161290322
07/11/2025 14:55:53,0.21794871794871795
07/11/2025 14:55:53,0.20253164556962025
07/11/2025 14:55:53,0.22186495176848875
07/11/2025 14:55:53,0.20634920634920634
07/11/2025 14:55:53,0.20253164556962025
07/11/2025 14:55:54,0.23778501628664495
07/11/2025 14:55:54,0.22580645161290322
07/11/2025 14:55:54,0.23376623376623376
07/11/2025 14:55:54,0.24183006535947713
07/11/2025 14:55:54,0.19873817034700317
07/11/2025 14:55:54,0.21405750798722045
07/11/2025 14:55:54,0.21794871794871795
07/11/2025 14:55:55,0.21794871794871795
07/11/2025 14:55:55,0.21019108280254778
07/11/2025 14:55:55,0.23778501628664495
07/11/2025 14:55:55,0.1875
07/11/2025 14:55:55,0.24183006535947713
07/11/2025 14:55:55,0.22186495176848875
07/11/2025 14:55:56,0.20253164556962025
07/11/2025 14:55:56,0.25
07/11/2025 14:55:56,0.21019108280254778
07/11/2025 14:55:56,0.23778501628664495
07/11/2025 14:55:56,0.1875
07/11/2025 14:55:56,0.21019108280254778
07/11/2025 14:55:57,0.23376623376623376
07/11/2025 14:55:57,0.22580645161290322
07/11/2025 14:55:57,0.2709030100334448
07/11/2025 14:55:57,0.20253164556962025
07/11/2025 14:55:57,0.21019108280254778
07/11/2025 14:55:57,0.15853658536585366
07/11/2025 14:55:58,0.2459016393442623
07/11/2025 14:55:58,0.23778501628664495
07/11/2025 14:55:58,0.19873817034700317
07/11/2025 14:55:58,0.17647058823529413
07/11/2025 14:55:58,0.24183006535947713
07/11/2025 14:55:58,0.25
07/11/2025 14:55:58,0.2297734627831715
07/11/2025 14:55:59,0.2709030100334448
07/11/2025 14:55:59,0.22580645161290322
07/11/2025 14:55:59,0.22580645161290322
07/11/2025 14:55:59,0.1838006230529595
07/11/2025 14:55:59,0.2297734627831715
07/11/2025 14:55:59,0.23376623376623376
07/11/2025 14:56:00,0.23376623376623376
07/11/2025 14:56:00,0.21794871794871795
07/11/2025 14:56:00,0.21405750798722045
07/11/2025 14:56:00,0.22580645161290322
07/11/2025 14:56:00,0.22186495176848875
07/11/2025 14:56:00,0.19873817034700317
07/11/2025 14:56:00,0.21019108280254778
07/11/2025 14:56:01,0.2459016393442623
07/11/2025 14:56:01,0.21405750798722045
07/11/2025 14:56:01,0.20634920634920634
07/11/2025 14:56:01,0.22186495176848875
07/11/2025 14:56:01,0.25
07/11/2025 14:56:02,0.22580645161290322
07/11/2025 14:56:02,0.21405750798722045
07/11/2025 14:56:02,0.1838006230529595
07/11/2025 14:56:02,0.21019108280254778
07/11/2025 14:56:02,0.19873817034700317
07/11/2025 14:56:02,0.19873817034700317
07/11/2025 14:56:02,0.1949685534591195
07/11/2025 14:56:03,0.21019108280254778
07/11/2025 14:56:03,0.1949685534591195
07/11/2025 14:56:03,0.21019108280254778
07/11/2025 14:56:03,0.24183006535947713
07/11/2025 14:56:03,0.2297734627831715
07/11/2025 14:56:03,0.21794871794871795
07/11/2025 14:56:04,0.23778501628664495
07/11/2025 14:56:04,0.18012422360248448
07/11/2025 14:56:04,0.25412541254125415
07/11/2025 14:56:04,0.22580645161290322
07/11/2025 14:56:04,0.23778501628664495
07/11/2025 14:56:04,0.1949685534591195
07/11/2025 14:56:05,0.21019108280254778
07/11/2025 14:56:05,0.20634920634920634
07/11/2025 14:56:05,0.21405750798722045
07/11/2025 14:56:05,0.21405750798722045
07/11/2025 14:56:05,0.2297734627831715
07/11/2025 14:56:05,0.21794871794871795
07/11/2025 14:56:05,0.20634920634920634
07/11/2025 14:56:06,0.22186495176848875
07/11/2025 14:56:06,0.2459016393442623
07/11/2025 14:56:06,0.23778501628664495
07/11/2025 14:56:06,0.22580645161290322
07/11/2025 14:56:06,0.23778501628664495
07/11/2025 14:56:06,0.21019108280254778
07/11/2025 14:56:07,0.22580645161290322
07/11/2025 14:56:07,0.2459016393442623
07/11/2025 14:56:07,0.21019108280254778
07/11/2025 14:56:07,0.20634920634920634
07/11/2025 14:56:07,0.19122257053291536
07/11/2025 14:56:07,0.24183006535947713
07/11/2025 14:56:08,0.22186495176848875
07/11/2025 14:56:08,0.21405750798722045
07/11/2025 14:56:08,0.22580645161290322
07/11/2025 14:56:08,0.22186495176848875
07/11/2025 14:56:08,0.21405750798722045
07/11/2025 14:56:08,0.22580645161290322
07/11/2025 14:56:08,0.1875
07/11/2025 14:56:09,0.2582781456953642
07/11/2025 14:56:09,0.26245847176079734
07/11/2025 14:56:09,0.22186495176848875
07/11/2025 14:56:09,0.22580645161290322
07/11/2025 14:56:09,0.23778501628664495
07/11/2025 14:56:09,0.19873817034700317
07/11/2025 14:56:10,0.25
07/11/2025 14:56:10,0.21794871794871795
07/11/2025 14:56:10,0.21405750798722045
07/11/2025 14:56:10,0.21405750798722045
07/11/2025 14:56:10,0.22186495176848875
07/11/2025 14:56:10,0.22186495176848875
07/11/2025 14:56:11,0.24183006535947713
07/11/2025 14:56:11,0.21405750798722045
07/11/2025 14:56:11,0.21019108280254778
07/11/2025 14:56:11,0.2459016393442623
07/11/2025 14:56:11,0.20253164556962025
07/11/2025 14:56:11,0.21794871794871795
07/11/2025 14:56:12,0.21019108280254778
07/11/2025 14:56:12,0.20253164556962025
07/11/2025 14:56:12,0.21794871794871795
07/11/2025 14:56:12,0.19122257053291536
07/11/2025 14:56:12,0.23376623376623376
07/11/2025 14:56:12,0.20634920634920634
07/11/2025 14:56:13,0.1838006230529595
07/11/2025 14:56:13,0.20253164556962025
07/11/2025 14:56:13,0.21405750798722045
07/11/2025 14:56:13,0.18012422360248448
07/11/2025 14:56:13,0.2297734627831715
07/11/2025 14:56:13,0.21794871794871795
07/11/2025 14:56:14,0.2459016393442623
07/11/2025 14:56:14,0.20253164556962025
07/11/2025 14:56:14,0.21794871794871795
07/11/2025 14:56:14,0.20634920634920634
07/11/2025 14:56:14,0.23376623376623376
07/11/2025 14:56:14,0.21405750798722045
07/11/2025 14:56:14,0.23778501628664495
07/11/2025 14:56:15,0.21405750798722045
07/11/2025 14:56:15,0.23376623376623376
07/11/2025 14:56:15,0.19873817034700317
07/11/2025 14:56:15,0.19122257053291536
07/11/2025 14:56:15,0.20253164556962025
07/11/2025 14:56:15,0.1949685534591195
07/11/2025 14:56:16,0.20634920634920634
07/11/2025 14:56:16,0.20634920634920634
07/11/2025 14:56:16,0.22580645161290322
07/11/2025 14:56:16,0.1949685534591195
07/11/2025 14:56:16,0.22186495176848875
07/11/2025 14:56:16,0.21405750798722045
07/11/2025 14:56:17,0.23778501628664495
07/11/2025 14:56:17,0.21405750798722045
07/11/2025 14:56:17,0.21405750798722045
07/11/2025 14:56:17,0.21405750798722045
07/11/2025 14:56:17,0.23778501628664495
07/11/2025 14:56:17,0.20253164556962025
07/11/2025 14:56:18,0.23376623376623376
07/11/2025 14:56:18,0.22186495176848875
07/11/2025 14:56:18,0.2297734627831715
07/11/2025 14:56:18,0.2459016393442623
07/11/2025 14:56:18,0.2459016393442623
07/11/2025 14:56:18,0.19873817034700317
07/11/2025 14:56:18,0.21019108280254778
07/11/2025 14:56:19,0.24183006535947713
07/11/2025 14:56:19,0.23376623376623376
07/11/2025 14:56:19,0.2297734627831715
07/11/2025 14:56:19,0.23376623376623376
07/11/2025 14:56:19,0.21405750798722045
07/11/2025 14:56:19,0.23376623376623376
07/11/2025 14:56:20,0.20253164556962025
07/11/2025 14:56:20,0.19873817034700317
07/11/2025 14:56:20,0.1949685534591195
07/11/2025 14:56:20,0.17647058823529413
07/11/2025 14:56:20,0.21405750798722045
07/11/2025 14:56:20,0.24183006535947713
07/11/2025 14:56:21,0.25412541254125415
07/11/2025 14:56:21,0.25
07/11/2025 14:56:21,0.21405750798722045
07/11/2025 14:56:21,0.21794871794871795
07/11/2025 14:56:21,0.2459016393442623
07/11/2025 14:56:21,0.20634920634920634
07/11/2025 14:56:22,0.25
07/11/2025 14:56:22,0.22186495176848875
07/11/2025 14:56:22,0.2297734627831715
07/11/2025 14:56:22,0.22186495176848875
07/11/2025 14:56:22,0.2459016393442623
07/11/2025 14:56:22,0.1728395061728395
07/11/2025 14:56:23,0.2751677852348993
07/11/2025 14:56:23,0.21794871794871795
07/11/2025 14:56:23,0.20634920634920634
07/11/2025 14:56:23,0.23376623376623376
07/11/2025 14:56:23,0.22580645161290322
07/11/2025 14:56:23,0.22580645161290322
07/11/2025 14:56:24,0.21405750798722045
07/11/2025 14:56:24,0.19873817034700317
07/11/2025 14:56:24,0.20634920634920634
07/11/2025 14:56:24,0.22186495176848875
07/11/2025 14:56:24,0.2297734627831715
07/11/2025 14:56:24,0.1838006230529595
07/11/2025 14:56:25,0.21019108280254778
07/11/2025 14:56:25,0.21794871794871795
07/11/2025 14:56:25,0.21794871794871795
07/11/2025 14:56:25,0.23778501628664495
07/11/2025 14:56:25,0.21019108280254778
07/11/2025 14:56:25,0.19122257053291536
07/11/2025 14:56:25,0.21019108280254778
07/11/2025 14:56:26,0.22186495176848875
07/11/2025 14:56:26,0.21405750798722045
07/11/2025 14:56:26,0.22186495176848875
07/11/2025 14:56:26,0.19122257053291536
07/11/2025 14:56:26,0.21019108280254778
07/11/2025 14:56:26,0.1728395061728395
07/11/2025 14:56:27,0.23778501628664495
07/11/2025 14:56:27,0.2297734627831715
07/11/2025 14:56:27,0.20253164556962025
07/11/2025 14:56:27,0.23376623376623376
07/11/2025 14:56:27,0.21794871794871795
07/11/2025 14:56:27,0.2582781456953642
07/11/2025 14:56:28,0.22186495176848875
07/11/2025 14:56:28,0.2459016393442623
07/11/2025 14:56:28,0.21794871794871795
07/11/2025 14:56:28,0.21405750798722045
07/11/2025 14:56:28,0.2582781456953642
07/11/2025 14:56:28,0.19873817034700317
07/11/2025 14:56:28,0.1949685534591195
07/11/2025 14:56:29,0.2297734627831715
07/11/2025 14:56:29,0.23778501628664495
07/11/2025 14:56:29,0.20253164556962025
07/11/2025 14:56:29,0.24183006535947713
07/11/2025 14:56:29,0.2459016393442623
07/11/2025 14:56:29,0.2459016393442623
07/11/2025 14:56:30,0.20253164556962025
07/11/2025 14:56:30,0.22580645161290322
07/11/2025 14:56:30,0.21405750798722045
07/11/2025 14:56:30,0.21019108280254778
07/11/2025 14:56:30,0.2582781456953642
07/11/2025 14:56:30,0.21405750798722045
07/11/2025 14:56:31,0.2297734627831715
07/11/2025 14:56:31,0.22580645161290322
07/11/2025 14:56:31,0.19873817034700317
07/11/2025 14:56:31,0.27946127946127947
07/11/2025 14:56:31,0.20634920634920634
07/11/2025 14:56:31,0.21794871794871795
07/11/2025 14:56:31,0.21794871794871795
07/11/2025 14:56:32,0.21405750798722045
07/11/2025 14:56:32,0.20634920634920634
07/11/2025 14:56:32,0.1949685534591195
07/11/2025 14:56:32,0.21019108280254778
07/11/2025 14:56:32,0.24183006535947713
07/11/2025 14:56:32,0.20634920634920634
07/11/2025 14:56:33,0.1949685534591195
07/11/2025 14:56:33,0.19122257053291536
07/11/2025 14:56:33,0.20253164556962025
07/11/2025 14:56:33,0.1875
07/11/2025 14:56:33,0.2297734627831715
07/11/2025 14:56:33,0.21405750798722045
07/11/2025 14:56:33,0.21794871794871795
07/11/2025 14:56:34,0.2459016393442623
07/11/2025 14:56:34,0.22186495176848875
07/11/2025 14:56:34,0.22580645161290322
07/11/2025 14:56:34,0.21019108280254778
07/11/2025 14:56:34,0.21405750798722045
07/11/2025 14:56:34,0.23376623376623376
07/11/2025 14:56:35,0.25
07/11/2025 14:56:35,0.21794871794871795
07/11/2025 14:56:35,0.25
07/11/2025 14:56:35,0.26666666666666666
07/11/2025 14:56:35,0.23376623376623376
07/11/2025 14:56:35,0.20634920634920634
07/11/2025 14:56:36,0.23376623376623376
07/11/2025 14:56:36,0.21405750798722045
07/11/2025 14:56:36,0.2297734627831715
07/11/2025 14:56:36,0.22580645161290322
07/11/2025 14:56:36,0.2297734627831715
07/11/2025 14:56:36,0.25
07/11/2025 14:56:36,0.24183006535947713
07/11/2025 14:56:37,0.2297734627831715
07/11/2025 14:56:37,0.21794871794871795
07/11/2025 14:56:37,0.24183006535947713
07/11/2025 14:56:37,0.1949685534591195
07/11/2025 14:56:37,0.20634920634920634
07/11/2025 14:56:37,0.23778501628664495
07/11/2025 14:56:38,0.22186495176848875
07/11/2025 14:56:38,0.21019108280254778
07/11/2025 14:56:38,0.22186495176848875
07/11/2025 14:56:38,0.24183006535947713
07/11/2025 14:56:38,0.21405750798722045
07/11/2025 14:56:38,0.2459016393442623
07/11/2025 14:56:39,0.21405750798722045
07/11/2025 14:56:39,0.23376623376623376
07/11/2025 14:56:39,0.23778501628664495
07/11/2025 14:56:39,0.1728395061728395
07/11/2025 14:56:39,0.21019108280254778
07/11/2025 14:56:39,0.25
07/11/2025 14:56:39,0.20634920634920634
07/11/2025 14:56:40,0.22186495176848875
07/11/2025 14:56:40,0.22580645161290322
07/11/2025 14:56:40,0.22186495176848875
07/11/2025 14:56:40,0.2297734627831715
07/11/2025 14:56:40,0.20253164556962025
07/11/2025 14:56:40,0.21019108280254778
07/11/2025 14:56:41,0.21794871794871795
07/11/2025 14:56:41,0.25412541254125415
07/11/2025 14:56:41,0.20634920634920634
07/11/2025 14:56:41,0.2297734627831715
07/11/2025 14:56:41,0.21794871794871795
07/11/2025 14:56:41,0.22580645161290322
07/11/2025 14:56:41,0.18012422360248448
07/11/2025 14:56:42,0.21794871794871795
07/11/2025 14:56:42,0.21019108280254778
07/11/2025 14:56:42,0.26245847176079734
07/11/2025 14:56:42,0.26245847176079734
07/11/2025 14:56:42,0.21019108280254778
07/11/2025 14:56:42,0.22580645161290322
07/11/2025 14:56:43,0.2297734627831715
07/11/2025 14:56:43,0.23778501628664495
07/11/2025 14:56:43,0.24183006535947713
07/11/2025 14:56:43,0.21794871794871795
07/11/2025 14:56:43,0.2297734627831715
07/11/2025 14:56:43,0.2297734627831715
07/11/2025 14:56:44,0.25412541254125415
07/11/2025 14:56:44,0.22186495176848875
07/11/2025 14:56:44,0.2459016393442623
07/11/2025 14:56:44,0.1949685534591195
07/11/2025 14:56:44,0.22186495176848875
07/11/2025 14:56:44,0.1949685534591195
07/11/2025 14:56:45,0.23778501628664495
07/11/2025 14:56:45,0.21405750798722045
07/11/2025 14:56:45,0.22580645161290322
07/11/2025 14:56:45,0.20634920634920634
07/11/2025 14:56:45,0.22580645161290322
07/11/2025 14:56:45,0.21794871794871795
07/11/2025 14:56:45,0.24183006535947713
07/11/2025 14:56:46,0.25
07/11/2025 14:56:46,0.21794871794871795
07/11/2025 14:56:46,0.20253164556962025
07/11/2025 14:56:46,0.22580645161290322
07/11/2025 14:56:46,0.22186495176848875
07/11/2025 14:56:46,0.2297734627831715
07/11/2025 14:56:47,0.2297734627831715
07/11/2025 14:56:47,0.22186495176848875
07/11/2025 14:56:47,0.22580645161290322
07/11/2025 14:56:47,0.23778501628664495
07/11/2025 14:56:47,0.21405750798722045
07/11/2025 14:56:47,0.26666666666666666
07/11/2025 14:56:48,0.2459016393442623
07/11/2025 14:56:48,0.2297734627831715
07/11/2025 14:56:48,0.19122257053291536
07/11/2025 14:56:48,0.2297734627831715
07/11/2025 14:56:48,0.22580645161290322
07/11/2025 14:56:48,0.20634920634920634
07/11/2025 14:56:49,0.21794871794871795
07/11/2025 14:56:49,0.23376623376623376
07/11/2025 14:56:49,0.23778501628664495
07/11/2025 14:56:49,0.26245847176079734
07/11/2025 14:56:49,0.22186495176848875
07/11/2025 14:56:49,0.22580645161290322
07/11/2025 14:56:49,0.21794871794871795
07/11/2025 14:56:50,0.26666666666666666
07/11/2025 14:56:50,0.2582781456953642
07/11/2025 14:56:50,0.2297734627831715
07/11/2025 14:56:50,0.20253164556962025
07/11/2025 14:56:50,0.21405750798722045
07/11/2025 14:56:50,0.21019108280254778
07/11/2025 14:56:51,0.21794871794871795
07/11/2025 14:56:51,0.2459016393442623
07/11/2025 14:56:51,0.23376623376623376
07/11/2025 14:56:51,0.23778501628664495
07/11/2025 14:56:51,0.2297734627831715
07/11/2025 14:56:51,0.2582781456953642
07/11/2025 14:56:52,0.22186495176848875
07/11/2025 14:56:52,0.23376623376623376
07/11/2025 14:56:52,0.1875
07/11/2025 14:56:52,0.24183006535947713
07/11/2025 14:56:52,0.2297734627831715
07/11/2025 14:56:52,0.1949685534591195
07/11/2025 14:56:53,0.22186495176848875
07/11/2025 14:56:53,0.1949685534591195
07/11/2025 14:56:53,0.20253164556962025
07/11/2025 14:56:53,0.1949685534591195
07/11/2025 14:56:53,0.2297734627831715
07/11/2025 14:56:53,0.26245847176079734
07/11/2025 14:56:53,0.22186495176848875
07/11/2025 14:56:54,0.21405750798722045
07/11/2025 14:56:54,0.21794871794871795
07/11/2025 14:56:54,0.23376623376623376
07/11/2025 14:56:54,0.22186495176848875
07/11/2025 14:56:54,0.20634920634920634
07/11/2025 14:56:54,0.2459016393442623
07/11/2025 14:56:55,0.20253164556962025
07/11/2025 14:56:55,0.22580645161290322
07/11/2025 14:56:55,0.2297734627831715
07/11/2025 14:56:55,0.25
07/11/2025 14:56:55,0.26245847176079734
07/11/2025 14:56:55,0.19873817034700317
07/11/2025 14:56:56,0.20634920634920634
07/11/2025 14:56:56,0.23376623376623376
07/11/2025 14:56:56,0.22186495176848875
07/11/2025 14:56:56,0.23778501628664495
07/11/2025 14:56:56,0.21405750798722045
07/11/2025 14:56:56,0.22186495176848875
07/11/2025 14:56:56,0.22186495176848875
07/11/2025 14:56:57,0.25412541254125415
07/11/2025 14:56:57,0.21794871794871795
07/11/2025 14:56:57,0.19873817034700317
07/11/2025 14:56:57,0.20634920634920634
07/11/2025 14:56:57,0.21405750798722045
07/11/2025 14:56:57,0.2297734627831715
07/11/2025 14:56:58,0.21405750798722045
07/11/2025 14:56:58,0.21019108280254778
07/11/2025 14:56:58,0.24183006535947713
07/11/2025 14:56:58,0.20634920634920634
07/11/2025 14:56:58,0.19122257053291536
07/11/2025 14:56:58,0.19873817034700317
07/11/2025 14:56:59,0.16923076923076924
07/11/2025 14:56:59,0.2297734627831715
07/11/2025 14:56:59,0.23376623376623376
07/11/2025 14:56:59,0.21794871794871795
07/11/2025 14:56:59,0.2459016393442623
07/11/2025 14:56:59,0.22186495176848875
07/11/2025 14:56:59,0.21794871794871795
07/11/2025 14:57:00,0.1949685534591195
07/11/2025 14:57:00,0.19873817034700317
07/11/2025 14:57:00,0.1875
07/11/2025 14:57:00,0.22186495176848875
07/11/2025 14:57:00,0.25412541254125415
07/11/2025 14:57:00,0.21019108280254778
07/11/2025 14:57:01,0.21794871794871795
07/11/2025 14:57:01,0.19122257053291536
07/11/2025 14:57:01,0.1949685534591195
07/11/2025 14:57:01,0.23376623376623376
07/11/2025 14:57:01,0.23376623376623376
07/11/2025 14:57:01,0.24183006535947713
07/11/2025 14:57:02,0.21794871794871795
07/11/2025 14:57:02,0.22580645161290322
07/11/2025 14:57:02,0.22186495176848875
07/11/2025 14:57:02,0.1875
07/11/2025 14:57:02,0.2459016393442623
07/11/2025 14:57:02,0.2459016393442623
07/11/2025 14:57:03,0.22186495176848875
07/11/2025 14:57:03,0.24183006535947713
07/11/2025 14:57:03,0.2297734627831715
07/11/2025 14:57:03,0.19122257053291536
07/11/2025 14:57:03,0.2297734627831715
07/11/2025 14:57:03,0.22580645161290322
07/11/2025 14:57:04,0.23376623376623376
07/11/2025 14:57:04,0.21405750798722045
07/11/2025 14:57:04,0.19873817034700317
07/11/2025 14:57:04,0.2459016393442623
07/11/2025 14:57:04,0.2297734627831715
07/11/2025 14:57:04,0.2297734627831715
07/11/2025 14:57:04,0.23376623376623376
07/11/2025 14:57:05,0.2459016393442623
07/11/2025 14:57:05,0.22580645161290322
07/11/2025 14:57:05,0.1728395061728395
07/11/2025 14:57:05,0.21019108280254778
07/11/2025 14:57:05,0.26666666666666666
07/11/2025 14:57:05,0.21405750798722045
07/11/2025 14:57:06,0.21794871794871795
07/11/2025 14:57:06,0.22186495176848875
07/11/2025 14:57:06,0.21019108280254778
07/11/2025 14:57:06,0.25
07/11/2025 14:57:06,0.21405750798722045
07/11/2025 14:57:06,0.2297734627831715
07/11/2025 14:57:07,0.21019108280254778
07/11/2025 14:57:07,0.21019108280254778
07/11/2025 14:57:07,0.21794871794871795
07/11/2025 14:57:07,0.2297734627831715
07/11/2025 14:57:07,0.21405750798722045
07/11/2025 14:57:07,0.19873817034700317
07/11/2025 14:57:07,0.21405750798722045
07/11/2025 14:57:08,0.23778501628664495
07/11/2025 14:57:08,0.23778501628664495
07/11/2025 14:57:08,0.22186495176848875
07/11/2025 14:57:08,0.1875
07/11/2025 14:57:08,0.1838006230529595
07/11/2025 14:57:08,0.26245847176079734
07/11/2025 14:57:09,0.21405750798722045
07/11/2025 14:57:09,0.20634920634920634
07/11/2025 14:57:09,0.21405750798722045
07/11/2025 14:57:09,0.2459016393442623
07/11/2025 14:57:09,0.22186495176848875
07/11/2025 14:57:09,0.20634920634920634
07/11/2025 14:57:10,0.20634920634920634
07/11/2025 14:57:10,0.2297734627831715
07/11/2025 14:57:10,0.22186495176848875
07/11/2025 14:57:10,0.20253164556962025
07/11/2025 14:57:10,0.2297734627831715
07/11/2025 14:57:10,0.21405750798722045
07/11/2025 14:57:11,0.21405750798722045
07/11/2025 14:57:11,0.22580645161290322
07/11/2025 14:57:11,0.21794871794871795
07/11/2025 14:57:11,0.21794871794871795
07/11/2025 14:57:11,0.21019108280254778
07/11/2025 14:57:11,0.21794871794871795
07/11/2025 14:57:12,0.21019108280254778
07/11/2025 14:57:12,0.23778501628664495
07/11/2025 14:57:12,0.24183006535947713
07/11/2025 14:57:12,0.25412541254125415
07/11/2025 14:57:12,0.21794871794871795
07/11/2025 14:57:12,0.21794871794871795
07/11/2025 14:57:13,0.22580645161290322
07/11/2025 14:57:13,0.19873817034700317
07/11/2025 14:57:13,0.1838006230529595
07/11/2025 14:57:13,0.2297734627831715
07/11/2025 14:57:13,0.25412541254125415
07/11/2025 14:57:13,0.2297734627831715
07/11/2025 14:57:13,0.23778501628664495
07/11/2025 14:57:14,0.21019108280254778
07/11/2025 14:57:14,0.16923076923076924
07/11/2025 14:57:14,0.22186495176848875
07/11/2025 14:57:14,0.24183006535947713
07/11/2025 14:57:14,0.22186495176848875
07/11/2025 14:57:14,0.22186495176848875
07/11/2025 14:57:15,0.21019108280254778
07/11/2025 14:57:15,0.17647058823529413
07/11/2025 14:57:15,0.2751677852348993
07/11/2025 14:57:15,0.22580645161290322
07/11/2025 14:57:15,0.21794871794871795
07/11/2025 14:57:15,0.22580645161290322
07/11/2025 14:57:16,0.21019108280254778
07/11/2025 14:57:16,0.22580645161290322
07/11/2025 14:57:16,0.23778501628664495
07/11/2025 14:57:16,0.21019108280254778
07/11/2025 14:57:16,0.2459016393442623
07/11/2025 14:57:16,0.1728395061728395
07/11/2025 14:57:16,0.2297734627831715
07/11/2025 14:57:17,0.1949685534591195
07/11/2025 14:57:17,0.20253164556962025
07/11/2025 14:57:17,0.22580645161290322
07/11/2025 14:57:17,0.26666666666666666
07/11/2025 14:57:17,0.1838006230529595
07/11/2025 14:57:17,0.21019108280254778
07/11/2025 14:57:18,0.17647058823529413
07/11/2025 14:57:18,0.27946127946127947
07/11/2025 14:57:18,0.25
07/11/2025 14:57:18,0.20253164556962025
07/11/2025 14:57:18,0.23778501628664495
07/11/2025 14:57:18,0.25
07/11/2025 14:57:19,0.22186495176848875
07/11/2025 14:57:19,0.1838006230529595
07/11/2025 14:57:19,0.20253164556962025
07/11/2025 14:57:19,0.1656441717791411
07/11/2025 14:57:19,0.23376623376623376
07/11/2025 14:57:19,0.21019108280254778
07/11/2025 14:57:20,0.2297734627831715
07/11/2025 14:57:20,0.21405750798722045
07/11/2025 14:57:20,0.23778501628664495
07/11/2025 14:57:20,0.21794871794871795
07/11/2025 14:57:20,0.21405750798722045
07/11/2025 14:57:20,0.20253164556962025
07/11/2025 14:57:20,0.22186495176848875
07/11/2025 14:57:21,0.21794871794871795
07/11/2025 14:57:21,0.23778501628664495
07/11/2025 14:57:21,0.23778501628664495
07/11/2025 14:57:21,0.22186495176848875
07/11/2025 14:57:21,0.23778501628664495
07/11/2025 14:57:21,0.21019108280254778
07/11/2025 14:57:22,0.22186495176848875
07/11/2025 14:57:22,0.25
07/11/2025 14:57:22,0.25
07/11/2025 14:57:22,0.19122257053291536
07/11/2025 14:57:22,0.23376623376623376
07/11/2025 14:57:22,0.21405750798722045
07/11/2025 14:57:23,0.22186495176848875
07/11/2025 14:57:23,0.22580645161290322
07/11/2025 14:57:23,0.22186495176848875
07/11/2025 14:57:23,0.1949685534591195
07/11/2025 14:57:23,0.24183006535947713
07/11/2025 14:57:23,0.1838006230529595
07/11/2025 14:57:23,0.21794871794871795
07/11/2025 14:57:24,0.20253164556962025
07/11/2025 14:57:24,0.20253164556962025
07/11/2025 14:57:24,0.24183006535947713
07/11/2025 14:57:24,0.21405750798722045
07/11/2025 14:57:24,0.24183006535947713
07/11/2025 14:57:24,0.1875
07/11/2025 14:57:25,0.19873817034700317
07/11/2025 14:57:25,0.21019108280254778
07/11/2025 14:57:25,0.23376623376623376
07/11/2025 14:57:25,0.22186495176848875
07/11/2025 14:57:25,0.21405750798722045
07/11/2025 14:57:25,0.21019108280254778
07/11/2025 14:57:26,0.22186495176848875
07/11/2025 14:57:26,0.2297734627831715
07/11/2025 14:57:26,0.21405750798722045
07/11/2025 14:57:26,0.21794871794871795
07/11/2025 14:57:26,0.21019108280254778
07/11/2025 14:57:26,0.20634920634920634
07/11/2025 14:57:26,0.21405750798722045
07/11/2025 14:57:27,0.1838006230529595
07/11/2025 14:57:27,0.20634920634920634
07/11/2025 14:57:27,0.24183006535947713
07/11/2025 14:57:27,0.20634920634920634
07/11/2025 14:57:27,0.21405750798722045
07/11/2025 14:57:27,0.20253164556962025
07/11/2025 14:57:28,0.21019108280254778
07/11/2025 14:57:28,0.23376623376623376
07/11/2025 14:57:28,0.26245847176079734
07/11/2025 14:57:28,0.22580645161290322
07/11/2025 14:57:28,0.22580645161290322
07/11/2025 14:57:28,0.22580645161290322
07/11/2025 14:57:28,0.20253164556962025
07/11/2025 14:57:29,0.2297734627831715
07/11/2025 14:57:29,0.24183006535947713
07/11/2025 14:57:29,0.25412541254125415
07/11/2025 14:57:29,0.20253164556962025
07/11/2025 14:57:29,0.26245847176079734
07/11/2025 14:57:29,0.21019108280254778
07/11/2025 14:57:30,0.19873817034700317
07/11/2025 14:57:30,0.22186495176848875
07/11/2025 14:57:30,0.23778501628664495
07/11/2025 14:57:30,0.22186495176848875
07/11/2025 14:57:30,0.22186495176848875
07/11/2025 14:57:30,0.22186495176848875
07/11/2025 14:57:30,0.20634920634920634
07/11/2025 14:57:31,0.1838006230529595
07/11/2025 14:57:31,0.25
07/11/2025 14:57:31,0.20634920634920634
07/11/2025 14:57:31,0.21019108280254778
07/11/2025 14:57:31,0.1838006230529595
07/11/2025 14:57:31,0.21794871794871795
07/11/2025 14:57:32,0.23778501628664495
07/11/2025 14:57:32,0.25
07/11/2025 14:57:32,0.21794871794871795
07/11/2025 14:57:32,0.20634920634920634
07/11/2025 14:57:32,0.20253164556962025
07/11/2025 14:57:32,0.2297734627831715
07/11/2025 14:57:32,0.20253164556962025
07/11/2025 14:57:33,0.21794871794871795
07/11/2025 14:57:33,0.21794871794871795
07/11/2025 14:57:33,0.19873817034700317
07/11/2025 14:57:33,0.22186495176848875
07/11/2025 14:57:33,0.22580645161290322
07/11/2025 14:57:33,0.1949685534591195
07/11/2025 14:57:34,0.21794871794871795
07/11/2025 14:57:34,0.2297734627831715
07/11/2025 14:57:34,0.23778501628664495
07/11/2025 14:57:34,0.22186495176848875
07/11/2025 14:57:34,0.17647058823529413
07/11/2025 14:57:34,0.2459016393442623
07/11/2025 14:57:35,0.20253164556962025
07/11/2025 14:57:35,0.20634920634920634
07/11/2025 14:57:35,0.21019108280254778
07/11/2025 14:57:35,0.21794871794871795
07/11/2025 14:57:35,0.21405750798722045
07/11/2025 14:57:35,0.2297734627831715
07/11/2025 14:57:36,0.20253164556962025
07/11/2025 14:57:36,0.2459016393442623
07/11/2025 14:57:36,0.1949685534591195
07/11/2025 14:57:36,0.23376623376623376
07/11/2025 14:57:36,0.21019108280254778
07/11/2025 14:57:36,0.23778501628664495
07/11/2025 14:57:36,0.21405750798722045
07/11/2025 14:57:37,0.22186495176848875
07/11/2025 14:57:37,0.20253164556962025
07/11/2025 14:57:37,0.19122257053291536
07/11/2025 14:57:37,0.1656441717791411
07/11/2025 14:57:37,0.20634920634920634
07/11/2025 14:57:37,0.21405750798722045
07/11/2025 14:57:38,0.2297734627831715
07/11/2025 14:57:38,0.2459016393442623
07/11/2025 14:57:38,0.23778501628664495
07/11/2025 14:57:38,0.22580645161290322
07/11/2025 14:57:38,0.1949685534591195
07/11/2025 14:57:38,0.2297734627831715
07/11/2025 14:57:39,0.2297734627831715
07/11/2025 14:57:39,0.23778501628664495
07/11/2025 14:57:39,0.21405750798722045
07/11/2025 14:57:39,0.1728395061728395
07/11/2025 14:57:39,0.21405750798722045
07/11/2025 14:57:39,0.23376623376623376
07/11/2025 14:57:39,0.21794871794871795
07/11/2025 14:57:40,0.22186495176848875
07/11/2025 14:57:40,0.22186495176848875
07/11/2025 14:57:40,0.2582781456953642
07/11/2025 14:57:40,0.22580645161290322
07/11/2025 14:57:40,0.2297734627831715
07/11/2025 14:57:40,0.21794871794871795
07/11/2025 14:57:41,0.22186495176848875
07/11/2025 14:57:41,0.21794871794871795
07/11/2025 14:57:41,0.1949685534591195
07/11/2025 14:57:41,0.23376623376623376
07/11/2025 14:57:41,0.22186495176848875
07/11/2025 14:57:41,0.2297734627831715
07/11/2025 14:57:41,0.21405750798722045
07/11/2025 14:57:42,0.22580645161290322
07/11/2025 14:57:42,0.23376623376623376
07/11/2025 14:57:42,0.20253164556962025
07/11/2025 14:57:42,0.21405750798722045
07/11/2025 14:57:42,0.24183006535947713
07/11/2025 14:57:42,0.21405750798722045
07/11/2025 14:57:43,0.20634920634920634
07/11/2025 14:57:43,0.22580645161290322
07/11/2025 14:57:43,0.21405750798722045
07/11/2025 14:57:43,0.22580645161290322
07/11/2025 14:57:43,0.2751677852348993
07/11/2025 14:57:43,0.1838006230529595
07/11/2025 14:57:44,0.22186495176848875
07/11/2025 14:57:44,0.2459016393442623
07/11/2025 14:57:44,0.21019108280254778
07/11/2025 14:57:44,0.2709030100334448
07/11/2025 14:57:44,0.23376623376623376
07/11/2025 14:57:44,0.1728395061728395
07/11/2025 14:57:45,0.20253164556962025
07/11/2025 14:57:45,0.21794871794871795
07/11/2025 14:57:45,0.20253164556962025
07/11/2025 14:57:45,0.22186495176848875
07/11/2025 14:57:45,0.26666666666666666
07/11/2025 14:57:45,0.21794871794871795
07/11/2025 14:57:45,0.1838006230529595
07/11/2025 14:57:46,0.20634920634920634
07/11/2025 14:57:46,0.1949685534591195
07/11/2025 14:57:46,0.23376623376623376
07/11/2025 14:57:46,0.1875
07/11/2025 14:57:46,0.25
07/11/2025 14:57:46,0.23376623376623376
07/11/2025 14:57:47,0.19122257053291536
07/11/2025 14:57:47,0.21405750798722045
07/11/2025 14:57:47,0.20253164556962025
07/11/2025 14:57:47,0.25
07/11/2025 14:57:47,0.25
07/11/2025 14:57:47,0.1838006230529595
07/11/2025 14:57:47,0.22186495176848875
07/11/2025 14:57:48,0.20253164556962025
07/11/2025 14:57:48,0.22186495176848875
07/11/2025 14:57:48,0.1875
07/11/2025 14:57:48,0.20634920634920634
07/11/2025 14:57:48,0.24183006535947713
07/11/2025 14:57:48,0.2297734627831715
07/11/2025 14:57:49,0.2459016393442623
07/11/2025 14:57:49,0.2297734627831715
07/11/2025 14:57:49,0.21794871794871795
07/11/2025 14:57:49,0.26666666666666666
07/11/2025 14:57:49,0.23376623376623376
07/11/2025 14:57:50,0.19873817034700317
07/11/2025 14:57:50,0.21794871794871795
07/11/2025 14:57:50,0.20253164556962025
07/11/2025 14:57:50,0.25
07/11/2025 14:57:50,0.1949685534591195
07/11/2025 14:57:50,0.25
07/11/2025 14:57:50,0.20634920634920634
07/11/2025 14:57:51,0.22186495176848875
07/11/2025 14:57:51,0.23778501628664495
07/11/2025 14:57:51,0.25412541254125415
07/11/2025 14:57:51,0.2297734627831715
07/11/2025 14:57:51,0.21794871794871795
07/11/2025 14:57:51,0.23376623376623376
07/11/2025 14:57:52,0.22186495176848875
07/11/2025 14:57:52,0.2459016393442623
07/11/2025 14:57:52,0.19873817034700317
07/11/2025 14:57:52,0.20634920634920634
07/11/2025 14:57:52,0.21405750798722045
07/11/2025 14:57:52,0.1838006230529595
07/11/2025 14:57:52,0.22580645161290322
07/11/2025 14:57:53,0.23376623376623376
07/11/2025 14:57:53,0.22186495176848875
07/11/2025 14:57:53,0.25
07/11/2025 14:57:53,0.22580645161290322
07/11/2025 14:57:53,0.23376623376623376
07/11/2025 14:57:53,0.23778501628664495
07/11/2025 14:57:54,0.26666666666666666
07/11/2025 14:57:54,0.2582781456953642
07/11/2025 14:57:54,0.21019108280254778
07/11/2025 14:57:54,0.2297734627831715
07/11/2025 14:57:54,0.25412541254125415
07/11/2025 14:57:54,0.22186495176848875
07/11/2025 14:57:55,0.19122257053291536
07/11/2025 14:57:55,0.21019108280254778
07/11/2025 14:57:55,0.22580645161290322
07/11/2025 14:57:55,0.24183006535947713
07/11/2025 14:57:55,0.21794871794871795
07/11/2025 14:57:55,0.21019108280254778
07/11/2025 14:57:55,0.21794871794871795
07/11/2025 14:57:56,0.24183006535947713
07/11/2025 14:57:56,0.24183006535947713
07/11/2025 14:57:56,0.21019108280254778
07/11/2025 14:57:56,0.21405750798722045
07/11/2025 14:57:56,0.21405750798722045
07/11/2025 14:57:56,0.19873817034700317
07/11/2025 14:57:57,0.21405750798722045
07/11/2025 14:57:57,0.23778501628664495
07/11/2025 14:57:57,0.21019108280254778
07/11/2025 14:57:57,0.20253164556962025
07/11/2025 14:57:57,0.24183006535947713
07/11/2025 14:57:57,0.26666666666666666
07/11/2025 14:57:58,0.25
07/11/2025 14:57:58,0.22580645161290322
07/11/2025 14:57:58,0.22580645161290322
07/11/2025 14:57:58,0.22580645161290322
07/11/2025 14:57:58,0.21794871794871795
07/11/2025 14:57:58,0.21019108280254778
07/11/2025 14:57:58,0.2459016393442623
07/11/2025 14:57:59,0.19873817034700317
07/11/2025 14:57:59,0.22580645161290322
07/11/2025 14:57:59,0.22186495176848875
07/11/2025 14:57:59,0.1875
07/11/2025 14:57:59,0.21794871794871795
07/11/2025 14:57:59,0.23778501628664495
07/11/2025 14:58:00,0.22580645161290322
07/11/2025 14:58:00,0.20253164556962025
07/11/2025 14:58:00,0.20253164556962025
07/11/2025 14:58:00,0.22186495176848875
07/11/2025 14:58:00,0.1949685534591195
07/11/2025 14:58:00,0.19122257053291536
07/11/2025 14:58:01,0.21794871794871795
07/11/2025 14:58:01,0.21405750798722045
07/11/2025 14:58:01,0.23376623376623376
07/11/2025 14:58:01,0.22186495176848875
07/11/2025 14:58:01,0.25412541254125415
07/11/2025 14:58:01,0.22580645161290322
07/11/2025 14:58:02,0.25412541254125415
07/11/2025 14:58:02,0.25
07/11/2025 14:58:02,0.26666666666666666
07/11/2025 14:58:02,0.2297734627831715
07/11/2025 14:58:02,0.22580645161290322
07/11/2025 14:58:02,0.21019108280254778
07/11/2025 14:58:03,0.19873817034700317
07/11/2025 14:58:03,0.23778501628664495
07/11/2025 14:58:03,0.26666666666666666
07/11/2025 14:58:03,0.21405750798722045
07/11/2025 14:58:03,0.22186495176848875
07/11/2025 14:58:03,0.2582781456953642
07/11/2025 14:58:03,0.23376623376623376
07/11/2025 14:58:04,0.23778501628664495
07/11/2025 14:58:04,0.21794871794871795
07/11/2025 14:58:04,0.2582781456953642
07/11/2025 14:58:04,0.21019108280254778
07/11/2025 14:58:04,0.2297734627831715
07/11/2025 14:58:04,0.26245847176079734
07/11/2025 14:58:05,0.23376623376623376
07/11/2025 14:58:05,0.21794871794871795
07/11/2025 14:58:05,0.21405750798722045
07/11/2025 14:58:05,0.21794871794871795
07/11/2025 14:58:05,0.2582781456953642
07/11/2025 14:58:05,0.20253164556962025
07/11/2025 14:58:05,0.25
07/11/2025 14:58:06,0.2297734627831715
07/11/2025 14:58:06,0.19122257053291536
07/11/2025 14:58:06,0.2297734627831715
07/11/2025 14:58:06,0.2709030100334448
07/11/2025 14:58:06,0.2297734627831715
07/11/2025 14:58:06,0.22186495176848875
07/11/2025 14:58:07,0.20253164556962025
07/11/2025 14:58:07,0.21019108280254778
07/11/2025 14:58:07,0.21405750798722045
07/11/2025 14:58:07,0.21019108280254778
07/11/2025 14:58:07,0.20634920634920634
07/11/2025 14:58:07,0.21794871794871795
07/11/2025 14:58:08,0.22580645161290322
07/11/2025 14:58:08,0.22186495176848875
07/11/2025 14:58:08,0.1949685534591195
07/11/2025 14:58:08,0.2297734627831715
07/11/2025 14:58:08,0.25
07/11/2025 14:58:08,0.25412541254125415
07/11/2025 14:58:08,0.19873817034700317
07/11/2025 14:58:09,0.26245847176079734
07/11/2025 14:58:09,0.16923076923076924
07/11/2025 14:58:09,0.20253164556962025
07/11/2025 14:58:09,0.22580645161290322
07/11/2025 14:58:09,0.21794871794871795
07/11/2025 14:58:09,0.25412541254125415
07/11/2025 14:58:10,0.23376623376623376
07/11/2025 14:58:10,0.23778501628664495
07/11/2025 14:58:10,0.21019108280254778
07/11/2025 14:58:10,0.2297734627831715
07/11/2025 14:58:10,0.21794871794871795
07/11/2025 14:58:10,0.24183006535947713
07/11/2025 14:58:10,0.22580645161290322
07/11/2025 14:58:11,0.1949685534591195
07/11/2025 14:58:11,0.19122257053291536
07/11/2025 14:58:11,0.22580645161290322
07/11/2025 14:58:11,0.1838006230529595
07/11/2025 14:58:11,0.23376623376623376
07/11/2025 14:58:11,0.2297734627831715
07/11/2025 14:58:12,0.22580645161290322
07/11/2025 14:58:12,0.22186495176848875
07/11/2025 14:58:12,0.19873817034700317
07/11/2025 14:58:12,0.24183006535947713
07/11/2025 14:58:12,0.1949685534591195
07/11/2025 14:58:12,0.1838006230529595
07/11/2025 14:58:13,0.21794871794871795
07/11/2025 14:58:13,0.23376623376623376
07/11/2025 14:58:13,0.21405750798722045
07/11/2025 14:58:13,0.21405750798722045
07/11/2025 14:58:13,0.23778501628664495
07/11/2025 14:58:13,0.21405750798722045
07/11/2025 14:58:13,0.22580645161290322
07/11/2025 14:58:14,0.23376623376623376
07/11/2025 14:58:14,0.20634920634920634
07/11/2025 14:58:14,0.1949685534591195
07/11/2025 14:58:14,0.20634920634920634
07/11/2025 14:58:14,0.23778501628664495
07/11/2025 14:58:14,0.20634920634920634
07/11/2025 14:58:15,0.25
07/11/2025 14:58:15,0.2582781456953642
07/11/2025 14:58:15,0.25
07/11/2025 14:58:15,0.21019108280254778
07/11/2025 14:58:15,0.26666666666666666
07/11/2025 14:58:15,0.1949685534591195
07/11/2025 14:58:16,0.21794871794871795
07/11/2025 14:58:16,0.20253164556962025
07/11/2025 14:58:16,0.24183006535947713
07/11/2025 14:58:16,0.21794871794871795
07/11/2025 14:58:16,0.22186495176848875
07/11/2025 14:58:16,0.22186495176848875
07/11/2025 14:58:17,0.19873817034700317
07/11/2025 14:58:17,0.2297734627831715
07/11/2025 14:58:17,0.1949685534591195
07/11/2025 14:58:17,0.2751677852348993
07/11/2025 14:58:17,0.22186495176848875
07/11/2025 14:58:17,0.23376623376623376
07/11/2025 14:58:18,0.22186495176848875
07/11/2025 14:58:18,0.23376623376623376
07/11/2025 14:58:18,0.22580645161290322
07/11/2025 14:58:18,0.23376623376623376
07/11/2025 14:58:18,0.2297734627831715
07/11/2025 14:58:18,0.18012422360248448
07/11/2025 14:58:19,0.21794871794871795
07/11/2025 14:58:19,0.21019108280254778
07/11/2025 14:58:19,0.22580645161290322
07/11/2025 14:58:19,0.23778501628664495
07/11/2025 14:58:19,0.24183006535947713
07/11/2025 14:58:19,0.21794871794871795
07/11/2025 14:58:20,0.21405750798722045
07/11/2025 14:58:20,0.22186495176848875
07/11/2025 14:58:20,0.2459016393442623
07/11/2025 14:58:20,0.25
07/11/2025 14:58:20,0.21794871794871795
07/11/2025 14:58:20,0.24183006535947713
07/11/2025 14:58:20,0.2459016393442623
07/11/2025 14:58:21,0.20634920634920634
07/11/2025 14:58:21,0.20253164556962025
07/11/2025 14:58:21,0.22580645161290322
07/11/2025 14:58:21,0.22186495176848875
07/11/2025 14:58:21,0.25
07/11/2025 14:58:21,0.23376623376623376
07/11/2025 14:58:22,0.23778501628664495
07/11/2025 14:58:22,0.2582781456953642
07/11/2025 14:58:22,0.21794871794871795
07/11/2025 14:58:22,0.21794871794871795
07/11/2025 14:58:22,0.21405750798722045
07/11/2025 14:58:22,0.23778501628664495
07/11/2025 14:58:23,0.2297734627831715
07/11/2025 14:58:23,0.20634920634920634
07/11/2025 14:58:23,0.21019108280254778
07/11/2025 14:58:23,0.2297734627831715
07/11/2025 14:58:23,0.19873817034700317
07/11/2025 14:58:23,0.24183006535947713
07/11/2025 14:58:24,0.1949685534591195
07/11/2025 14:58:24,0.24183006535947713
07/11/2025 14:58:24,0.20634920634920634
07/11/2025 14:58:24,0.20634920634920634
07/11/2025 14:58:24,0.21405750798722045
07/11/2025 14:58:24,0.20634920634920634
07/11/2025 14:58:24,0.24183006535947713
07/11/2025 14:58:25,0.21019108280254778
07/11/2025 14:58:25,0.24183006535947713
07/11/2025 14:58:25,0.22186495176848875
07/11/2025 14:58:25,0.20634920634920634
07/11/2025 14:58:25,0.20253164556962025
07/11/2025 14:58:25,0.2459016393442623
07/11/2025 14:58:26,0.2297734627831715
07/11/2025 14:58:26,0.24183006535947713
07/11/2025 14:58:26,0.2459016393442623
07/11/2025 14:58:26,0.23376623376623376
07/11/2025 14:58:26,0.1656441717791411
07/11/2025 14:58:26,0.2459016393442623
07/11/2025 14:58:27,0.21405750798722045
07/11/2025 14:58:27,0.25
07/11/2025 14:58:27,0.21019108280254778
07/11/2025 14:58:27,0.20253164556962025
07/11/2025 14:58:27,0.22186495176848875
07/11/2025 14:58:27,0.21019108280254778
07/11/2025 14:58:28,0.21405750798722045
07/11/2025 14:58:28,0.22580645161290322
07/11/2025 14:58:28,0.2459016393442623
07/11/2025 14:58:28,0.25412541254125415
07/11/2025 14:58:28,0.21019108280254778
07/11/2025 14:58:28,0.2297734627831715
07/11/2025 14:58:28,0.20253164556962025
07/11/2025 14:58:29,0.21405750798722045
07/11/2025 14:58:29,0.23778501628664495
07/11/2025 14:58:29,0.20634920634920634
07/11/2025 14:58:29,0.20634920634920634
07/11/2025 14:58:29,0.23778501628664495
07/11/2025 14:58:29,0.21794871794871795
07/11/2025 14:58:30,0.21405750798722045
07/11/2025 14:58:30,0.19873817034700317
07/11/2025 14:58:30,0.23376623376623376
07/11/2025 14:58:30,0.22186495176848875
07/11/2025 14:58:30,0.2459016393442623
07/11/2025 14:58:30,0.21405750798722045
07/11/2025 14:58:31,0.1838006230529595
07/11/2025 14:58:31,0.2297734627831715
07/11/2025 14:58:31,0.21794871794871795
07/11/2025 14:58:31,0.21405750798722045
07/11/2025 14:58:31,0.22580645161290322
07/11/2025 14:58:31,0.22186495176848875
07/11/2025 14:58:31,0.22186495176848875
07/11/2025 14:58:32,0.1949685534591195
07/11/2025 14:58:32,0.23376623376623376
07/11/2025 14:58:32,0.22186495176848875
07/11/2025 14:58:32,0.1949685534591195
07/11/2025 14:58:32,0.20253164556962025
07/11/2025 14:58:32,0.2297734627831715
07/11/2025 14:58:33,0.22580645161290322
07/11/2025 14:58:33,0.23778501628664495
07/11/2025 14:58:33,0.2459016393442623
07/11/2025 14:58:33,0.2297734627831715
07/11/2025 14:58:33,0.19873817034700317
07/11/2025 14:58:33,0.21019108280254778
07/11/2025 14:58:34,0.1875
07/11/2025 14:58:34,0.22186495176848875
07/11/2025 14:58:34,0.22580645161290322
07/11/2025 14:58:34,0.23376623376623376
07/11/2025 14:58:34,0.21405750798722045
07/11/2025 14:58:34,0.22580645161290322
07/11/2025 14:58:34,0.24183006535947713
07/11/2025 14:58:35,0.21405750798722045
07/11/2025 14:58:35,0.19873817034700317
07/11/2025 14:58:35,0.23376623376623376
07/11/2025 14:58:35,0.23376623376623376
07/11/2025 14:58:35,0.20253164556962025
07/11/2025 14:58:35,0.21019108280254778
07/11/2025 14:58:36,0.24183006535947713
07/11/2025 14:58:36,0.22580645161290322
07/11/2025 14:58:36,0.2582781456953642
07/11/2025 14:58:36,0.21019108280254778
07/11/2025 14:58:36,0.23778501628664495
07/11/2025 14:58:36,0.1875
07/11/2025 14:58:36,0.2751677852348993
07/11/2025 14:58:37,0.21794871794871795
07/11/2025 14:58:37,0.21405750798722045
07/11/2025 14:58:37,0.19873817034700317
07/11/2025 14:58:37,0.1875
07/11/2025 14:58:37,0.2297734627831715
07/11/2025 14:58:37,0.19873817034700317
07/11/2025 14:58:38,0.25412541254125415
07/11/2025 14:58:38,0.26666666666666666
07/11/2025 14:58:38,0.21794871794871795
07/11/2025 14:58:38,0.23376623376623376
07/11/2025 14:58:38,0.20634920634920634
07/11/2025 14:58:38,0.20634920634920634
07/11/2025 14:58:38,0.21019108280254778
07/11/2025 14:58:39,0.21405750798722045
07/11/2025 14:58:39,0.1949685534591195
07/11/2025 14:58:39,0.23376623376623376
07/11/2025 14:58:39,0.19122257053291536
07/11/2025 14:58:39,0.23376623376623376
07/11/2025 14:58:39,0.20634920634920634
07/11/2025 14:58:40,0.23778501628664495
07/11/2025 14:58:40,0.23376623376623376
07/11/2025 14:58:40,0.22580645161290322
07/11/2025 14:58:40,0.1949685534591195
07/11/2025 14:58:40,0.25412541254125415
07/11/2025 14:58:40,0.1875
07/11/2025 14:58:41,0.1949685534591195
07/11/2025 14:58:41,0.23376623376623376
07/11/2025 14:58:41,0.24183006535947713
07/11/2025 14:58:41,0.2582781456953642
07/11/2025 14:58:41,0.23376623376623376
07/11/2025 14:58:41,0.23778501628664495
07/11/2025 14:58:41,0.21405750798722045
07/11/2025 14:58:42,0.21405750798722045
07/11/2025 14:58:42,0.21794871794871795
07/11/2025 14:58:42,0.22186495176848875
07/11/2025 14:58:42,0.20634920634920634
07/11/2025 14:58:42,0.22186495176848875
07/11/2025 14:58:42,0.20634920634920634
07/11/2025 14:58:42,0.1949685534591195
07/11/2025 14:58:43,0.21794871794871795
07/11/2025 14:58:43,0.22580645161290322
07/11/2025 14:58:43,0.26245847176079734
07/11/2025 14:58:43,0.2297734627831715
07/11/2025 14:58:43,0.23376623376623376
07/11/2025 14:58:43,0.2582781456953642
07/11/2025 14:58:44,0.1875
07/11/2025 14:58:44,0.19873817034700317
07/11/2025 14:58:44,0.25412541254125415
07/11/2025 14:58:44,0.21019108280254778
07/11/2025 14:58:44,0.19873817034700317
07/11/2025 14:58:44,0.25
07/11/2025 14:58:44,0.1838006230529595
07/11/2025 14:58:45,0.22186495176848875
07/11/2025 14:58:45,0.1949685534591195
07/11/2025 14:58:45,0.22580645161290322
07/11/2025 14:58:45,0.20634920634920634
07/11/2025 14:58:45,0.18012422360248448
07/11/2025 14:58:45,0.21019108280254778
07/11/2025 14:58:46,0.21019108280254778
07/11/2025 14:58:46,0.21405750798722045
07/11/2025 14:58:46,0.1949685534591195
07/11/2025 14:58:46,0.23376623376623376
07/11/2025 14:58:46,0.20634920634920634
07/11/2025 14:58:46,0.23778501628664495
07/11/2025 14:58:47,0.24183006535947713
07/11/2025 14:58:47,0.23376623376623376
07/11/2025 14:58:47,0.23778501628664495
07/11/2025 14:58:47,0.25
07/11/2025 14:58:47,0.20634920634920634
07/11/2025 14:58:47,0.21794871794871795
07/11/2025 14:58:48,0.2582781456953642
07/11/2025 14:58:48,0.2297734627831715
07/11/2025 14:58:48,0.22580645161290322
07/11/2025 14:58:48,0.20253164556962025
07/11/2025 14:58:48,0.22186495176848875
07/11/2025 14:58:48,0.19122257053291536
07/11/2025 14:58:48,0.23376623376623376
07/11/2025 14:58:49,0.25412541254125415
07/11/2025 14:58:49,0.23376623376623376
07/11/2025 14:58:49,0.23376623376623376
07/11/2025 14:58:49,0.2582781456953642
07/11/2025 14:58:49,0.16923076923076924
07/11/2025 14:58:49,0.20253164556962025
07/11/2025 14:58:50,0.23778501628664495
07/11/2025 14:58:50,0.24183006535947713
07/11/2025 14:58:50,0.23778501628664495
07/11/2025 14:58:50,0.20634920634920634
07/11/2025 14:58:50,0.21405750798722045
07/11/2025 14:58:50,0.22580645161290322
07/11/2025 14:58:51,0.20634920634920634
07/11/2025 14:58:51,0.22580645161290322
07/11/2025 14:58:51,0.26666666666666666
07/11/2025 14:58:51,0.1875
07/11/2025 14:58:51,0.17647058823529413
07/11/2025 14:58:51,0.23778501628664495
07/11/2025 14:58:51,0.22580645161290322
07/11/2025 14:58:52,0.2297734627831715
07/11/2025 14:58:52,0.1838006230529595
07/11/2025 14:58:52,0.2297734627831715
07/11/2025 14:58:52,0.23376623376623376
07/11/2025 14:58:52,0.1949685534591195
07/11/2025 14:58:52,0.22580645161290322
07/11/2025 14:58:53,0.21019108280254778
07/11/2025 14:58:53,0.2297734627831715
07/11/2025 14:58:53,0.20253164556962025
07/11/2025 14:58:53,0.25412541254125415
07/11/2025 14:58:53,0.2297734627831715
07/11/2025 14:58:53,0.21019108280254778
07/11/2025 14:58:54,0.21019108280254778
07/11/2025 14:58:54,0.2297734627831715
07/11/2025 14:58:54,0.23778501628664495
07/11/2025 14:58:54,0.21405750798722045
07/11/2025 14:58:54,0.23778501628664495
07/11/2025 14:58:54,0.19873817034700317
07/11/2025 14:58:55,0.21794871794871795
07/11/2025 14:58:55,0.25
07/11/2025 14:58:55,0.21405750798722045
07/11/2025 14:58:55,0.2582781456953642
07/11/2025 14:58:55,0.21405750798722045
07/11/2025 14:58:55,0.2297734627831715
07/11/2025 14:58:55,0.23376623376623376
07/11/2025 14:58:56,0.2297734627831715
07/11/2025 14:58:56,0.22580645161290322
07/11/2025 14:58:56,0.21405750798722045
07/11/2025 14:58:56,0.21405750798722045
07/11/2025 14:58:56,0.21405750798722045
07/11/2025 14:58:56,0.2459016393442623
07/11/2025 14:58:57,0.24183006535947713
07/11/2025 14:58:57,0.2459016393442623
07/11/2025 14:58:57,0.19873817034700317
07/11/2025 14:58:57,0.21794871794871795
07/11/2025 14:58:57,0.21019108280254778
07/11/2025 14:58:57,0.23376623376623376
07/11/2025 14:58:58,0.24183006535947713
07/11/2025 14:58:58,0.1875
07/11/2025 14:58:58,0.21019108280254778
07/11/2025 14:58:58,0.20634920634920634
07/11/2025 14:58:58,0.2582781456953642
07/11/2025 14:58:58,0.22580645161290322
07/11/2025 14:58:59,0.22580645161290322
07/11/2025 14:58:59,0.23778501628664495
07/11/2025 14:58:59,0.21405750798722045
07/11/2025 14:58:59,0.20634920634920634
07/11/2025 14:58:59,0.22580645161290322
07/11/2025 14:58:59,0.24183006535947713
07/11/2025 14:58:59,0.21405750798722045
07/11/2025 14:59:00,0.18012422360248448
07/11/2025 14:59:00,0.20634920634920634
07/11/2025 14:59:00,0.21405750798722045
07/11/2025 14:59:00,0.22186495176848875
07/11/2025 14:59:00,0.21405750798722045
07/11/2025 14:59:00,0.22186495176848875
07/11/2025 14:59:01,0.2459016393442623
07/11/2025 14:59:01,0.24183006535947713
07/11/2025 14:59:01,0.23376623376623376
07/11/2025 14:59:01,0.23376623376623376
07/11/2025 14:59:01,0.23778501628664495
07/11/2025 14:59:01,0.21405750798722045
07/11/2025 14:59:02,0.21405750798722045
07/11/2025 14:59:02,0.21405750798722045
07/11/2025 14:59:02,0.1875
07/11/2025 14:59:02,0.22580645161290322
07/11/2025 14:59:02,0.2459016393442623
07/11/2025 14:59:02,0.21405750798722045
07/11/2025 14:59:03,0.23778501628664495
07/11/2025 14:59:03,0.21405750798722045
07/11/2025 14:59:03,0.2297734627831715
07/11/2025 14:59:03,0.22580645161290322
07/11/2025 14:59:03,0.1949685534591195
07/11/2025 14:59:03,0.23376623376623376
07/11/2025 14:59:03,0.21019108280254778
07/11/2025 14:59:04,0.2297734627831715
07/11/2025 14:59:04,0.20634920634920634
07/11/2025 14:59:04,0.20634920634920634
07/11/2025 14:59:04,0.25412541254125415
07/11/2025 14:59:04,0.19122257053291536
07/11/2025 14:59:04,0.20253164556962025
07/11/2025 14:59:05,0.1875
07/11/2025 14:59:05,0.21405750798722045
07/11/2025 14:59:05,0.2297734627831715
07/11/2025 14:59:05,0.21405750798722045
07/11/2025 14:59:05,0.2297734627831715
07/11/2025 14:59:05,0.22580645161290322
07/11/2025 14:59:06,0.23376623376623376
07/11/2025 14:59:06,0.2459016393442623
07/11/2025 14:59:06,0.25
07/11/2025 14:59:06,0.2459016393442623
07/11/2025 14:59:06,0.24183006535947713
07/11/2025 14:59:06,0.23778501628664495
07/11/2025 14:59:06,0.23376623376623376
07/11/2025 14:59:07,0.21794871794871795
07/11/2025 14:59:07,0.24183006535947713
07/11/2025 14:59:07,0.21019108280254778
07/11/2025 14:59:07,0.23376623376623376
07/11/2025 14:59:07,0.22580645161290322
07/11/2025 14:59:07,0.25
07/11/2025 14:59:08,0.21405750798722045
07/11/2025 14:59:08,0.22580645161290322
07/11/2025 14:59:08,0.21794871794871795
07/11/2025 14:59:08,0.21794871794871795
07/11/2025 14:59:08,0.21019108280254778
07/11/2025 14:59:08,0.22186495176848875
07/11/2025 14:59:09,0.21794871794871795
07/11/2025 14:59:09,0.20253164556962025
07/11/2025 14:59:09,0.20253164556962025
07/11/2025 14:59:09,0.25
07/11/2025 14:59:09,0.2297734627831715
07/11/2025 14:59:09,0.22186495176848875
07/11/2025 14:59:09,0.23376623376623376
07/11/2025 14:59:10,0.22186495176848875
07/11/2025 14:59:10,0.20253164556962025
07/11/2025 14:59:10,0.2297734627831715
07/11/2025 14:59:10,0.25412541254125415
07/11/2025 14:59:10,0.24183006535947713
07/11/2025 14:59:10,0.19122257053291536
07/11/2025 14:59:11,0.21794871794871795
07/11/2025 14:59:11,0.21794871794871795
07/11/2025 14:59:11,0.20634920634920634
07/11/2025 14:59:11,0.22186495176848875
07/11/2025 14:59:11,0.20253164556962025
07/11/2025 14:59:11,0.2297734627831715
07/11/2025 14:59:11,0.20253164556962025
07/11/2025 14:59:12,0.2297734627831715
07/11/2025 14:59:12,0.2459016393442623
07/11/2025 14:59:12,0.22580645161290322
07/11/2025 14:59:12,0.23778501628664495
07/11/2025 14:59:12,0.25412541254125415
07/11/2025 14:59:12,0.20253164556962025
07/11/2025 14:59:13,0.19873817034700317
07/11/2025 14:59:13,0.24183006535947713
07/11/2025 14:59:13,0.23778501628664495
07/11/2025 14:59:13,0.22580645161290322
07/11/2025 14:59:13,0.23376623376623376
07/11/2025 14:59:13,0.20253164556962025
07/11/2025 14:59:13,0.20253164556962025
07/11/2025 14:59:14,0.24183006535947713
07/11/2025 14:59:14,0.21405750798722045
07/11/2025 14:59:14,0.1949685534591195
07/11/2025 14:59:14,0.2709030100334448
07/11/2025 14:59:14,0.24183006535947713
07/11/2025 14:59:14,0.20634920634920634
07/11/2025 14:59:15,0.21019108280254778
07/11/2025 14:59:15,0.21794871794871795
07/11/2025 14:59:15,0.20634920634920634
07/11/2025 14:59:15,0.22580645161290322
07/11/2025 14:59:15,0.21794871794871795
07/11/2025 14:59:15,0.22186495176848875
07/11/2025 14:59:16,0.20634920634920634
07/11/2025 14:59:16,0.20253164556962025
07/11/2025 14:59:16,0.21405750798722045
07/11/2025 14:59:16,0.2709030100334448
07/11/2025 14:59:16,0.23376623376623376
07/11/2025 14:59:16,0.19873817034700317
07/11/2025 14:59:17,0.17647058823529413
07/11/2025 14:59:17,0.21794871794871795
07/11/2025 14:59:17,0.20253164556962025
07/11/2025 14:59:17,0.2297734627831715
07/11/2025 14:59:17,0.17647058823529413
07/11/2025 14:59:17,0.21794871794871795
07/11/2025 14:59:18,0.2582781456953642
07/11/2025 14:59:18,0.21019108280254778
07/11/2025 14:59:18,0.22186495176848875
07/11/2025 14:59:18,0.21405750798722045
07/11/2025 14:59:18,0.1949685534591195
07/11/2025 14:59:18,0.25
07/11/2025 14:59:19,0.2459016393442623
07/11/2025 14:59:19,0.21794871794871795
07/11/2025 14:59:19,0.20253164556962025
07/11/2025 14:59:19,0.24183006535947713
07/11/2025 14:59:19,0.25
07/11/2025 14:59:19,0.21019108280254778
07/11/2025 14:59:19,0.20634920634920634
07/11/2025 14:59:20,0.22580645161290322
07/11/2025 14:59:20,0.2582781456953642
07/11/2025 14:59:20,0.22580645161290322
07/11/2025 14:59:20,0.25412541254125415
07/11/2025 14:59:20,0.2459016393442623
07/11/2025 14:59:20,0.20253164556962025
07/11/2025 14:59:20,0.20634920634920634
07/11/2025 14:59:21,0.24183006535947713
07/11/2025 14:59:21,0.21019108280254778
07/11/2025 14:59:21,0.22186495176848875
07/11/2025 14:59:21,0.25
07/11/2025 14:59:21,0.19873817034700317
07/11/2025 14:59:21,0.25
07/11/2025 14:59:22,0.23778501628664495
07/11/2025 14:59:22,0.17647058823529413
07/11/2025 14:59:22,0.19873817034700317
07/11/2025 14:59:22,0.23778501628664495
07/11/2025 14:59:22,0.25
07/11/2025 14:59:22,0.19873817034700317
07/11/2025 14:59:22,0.23376623376623376
07/11/2025 14:59:23,0.20634920634920634
07/11/2025 14:59:23,0.20253164556962025
07/11/2025 14:59:23,0.25412541254125415
07/11/2025 14:59:23,0.22186495176848875
07/11/2025 14:59:23,0.20634920634920634
07/11/2025 14:59:23,0.22580645161290322
07/11/2025 14:59:24,0.25412541254125415
07/11/2025 14:59:24,0.2297734627831715
07/11/2025 14:59:24,0.19873817034700317
07/11/2025 14:59:24,0.20634920634920634
07/11/2025 14:59:24,0.20634920634920634
07/11/2025 14:59:24,0.21794871794871795
07/11/2025 14:59:25,0.24183006535947713
07/11/2025 14:59:25,0.21405750798722045
07/11/2025 14:59:25,0.20634920634920634
07/11/2025 14:59:25,0.22186495176848875
07/11/2025 14:59:25,0.23376623376623376
07/11/2025 14:59:25,0.25412541254125415
07/11/2025 14:59:25,0.2459016393442623
07/11/2025 14:59:26,0.23778501628664495
07/11/2025 14:59:26,0.21405750798722045
07/11/2025 14:59:26,0.20634920634920634
07/11/2025 14:59:26,0.25
07/11/2025 14:59:26,0.1949685534591195
07/11/2025 14:59:26,0.21019108280254778
07/11/2025 14:59:27,0.25
07/11/2025 14:59:27,0.19873817034700317
07/11/2025 14:59:27,0.2297734627831715
07/11/2025 14:59:27,0.21794871794871795
07/11/2025 14:59:27,0.2459016393442623
07/11/2025 14:59:27,0.23376623376623376
07/11/2025 14:59:28,0.2709030100334448
07/11/2025 14:59:28,0.22186495176848875
07/11/2025 14:59:28,0.21794871794871795
07/11/2025 14:59:28,0.2459016393442623
07/11/2025 14:59:28,0.20253164556962025
07/11/2025 14:59:28,0.20253164556962025
07/11/2025 14:59:28,0.23376623376623376
07/11/2025 14:59:29,0.2582781456953642
07/11/2025 14:59:29,0.20634920634920634
07/11/2025 14:59:29,0.21794871794871795
07/11/2025 14:59:29,0.21019108280254778
07/11/2025 14:59:29,0.1875
07/11/2025 14:59:29,0.21405750798722045
07/11/2025 14:59:30,0.24183006535947713
07/11/2025 14:59:30,0.18012422360248448
07/11/2025 14:59:30,0.21019108280254778
07/11/2025 14:59:30,0.1656441717791411
07/11/2025 14:59:30,0.21794871794871795
07/11/2025 14:59:30,0.2459016393442623
07/11/2025 14:59:31,0.17647058823529413
07/11/2025 14:59:31,0.2297734627831715
07/11/2025 14:59:31,0.1949685534591195
07/11/2025 14:59:31,0.22186495176848875
07/11/2025 14:59:31,0.2297734627831715
07/11/2025 14:59:31,0.21794871794871795
07/11/2025 14:59:32,0.23376623376623376
07/11/2025 14:59:32,0.19122257053291536
07/11/2025 14:59:32,0.25412541254125415
07/11/2025 14:59:32,0.19122257053291536
07/11/2025 14:59:32,0.21794871794871795
07/11/2025 14:59:32,0.2459016393442623
07/11/2025 14:59:32,0.21019108280254778
07/11/2025 14:59:33,0.23778501628664495
07/11/2025 14:59:33,0.2459016393442623
07/11/2025 14:59:33,0.2297734627831715
07/11/2025 14:59:33,0.23778501628664495
07/11/2025 14:59:33,0.22186495176848875
07/11/2025 14:59:33,0.19873817034700317
07/11/2025 14:59:34,0.20253164556962025
07/11/2025 14:59:34,0.26666666666666666
07/11/2025 14:59:34,0.19873817034700317
07/11/2025 14:59:34,0.20634920634920634
07/11/2025 14:59:34,0.21794871794871795
07/11/2025 14:59:34,0.2459016393442623
07/11/2025 14:59:35,0.21405750798722045
07/11/2025 14:59:35,0.20253164556962025
07/11/2025 14:59:35,0.22580645161290322
07/11/2025 14:59:35,0.2459016393442623
07/11/2025 14:59:35,0.22580645161290322
07/11/2025 14:59:35,0.21794871794871795
07/11/2025 14:59:36,0.21019108280254778
07/11/2025 14:59:36,0.22580645161290322
07/11/2025 14:59:36,0.22580645161290322
07/11/2025 14:59:36,0.19122257053291536
07/11/2025 14:59:36,0.21794871794871795
07/11/2025 14:59:36,0.23778501628664495
07/11/2025 14:59:37,0.22580645161290322
07/11/2025 14:59:37,0.1949685534591195
07/11/2025 14:59:37,0.26666666666666666
07/11/2025 14:59:37,0.20253164556962025
07/11/2025 14:59:37,0.22186495176848875
07/11/2025 14:59:37,0.19122257053291536
07/11/2025 14:59:38,0.22186495176848875
07/11/2025 14:59:38,0.21405750798722045
07/11/2025 14:59:38,0.22580645161290322
07/11/2025 14:59:38,0.2709030100334448
07/11/2025 14:59:38,0.22580645161290322
07/11/2025 14:59:38,0.21794871794871795
07/11/2025 14:59:38,0.1838006230529595
07/11/2025 14:59:39,0.21019108280254778
07/11/2025 14:59:39,0.2297734627831715
07/11/2025 14:59:39,0.2297734627831715
07/11/2025 14:59:39,0.21794871794871795
07/11/2025 14:59:39,0.21794871794871795
07/11/2025 14:59:39,0.22580645161290322
07/11/2025 14:59:40,0.22580645161290322
07/11/2025 14:59:40,0.2459016393442623
07/11/2025 14:59:40,0.19873817034700317
07/11/2025 14:59:40,0.21794871794871795
07/11/2025 14:59:40,0.21405750798722045
07/11/2025 14:59:40,0.21019108280254778
07/11/2025 14:59:41,0.23778501628664495
07/11/2025 14:59:41,0.22186495176848875
07/11/2025 14:59:41,0.25
07/11/2025 14:59:41,0.21405750798722045
07/11/2025 14:59:41,0.26666666666666666
07/11/2025 14:59:41,0.21794871794871795
07/11/2025 14:59:41,0.19122257053291536
07/11/2025 14:59:42,0.23778501628664495
07/11/2025 14:59:42,0.21405750798722045
07/11/2025 14:59:42,0.2297734627831715
07/11/2025 14:59:42,0.22580645161290322
07/11/2025 14:59:42,0.24183006535947713
07/11/2025 14:59:42,0.19873817034700317
07/11/2025 14:59:43,0.25412541254125415
07/11/2025 14:59:43,0.20634920634920634
07/11/2025 14:59:43,0.21019108280254778
07/11/2025 14:59:43,0.21794871794871795
07/11/2025 14:59:43,0.22186495176848875
07/11/2025 14:59:43,0.22580645161290322
07/11/2025 14:59:44,0.21019108280254778
07/11/2025 14:59:44,0.21019108280254778
07/11/2025 14:59:44,0.20634920634920634
07/11/2025 14:59:44,0.21794871794871795
07/11/2025 14:59:44,0.21405750798722045
07/11/2025 14:59:44,0.19873817034700317
07/11/2025 14:59:44,0.21405750798722045
07/11/2025 14:59:45,0.20634920634920634
07/11/2025 14:59:45,0.22580645161290322
07/11/2025 14:59:45,0.1875
07/11/2025 14:59:45,0.19873817034700317
07/11/2025 14:59:45,0.21794871794871795
07/11/2025 14:59:45,0.24183006535947713
07/11/2025 14:59:46,0.19873817034700317
07/11/2025 14:59:46,0.21405750798722045
07/11/2025 14:59:46,0.22580645161290322
07/11/2025 14:59:46,0.21019108280254778
07/11/2025 14:59:46,0.1949685534591195
07/11/2025 14:59:46,0.22580645161290322
07/11/2025 14:59:46,0.23376623376623376
07/11/2025 14:59:47,0.19122257053291536
07/11/2025 14:59:47,0.2297734627831715
07/11/2025 14:59:47,0.24183006535947713
07/11/2025 14:59:47,0.22580645161290322
07/11/2025 14:59:47,0.24183006535947713
07/11/2025 14:59:47,0.22580645161290322
07/11/2025 14:59:48,0.21019108280254778
07/11/2025 14:59:48,0.22186495176848875
07/11/2025 14:59:48,0.22186495176848875
07/11/2025 14:59:48,0.19122257053291536
07/11/2025 14:59:48,0.21405750798722045
07/11/2025 14:59:48,0.24183006535947713
07/11/2025 14:59:49,0.25
07/11/2025 14:59:49,0.23376623376623376
07/11/2025 14:59:49,0.2297734627831715
07/11/2025 14:59:49,0.2582781456953642
07/11/2025 14:59:49,0.22186495176848875
07/11/2025 14:59:49,0.23376623376623376
07/11/2025 14:59:50,0.21794871794871795
07/11/2025 14:59:50,0.23778501628664495
07/11/2025 14:59:50,0.2459016393442623
07/11/2025 14:59:50,0.21019108280254778
07/11/2025 14:59:50,0.2709030100334448
07/11/2025 14:59:50,0.22186495176848875
07/11/2025 14:59:50,0.2297734627831715
07/11/2025 14:59:51,0.22186495176848875
07/11/2025 14:59:51,0.25412541254125415
07/11/2025 14:59:51,0.22186495176848875
07/11/2025 14:59:51,0.21019108280254778
07/11/2025 14:59:51,0.21794871794871795
07/11/2025 14:59:51,0.22186495176848875
07/11/2025 14:59:52,0.22186495176848875
07/11/2025 14:59:52,0.22580645161290322
07/11/2025 14:59:52,0.24183006535947713
07/11/2025 14:59:52,0.1838006230529595
07/11/2025 14:59:52,0.1838006230529595
07/11/2025 14:59:52,0.25
07/11/2025 14:59:53,0.22580645161290322
07/11/2025 14:59:53,0.1949685534591195
07/11/2025 14:59:53,0.20253164556962025
07/11/2025 14:59:53,0.21794871794871795
07/11/2025 14:59:53,0.23778501628664495
07/11/2025 14:59:53,0.2459016393442623
07/11/2025 14:59:54,0.21794871794871795
07/11/2025 14:59:54,0.19873817034700317
07/11/2025 14:59:54,0.22580645161290322
07/11/2025 14:59:54,0.23376623376623376
07/11/2025 14:59:54,0.21405750798722045
07/11/2025 14:59:54,0.1656441717791411
07/11/2025 14:59:55,0.20634920634920634
07/11/2025 14:59:55,0.21019108280254778
07/11/2025 14:59:55,0.2582781456953642
07/11/2025 14:59:55,0.21019108280254778
07/11/2025 14:59:55,0.21794871794871795
07/11/2025 14:59:55,0.17647058823529413
07/11/2025 14:59:55,0.2297734627831715
07/11/2025 14:59:56,0.23376623376623376
07/11/2025 14:59:56,0.21794871794871795
07/11/2025 14:59:56,0.22580645161290322
07/11/2025 14:59:56,0.23778501628664495
07/11/2025 14:59:56,0.23376623376623376
07/11/2025 14:59:56,0.21019108280254778
07/11/2025 14:59:57,0.2297734627831715
07/11/2025 14:59:57,0.23778501628664495
07/11/2025 14:59:57,0.19122257053291536
07/11/2025 14:59:57,0.2709030100334448
07/11/2025 14:59:57,0.19873817034700317
07/11/2025 14:59:57,0.20634920634920634
07/11/2025 14:59:58,0.25412541254125415
07/11/2025 14:59:58,0.21019108280254778
07/11/2025 14:59:58,0.21794871794871795
07/11/2025 14:59:58,0.1728395061728395
07/11/2025 14:59:58,0.20634920634920634
07/11/2025 14:59:58,0.21405750798722045
07/11/2025 14:59:58,0.23778501628664495
07/11/2025 14:59:59,0.2297734627831715
07/11/2025 14:59:59,0.23778501628664495
07/11/2025 14:59:59,0.25
07/11/2025 14:59:59,0.24183006535947713
07/11/2025 14:59:59,0.21405750798722045
07/11/2025 15:00:00,0.23778501628664495
07/11/2025 15:00:00,0.23778501628664495
07/11/2025 15:00:00,0.18012422360248448
07/11/2025 15:00:00,0.2459016393442623
07/11/2025 15:00:00,0.22186495176848875
07/11/2025 15:00:00,0.21405750798722045
07/11/2025 15:00:00,0.21019108280254778
07/11/2025 15:00:01,0.21405750798722045
07/11/2025 15:00:01,0.26245847176079734
07/11/2025 15:00:01,0.20634920634920634
07/11/2025 15:00:01,0.20634920634920634
07/11/2025 15:00:01,0.22580645161290322
07/11/2025 15:00:01,0.20253164556962025
07/11/2025 15:00:02,0.26666666666666666
07/11/2025 15:00:02,0.2297734627831715
07/11/2025 15:00:02,0.23778501628664495
07/11/2025 15:00:02,0.21794871794871795
07/11/2025 15:00:02,0.25412541254125415
07/11/2025 15:00:02,0.24183006535947713
07/11/2025 15:00:03,0.2459016393442623
07/11/2025 15:00:03,0.21019108280254778
07/11/2025 15:00:03,0.21019108280254778
07/11/2025 15:00:03,0.22186495176848875
07/11/2025 15:00:03,0.2297734627831715
07/11/2025 15:00:03,0.21405750798722045
07/11/2025 15:00:04,0.24183006535947713
07/11/2025 15:00:04,0.23376623376623376
07/11/2025 15:00:04,0.2459016393442623
07/11/2025 15:00:04,0.19122257053291536
07/11/2025 15:00:04,0.2297734627831715
07/11/2025 15:00:04,0.21405750798722045
07/11/2025 15:00:05,0.19873817034700317
07/11/2025 15:00:05,0.21794871794871795
07/11/2025 15:00:05,0.1949685534591195
07/11/2025 15:00:05,0.20634920634920634
07/11/2025 15:00:05,0.21405750798722045
07/11/2025 15:00:05,0.21019108280254778
07/11/2025 15:00:05,0.25412541254125415
07/11/2025 15:00:06,0.19873817034700317
07/11/2025 15:00:06,0.21405750798722045
07/11/2025 15:00:06,0.22186495176848875
07/11/2025 15:00:06,0.22580645161290322
07/11/2025 15:00:06,0.21019108280254778
07/11/2025 15:00:06,0.19873817034700317
07/11/2025 15:00:07,0.24183006535947713
07/11/2025 15:00:07,0.1838006230529595
07/11/2025 15:00:07,0.16923076923076924
07/11/2025 15:00:07,0.21019108280254778
07/11/2025 15:00:07,0.23778501628664495
07/11/2025 15:00:07,0.25412541254125415
07/11/2025 15:00:08,0.23376623376623376
07/11/2025 15:00:08,0.2459016393442623
07/11/2025 15:00:08,0.25
07/11/2025 15:00:08,0.19873817034700317
07/11/2025 15:00:08,0.22186495176848875
07/11/2025 15:00:08,0.21405750798722045
07/11/2025 15:00:08,0.20253164556962025
07/11/2025 15:00:09,0.22580645161290322
07/11/2025 15:00:09,0.22186495176848875
07/11/2025 15:00:09,0.1875
07/11/2025 15:00:09,0.19873817034700317
07/11/2025 15:00:09,0.1875
07/11/2025 15:00:10,0.24183006535947713
07/11/2025 15:00:10,0.22580645161290322
07/11/2025 15:00:10,0.22580645161290322
07/11/2025 15:00:10,0.21405750798722045
07/11/2025 15:00:10,0.1875
07/11/2025 15:00:10,0.20634920634920634
07/11/2025 15:00:11,0.20634920634920634
07/11/2025 15:00:11,0.21794871794871795
07/11/2025 15:00:11,0.19873817034700317
07/11/2025 15:00:11,0.1949685534591195
07/11/2025 15:00:11,0.20253164556962025
07/11/2025 15:00:11,0.22186495176848875
07/11/2025 15:00:11,0.20253164556962025
07/11/2025 15:00:12,0.21405750798722045
07/11/2025 15:00:12,0.19122257053291536
07/11/2025 15:00:12,0.22186495176848875
07/11/2025 15:00:12,0.20634920634920634
07/11/2025 15:00:12,0.1949685534591195
07/11/2025 15:00:12,0.25
07/11/2025 15:00:13,0.22186495176848875
07/11/2025 15:00:13,0.22186495176848875
07/11/2025 15:00:13,0.20634920634920634
07/11/2025 15:00:13,0.23376623376623376
07/11/2025 15:00:13,0.1949685534591195
07/11/2025 15:00:13,0.25412541254125415
07/11/2025 15:00:14,0.20253164556962025
07/11/2025 15:00:14,0.1875
07/11/2025 15:00:14,0.21405750798722045
07/11/2025 15:00:14,0.2297734627831715
07/11/2025 15:00:14,0.21405750798722045
07/11/2025 15:00:14,0.22580645161290322
07/11/2025 15:00:15,0.21405750798722045
07/11/2025 15:00:15,0.23376623376623376
07/11/2025 15:00:15,0.22580645161290322
07/11/2025 15:00:15,0.23376623376623376
07/11/2025 15:00:15,0.1949685534591195
07/11/2025 15:00:15,0.21794871794871795
07/11/2025 15:00:16,0.23778501628664495
07/11/2025 15:00:16,0.20634920634920634
07/11/2025 15:00:16,0.19122257053291536
07/11/2025 15:00:16,0.23778501628664495
07/11/2025 15:00:16,0.1949685534591195
07/11/2025 15:00:16,0.21794871794871795
07/11/2025 15:00:17,0.22186495176848875
07/11/2025 15:00:17,0.21019108280254778
07/11/2025 15:00:17,0.24183006535947713
07/11/2025 15:00:17,0.19873817034700317
07/11/2025 15:00:17,0.24183006535947713
07/11/2025 15:00:17,0.1949685534591195
07/11/2025 15:00:17,0.2297734627831715
07/11/2025 15:00:18,0.2297734627831715
07/11/2025 15:00:18,0.21794871794871795
07/11/2025 15:00:18,0.23778501628664495
07/11/2025 15:00:18,0.2297734627831715
07/11/2025 15:00:18,0.23778501628664495
07/11/2025 15:00:18,0.22186495176848875
07/11/2025 15:00:19,0.24183006535947713
07/11/2025 15:00:19,0.22186495176848875
07/11/2025 15:00:19,0.2459016393442623
07/11/2025 15:00:19,0.20634920634920634
07/11/2025 15:00:19,0.23778501628664495
07/11/2025 15:00:19,0.19873817034700317
07/11/2025 15:00:20,0.19873817034700317
07/11/2025 15:00:20,0.21794871794871795
07/11/2025 15:00:20,0.23778501628664495
07/11/2025 15:00:20,0.23376623376623376
07/11/2025 15:00:20,0.22186495176848875
07/11/2025 15:00:20,0.1838006230529595
07/11/2025 15:00:20,0.2582781456953642
07/11/2025 15:00:21,0.24183006535947713
07/11/2025 15:00:21,0.23376623376623376
07/11/2025 15:00:21,0.26666666666666666
07/11/2025 15:00:21,0.1838006230529595
07/11/2025 15:00:21,0.2297734627831715
07/11/2025 15:00:21,0.21405750798722045
07/11/2025 15:00:22,0.24183006535947713
07/11/2025 15:00:22,0.2297734627831715
07/11/2025 15:00:22,0.2297734627831715
07/11/2025 15:00:22,0.1728395061728395
07/11/2025 15:00:22,0.20634920634920634
07/11/2025 15:00:22,0.19873817034700317
07/11/2025 15:00:23,0.25
07/11/2025 15:00:23,0.22580645161290322
07/11/2025 15:00:23,0.1838006230529595
07/11/2025 15:00:23,0.2751677852348993
07/11/2025 15:00:23,0.20253164556962025
07/11/2025 15:00:23,0.21019108280254778
07/11/2025 15:00:24,0.22186495176848875
07/11/2025 15:00:24,0.21019108280254778
07/11/2025 15:00:24,0.23778501628664495
07/11/2025 15:00:24,0.2582781456953642
07/11/2025 15:00:24,0.22186495176848875
07/11/2025 15:00:24,0.20253164556962025
07/11/2025 15:00:25,0.21794871794871795
07/11/2025 15:00:25,0.1949685534591195
07/11/2025 15:00:25,0.24183006535947713
07/11/2025 15:00:25,0.21019108280254778
07/11/2025 15:00:25,0.25412541254125415
07/11/2025 15:00:25,0.23778501628664495
07/11/2025 15:00:25,0.21794871794871795
07/11/2025 15:00:26,0.22186495176848875
07/11/2025 15:00:26,0.21794871794871795
07/11/2025 15:00:26,0.24183006535947713
07/11/2025 15:00:26,0.21019108280254778
07/11/2025 15:00:26,0.21019108280254778
07/11/2025 15:00:26,0.21405750798722045
07/11/2025 15:00:27,0.20253164556962025
07/11/2025 15:00:27,0.22580645161290322
07/11/2025 15:00:27,0.22186495176848875
07/11/2025 15:00:27,0.25
07/11/2025 15:00:27,0.1949685534591195
07/11/2025 15:00:27,0.22186495176848875
07/11/2025 15:00:28,0.2297734627831715
07/11/2025 15:00:28,0.23778501628664495
07/11/2025 15:00:28,0.2297734627831715
07/11/2025 15:00:28,0.25412541254125415
07/11/2025 15:00:28,0.23376623376623376
07/11/2025 15:00:28,0.2582781456953642
07/11/2025 15:00:29,0.21019108280254778
07/11/2025 15:00:29,0.23376623376623376
07/11/2025 15:00:29,0.2582781456953642
07/11/2025 15:00:29,0.23376623376623376
07/11/2025 15:00:29,0.22580645161290322
07/11/2025 15:00:29,0.22580645161290322
07/11/2025 15:00:29,0.17647058823529413
07/11/2025 15:00:30,0.22186495176848875
07/11/2025 15:00:30,0.23778501628664495
07/11/2025 15:00:30,0.22186495176848875
07/11/2025 15:00:30,0.21405750798722045
07/11/2025 15:00:30,0.2297734627831715
07/11/2025 15:00:30,0.22580645161290322
07/11/2025 15:00:31,0.23778501628664495
07/11/2025 15:00:31,0.2582781456953642
07/11/2025 15:00:31,0.2459016393442623
07/11/2025 15:00:31,0.1875
07/11/2025 15:00:31,0.22186495176848875
07/11/2025 15:00:31,0.21019108280254778
07/11/2025 15:00:32,0.25
07/11/2025 15:00:32,0.24183006535947713
07/11/2025 15:00:32,0.23376623376623376
07/11/2025 15:00:32,0.19873817034700317
07/11/2025 15:00:32,0.1838006230529595
07/11/2025 15:00:32,0.2297734627831715
07/11/2025 15:00:33,0.2297734627831715
07/11/2025 15:00:33,0.2297734627831715
07/11/2025 15:00:33,0.20253164556962025
07/11/2025 15:00:33,0.22186495176848875
07/11/2025 15:00:33,0.26666666666666666
07/11/2025 15:00:33,0.24183006535947713
07/11/2025 15:00:33,0.22580645161290322
07/11/2025 15:00:34,0.1838006230529595
07/11/2025 15:00:34,0.21019108280254778
07/11/2025 15:00:34,0.22580645161290322
07/11/2025 15:00:34,0.23376623376623376
07/11/2025 15:00:34,0.20634920634920634
07/11/2025 15:00:34,0.1838006230529595
07/11/2025 15:00:35,0.22186495176848875
07/11/2025 15:00:35,0.2297734627831715
07/11/2025 15:00:35,0.25412541254125415
07/11/2025 15:00:35,0.22580645161290322
07/11/2025 15:00:35,0.23376623376623376
07/11/2025 15:00:35,0.2297734627831715
07/11/2025 15:00:35,0.22580645161290322
07/11/2025 15:00:36,0.22580645161290322
07/11/2025 15:00:36,0.21794871794871795
07/11/2025 15:00:36,0.2709030100334448
07/11/2025 15:00:36,0.19122257053291536
07/11/2025 15:00:36,0.2297734627831715
07/11/2025 15:00:36,0.24183006535947713
07/11/2025 15:00:37,0.1875
07/11/2025 15:00:37,0.21794871794871795
07/11/2025 15:00:37,0.19122257053291536
07/11/2025 15:00:37,0.19122257053291536
07/11/2025 15:00:37,0.22186495176848875
07/11/2025 15:00:37,0.22186495176848875
07/11/2025 15:00:38,0.22580645161290322
07/11/2025 15:00:38,0.21019108280254778
07/11/2025 15:00:38,0.21405750798722045
07/11/2025 15:00:38,0.22580645161290322
07/11/2025 15:00:38,0.2582781456953642
07/11/2025 15:00:38,0.23376623376623376
07/11/2025 15:00:38,0.21019108280254778
07/11/2025 15:00:39,0.21019108280254778
07/11/2025 15:00:39,0.1838006230529595
07/11/2025 15:00:39,0.2297734627831715
07/11/2025 15:00:39,0.24183006535947713
07/11/2025 15:00:39,0.22186495176848875
07/11/2025 15:00:39,0.21405750798722045
07/11/2025 15:00:40,0.1949685534591195
07/11/2025 15:00:40,0.21794871794871795
07/11/2025 15:00:40,0.21405750798722045
07/11/2025 15:00:40,0.20634920634920634
07/11/2025 15:00:40,0.22580645161290322
07/11/2025 15:00:40,0.21794871794871795
07/11/2025 15:00:40,0.20634920634920634
07/11/2025 15:00:41,0.24183006535947713
07/11/2025 15:00:41,0.20253164556962025
07/11/2025 15:00:41,0.22186495176848875
07/11/2025 15:00:41,0.21794871794871795
07/11/2025 15:00:41,0.1875
07/11/2025 15:00:41,0.25
07/11/2025 15:00:42,0.21019108280254778
07/11/2025 15:00:42,0.24183006535947713
07/11/2025 15:00:42,0.20253164556962025
07/11/2025 15:00:42,0.2297734627831715
07/11/2025 15:00:42,0.2297734627831715
07/11/2025 15:00:42,0.22580645161290322
07/11/2025 15:00:43,0.21794871794871795
07/11/2025 15:00:43,0.21019108280254778
07/11/2025 15:00:43,0.21405750798722045
07/11/2025 15:00:43,0.21019108280254778
07/11/2025 15:00:43,0.2751677852348993
07/11/2025 15:00:43,0.2459016393442623
07/11/2025 15:00:43,0.24183006535947713
07/11/2025 15:00:44,0.1875
07/11/2025 15:00:44,0.19873817034700317
07/11/2025 15:00:44,0.22580645161290322
07/11/2025 15:00:44,0.22580645161290322
07/11/2025 15:00:44,0.23778501628664495
07/11/2025 15:00:44,0.2297734627831715
07/11/2025 15:00:45,0.21405750798722045
07/11/2025 15:00:45,0.23376623376623376
07/11/2025 15:00:45,0.21405750798722045
07/11/2025 15:00:45,0.25
07/11/2025 15:00:45,0.18012422360248448
07/11/2025 15:00:45,0.21019108280254778
07/11/2025 15:00:45,0.20253164556962025
07/11/2025 15:00:46,0.23376623376623376
07/11/2025 15:00:46,0.20634920634920634
07/11/2025 15:00:46,0.22580645161290322
07/11/2025 15:00:46,0.20253164556962025
07/11/2025 15:00:46,0.23778501628664495
07/11/2025 15:00:46,0.20253164556962025
07/11/2025 15:00:47,0.19122257053291536
07/11/2025 15:00:47,0.23778501628664495
07/11/2025 15:00:47,0.21794871794871795
07/11/2025 15:00:47,0.21405750798722045
07/11/2025 15:00:47,0.21794871794871795
07/11/2025 15:00:47,0.22580645161290322
07/11/2025 15:00:48,0.20253164556962025
07/11/2025 15:00:48,0.23778501628664495
07/11/2025 15:00:48,0.1949685534591195
07/11/2025 15:00:48,0.22186495176848875
07/11/2025 15:00:48,0.20634920634920634
07/11/2025 15:00:48,0.21794871794871795
07/11/2025 15:00:48,0.25412541254125415
07/11/2025 15:00:49,0.20253164556962025
07/11/2025 15:00:49,0.1949685534591195
07/11/2025 15:00:49,0.25412541254125415
07/11/2025 15:00:49,0.22186495176848875
07/11/2025 15:00:49,0.1949685534591195
07/11/2025 15:00:49,0.23778501628664495
07/11/2025 15:00:50,0.21794871794871795
07/11/2025 15:00:50,0.2297734627831715
07/11/2025 15:00:50,0.19873817034700317
07/11/2025 15:00:50,0.1949685534591195
07/11/2025 15:00:50,0.2297734627831715
07/11/2025 15:00:50,0.20634920634920634
07/11/2025 15:00:51,0.21019108280254778
07/11/2025 15:00:51,0.22186495176848875
07/11/2025 15:00:51,0.22186495176848875
07/11/2025 15:00:51,0.21019108280254778
07/11/2025 15:00:51,0.23376623376623376
07/11/2025 15:00:51,0.21405750798722045
07/11/2025 15:00:51,0.21019108280254778
07/11/2025 15:00:52,0.23376623376623376
07/11/2025 15:00:52,0.23376623376623376
07/11/2025 15:00:52,0.22580645161290322
07/11/2025 15:00:52,0.2582781456953642
07/11/2025 15:00:52,0.21794871794871795
07/11/2025 15:00:52,0.21019108280254778
07/11/2025 15:00:53,0.19873817034700317
07/11/2025 15:00:53,0.23778501628664495
07/11/2025 15:00:53,0.2582781456953642
07/11/2025 15:00:53,0.22186495176848875
07/11/2025 15:00:53,0.20634920634920634
07/11/2025 15:00:53,0.23376623376623376
07/11/2025 15:00:53,0.22580645161290322
07/11/2025 15:00:54,0.25
07/11/2025 15:00:54,0.23778501628664495
07/11/2025 15:00:54,0.23376623376623376
07/11/2025 15:00:54,0.21794871794871795
07/11/2025 15:00:54,0.20634920634920634
07/11/2025 15:00:54,0.21794871794871795
07/11/2025 15:00:55,0.26666666666666666
07/11/2025 15:00:55,0.2459016393442623
07/11/2025 15:00:55,0.2582781456953642
07/11/2025 15:00:55,0.23376623376623376
07/11/2025 15:00:55,0.22580645161290322
07/11/2025 15:00:55,0.21019108280254778
07/11/2025 15:00:56,0.21405750798722045
07/11/2025 15:00:56,0.19873817034700317
07/11/2025 15:00:56,0.23778501628664495
07/11/2025 15:00:56,0.19873817034700317
07/11/2025 15:00:56,0.22186495176848875
07/11/2025 15:00:56,0.21019108280254778
07/11/2025 15:00:56,0.18012422360248448
07/11/2025 15:00:57,0.21794871794871795
07/11/2025 15:00:57,0.24183006535947713
07/11/2025 15:00:57,0.24183006535947713
07/11/2025 15:00:57,0.19873817034700317
07/11/2025 15:00:57,0.24183006535947713
07/11/2025 15:00:57,0.20634920634920634
07/11/2025 15:00:58,0.20253164556962025
07/11/2025 15:00:58,0.2582781456953642
07/11/2025 15:00:58,0.21794871794871795
07/11/2025 15:00:58,0.23778501628664495
07/11/2025 15:00:58,0.25412541254125415
07/11/2025 15:00:58,0.20253164556962025
07/11/2025 15:00:58,0.2297734627831715
07/11/2025 15:00:59,0.21019108280254778
07/11/2025 15:00:59,0.24183006535947713
07/11/2025 15:00:59,0.23778501628664495
07/11/2025 15:00:59,0.20634920634920634
07/11/2025 15:00:59,0.21405750798722045
07/11/2025 15:00:59,0.22186495176848875
07/11/2025 15:01:00,0.21405750798722045
07/11/2025 15:01:00,0.25412541254125415
07/11/2025 15:01:00,0.20634920634920634
07/11/2025 15:01:00,0.21019108280254778
07/11/2025 15:01:00,0.20253164556962025
07/11/2025 15:01:00,0.26666666666666666
07/11/2025 15:01:00,0.21405750798722045
07/11/2025 15:01:01,0.22580645161290322
07/11/2025 15:01:01,0.2459016393442623
07/11/2025 15:01:01,0.24183006535947713
07/11/2025 15:01:01,0.26666666666666666
07/11/2025 15:01:01,0.19873817034700317
07/11/2025 15:01:01,0.21019108280254778
07/11/2025 15:01:02,0.22580645161290322
07/11/2025 15:01:02,0.21019108280254778
07/11/2025 15:01:02,0.22580645161290322
07/11/2025 15:01:02,0.21405750798722045
07/11/2025 15:01:02,0.22580645161290322
07/11/2025 15:01:02,0.2459016393442623
07/11/2025 15:01:02,0.21019108280254778
07/11/2025 15:01:03,0.22186495176848875
07/11/2025 15:01:03,0.21794871794871795
07/11/2025 15:01:03,0.22580645161290322
07/11/2025 15:01:03,0.20634920634920634
07/11/2025 15:01:03,0.21405750798722045
07/11/2025 15:01:03,0.22186495176848875
07/11/2025 15:01:04,0.21794871794871795
07/11/2025 15:01:04,0.20634920634920634
07/11/2025 15:01:04,0.21794871794871795
07/11/2025 15:01:04,0.21794871794871795
07/11/2025 15:01:04,0.22580645161290322
07/11/2025 15:01:04,0.1875
07/11/2025 15:01:05,0.21794871794871795
07/11/2025 15:01:05,0.22580645161290322
07/11/2025 15:01:05,0.2297734627831715
07/11/2025 15:01:05,0.21019108280254778
07/11/2025 15:01:05,0.23778501628664495
07/11/2025 15:01:05,0.22186495176848875
07/11/2025 15:01:05,0.23778501628664495
07/11/2025 15:01:06,0.19122257053291536
07/11/2025 15:01:06,0.22580645161290322
07/11/2025 15:01:06,0.25
07/11/2025 15:01:06,0.2297734627831715
07/11/2025 15:01:06,0.23778501628664495
07/11/2025 15:01:06,0.24183006535947713
07/11/2025 15:01:07,0.22186495176848875
07/11/2025 15:01:07,0.25
07/11/2025 15:01:07,0.2751677852348993
07/11/2025 15:01:07,0.21405750798722045
07/11/2025 15:01:07,0.24183006535947713
07/11/2025 15:01:07,0.21794871794871795
07/11/2025 15:01:07,0.21794871794871795
07/11/2025 15:01:08,0.20253164556962025
07/11/2025 15:01:08,0.2459016393442623
07/11/2025 15:01:08,0.24183006535947713
07/11/2025 15:01:08,0.20253164556962025
07/11/2025 15:01:08,0.2297734627831715
07/11/2025 15:01:08,0.2297734627831715
07/11/2025 15:01:09,0.20253164556962025
07/11/2025 15:01:09,0.2459016393442623
07/11/2025 15:01:09,0.20253164556962025
07/11/2025 15:01:09,0.2459016393442623
07/11/2025 15:01:09,0.23778501628664495
07/11/2025 15:01:09,0.19122257053291536
07/11/2025 15:01:10,0.21405750798722045
07/11/2025 15:01:10,0.22186495176848875
07/11/2025 15:01:10,0.23376623376623376
07/11/2025 15:01:10,0.21405750798722045
07/11/2025 15:01:10,0.26666666666666666
07/11/2025 15:01:10,0.19122257053291536
07/11/2025 15:01:10,0.2582781456953642
07/11/2025 15:01:11,0.23376623376623376
07/11/2025 15:01:11,0.22580645161290322
07/11/2025 15:01:11,0.2459016393442623
07/11/2025 15:01:11,0.23778501628664495
07/11/2025 15:01:11,0.20634920634920634
07/11/2025 15:01:11,0.23778501628664495
07/11/2025 15:01:12,0.2582781456953642
07/11/2025 15:01:12,0.24183006535947713
07/11/2025 15:01:12,0.2459016393442623
07/11/2025 15:01:12,0.21405750798722045
07/11/2025 15:01:12,0.20634920634920634
07/11/2025 15:01:12,0.21405750798722045
07/11/2025 15:01:12,0.26245847176079734
07/11/2025 15:01:13,0.19873817034700317
07/11/2025 15:01:13,0.2459016393442623
07/11/2025 15:01:13,0.1949685534591195
07/11/2025 15:01:13,0.23778501628664495
07/11/2025 15:01:13,0.19873817034700317
07/11/2025 15:01:13,0.19873817034700317
07/11/2025 15:01:14,0.22186495176848875
07/11/2025 15:01:14,0.2582781456953642
07/11/2025 15:01:14,0.22186495176848875
07/11/2025 15:01:14,0.24183006535947713
07/11/2025 15:01:14,0.2297734627831715
07/11/2025 15:01:14,0.21019108280254778
07/11/2025 15:01:14,0.1949685534591195
07/11/2025 15:01:15,0.21405750798722045
07/11/2025 15:01:15,0.19122257053291536
07/11/2025 15:01:15,0.21794871794871795
07/11/2025 15:01:15,0.23778501628664495
07/11/2025 15:01:15,0.2297734627831715
07/11/2025 15:01:15,0.25412541254125415
07/11/2025 15:01:16,0.2459016393442623
07/11/2025 15:01:16,0.2459016393442623
07/11/2025 15:01:16,0.19873817034700317
07/11/2025 15:01:16,0.22186495176848875
07/11/2025 15:01:16,0.21405750798722045
07/11/2025 15:01:16,0.21405750798722045
07/11/2025 15:01:17,0.21794871794871795
07/11/2025 15:01:17,0.20634920634920634
07/11/2025 15:01:17,0.22580645161290322
07/11/2025 15:01:17,0.23376623376623376
07/11/2025 15:01:17,0.22186495176848875
07/11/2025 15:01:17,0.24183006535947713
07/11/2025 15:01:17,0.20634920634920634
07/11/2025 15:01:18,0.20253164556962025
07/11/2025 15:01:18,0.1838006230529595
07/11/2025 15:01:18,0.21019108280254778
07/11/2025 15:01:18,0.20634920634920634
07/11/2025 15:01:18,0.21019108280254778
07/11/2025 15:01:18,0.21405750798722045
07/11/2025 15:01:19,0.23376623376623376
07/11/2025 15:01:19,0.24183006535947713
07/11/2025 15:01:19,0.19873817034700317
07/11/2025 15:01:19,0.22580645161290322
07/11/2025 15:01:19,0.23376623376623376
07/11/2025 15:01:19,0.1949685534591195
07/11/2025 15:01:19,0.2297734627831715
07/11/2025 15:01:20,0.21794871794871795
07/11/2025 15:01:20,0.22580645161290322
07/11/2025 15:01:20,0.26666666666666666
07/11/2025 15:01:20,0.23778501628664495
07/11/2025 15:01:20,0.21794871794871795
07/11/2025 15:01:20,0.1949685534591195
07/11/2025 15:01:21,0.22186495176848875
07/11/2025 15:01:21,0.21405750798722045
07/11/2025 15:01:21,0.20253164556962025
07/11/2025 15:01:21,0.21794871794871795
07/11/2025 15:01:21,0.21019108280254778
07/11/2025 15:01:21,0.1949685534591195
07/11/2025 15:01:22,0.21794871794871795
07/11/2025 15:01:22,0.2582781456953642
07/11/2025 15:01:22,0.21405750798722045
07/11/2025 15:01:22,0.22580645161290322
07/11/2025 15:01:22,0.26666666666666666
07/11/2025 15:01:22,0.22186495176848875
07/11/2025 15:01:22,0.21794871794871795
07/11/2025 15:01:23,0.23376623376623376
07/11/2025 15:01:23,0.21794871794871795
07/11/2025 15:01:23,0.2297734627831715
07/11/2025 15:01:23,0.2582781456953642
07/11/2025 15:01:23,0.21019108280254778
07/11/2025 15:01:23,0.20253164556962025
07/11/2025 15:01:24,0.1949685534591195
07/11/2025 15:01:24,0.19122257053291536
07/11/2025 15:01:24,0.20253164556962025
07/11/2025 15:01:24,0.19873817034700317
07/11/2025 15:01:24,0.2297734627831715
07/11/2025 15:01:24,0.2297734627831715
07/11/2025 15:01:24,0.21019108280254778
07/11/2025 15:01:25,0.21405750798722045
07/11/2025 15:01:25,0.23376623376623376
07/11/2025 15:01:25,0.2459016393442623
07/11/2025 15:01:25,0.23376623376623376
07/11/2025 15:01:25,0.2297734627831715
07/11/2025 15:01:25,0.22580645161290322
07/11/2025 15:01:26,0.25
07/11/2025 15:01:26,0.21405750798722045
07/11/2025 15:01:26,0.2459016393442623
07/11/2025 15:01:26,0.22186495176848875
07/11/2025 15:01:26,0.21019108280254778
07/11/2025 15:01:26,0.24183006535947713
07/11/2025 15:01:27,0.2297734627831715
07/11/2025 15:01:27,0.23376623376623376
07/11/2025 15:01:27,0.22580645161290322
07/11/2025 15:01:27,0.21019108280254778
07/11/2025 15:01:27,0.21019108280254778
07/11/2025 15:01:27,0.22580645161290322
07/11/2025 15:01:27,0.21019108280254778
07/11/2025 15:01:28,0.2582781456953642
07/11/2025 15:01:28,0.1949685534591195
07/11/2025 15:01:28,0.2459016393442623
07/11/2025 15:01:28,0.23778501628664495
07/11/2025 15:01:28,0.17647058823529413
07/11/2025 15:01:28,0.24183006535947713
07/11/2025 15:01:29,0.23376623376623376
07/11/2025 15:01:29,0.21019108280254778
07/11/2025 15:01:29,0.2582781456953642
07/11/2025 15:01:29,0.22580645161290322
07/11/2025 15:01:29,0.22186495176848875
07/11/2025 15:01:29,0.21019108280254778
07/11/2025 15:01:29,0.20253164556962025
07/11/2025 15:01:30,0.21405750798722045
07/11/2025 15:01:30,0.1949685534591195
07/11/2025 15:01:30,0.21019108280254778
07/11/2025 15:01:30,0.18012422360248448
07/11/2025 15:01:30,0.23778501628664495
07/11/2025 15:01:30,0.21405750798722045
07/11/2025 15:01:31,0.19873817034700317
07/11/2025 15:01:31,0.23778501628664495
07/11/2025 15:01:31,0.2751677852348993
07/11/2025 15:01:31,0.22186495176848875
07/11/2025 15:01:31,0.19873817034700317
07/11/2025 15:01:31,0.25412541254125415
07/11/2025 15:01:31,0.23376623376623376
07/11/2025 15:01:32,0.21405750798722045
07/11/2025 15:01:32,0.20253164556962025
07/11/2025 15:01:32,0.21019108280254778
07/11/2025 15:01:32,0.2297734627831715
07/11/2025 15:01:32,0.2459016393442623
07/11/2025 15:01:32,0.21019108280254778
07/11/2025 15:01:33,0.22580645161290322
07/11/2025 15:01:33,0.2297734627831715
07/11/2025 15:01:33,0.21405750798722045
07/11/2025 15:01:33,0.21405750798722045
07/11/2025 15:01:33,0.25
07/11/2025 15:01:33,0.23376623376623376
07/11/2025 15:01:33,0.20634920634920634
07/11/2025 15:01:34,0.19122257053291536
07/11/2025 15:01:34,0.21794871794871795
07/11/2025 15:01:34,0.26666666666666666
07/11/2025 15:01:34,0.20253164556962025
07/11/2025 15:01:34,0.21019108280254778
07/11/2025 15:01:34,0.2582781456953642
07/11/2025 15:01:35,0.22186495176848875
07/11/2025 15:01:35,0.22186495176848875
07/11/2025 15:01:35,0.25
07/11/2025 15:01:35,0.21794871794871795
07/11/2025 15:01:35,0.23376623376623376
07/11/2025 15:01:35,0.21019108280254778
07/11/2025 15:01:35,0.23376623376623376
07/11/2025 15:01:36,0.22580645161290322
07/11/2025 15:01:36,0.21019108280254778
07/11/2025 15:01:36,0.20634920634920634
07/11/2025 15:01:36,0.21019108280254778
07/11/2025 15:01:36,0.2459016393442623
07/11/2025 15:01:36,0.21405750798722045
07/11/2025 15:01:37,0.19873817034700317
07/11/2025 15:01:37,0.23778501628664495
07/11/2025 15:01:37,0.23376623376623376
07/11/2025 15:01:37,0.22186495176848875
07/11/2025 15:01:37,0.2297734627831715
07/11/2025 15:01:37,0.26666666666666666
07/11/2025 15:01:37,0.19873817034700317
07/11/2025 15:01:38,0.23376623376623376
07/11/2025 15:01:38,0.2297734627831715
07/11/2025 15:01:38,0.23778501628664495
07/11/2025 15:01:38,0.2297734627831715
07/11/2025 15:01:38,0.21794871794871795
07/11/2025 15:01:38,0.21019108280254778
07/11/2025 15:01:39,0.19873817034700317
07/11/2025 15:01:39,0.24183006535947713
07/11/2025 15:01:39,0.21019108280254778
07/11/2025 15:01:39,0.21405750798722045
07/11/2025 15:01:39,0.2582781456953642
07/11/2025 15:01:39,0.1949685534591195
07/11/2025 15:01:40,0.2459016393442623
07/11/2025 15:01:40,0.24183006535947713
07/11/2025 15:01:40,0.19873817034700317
07/11/2025 15:01:40,0.23376623376623376
07/11/2025 15:01:40,0.1875
07/11/2025 15:01:40,0.20634920634920634
07/11/2025 15:01:41,0.22186495176848875
07/11/2025 15:01:41,0.23778501628664495
07/11/2025 15:01:41,0.20253164556962025
07/11/2025 15:01:41,0.22186495176848875
07/11/2025 15:01:41,0.25
07/11/2025 15:01:41,0.2459016393442623
07/11/2025 15:01:42,0.21019108280254778
07/11/2025 15:01:42,0.22580645161290322
07/11/2025 15:01:42,0.21019108280254778
07/11/2025 15:01:42,0.24183006535947713
07/11/2025 15:01:42,0.21794871794871795
07/11/2025 15:01:42,0.1656441717791411
07/11/2025 15:01:43,0.1949685534591195
07/11/2025 15:01:43,0.22580645161290322
07/11/2025 15:01:43,0.23376623376623376
07/11/2025 15:01:43,0.20634920634920634
07/11/2025 15:01:43,0.20634920634920634
07/11/2025 15:01:43,0.2459016393442623
07/11/2025 15:01:43,0.24183006535947713
07/11/2025 15:01:44,0.22186495176848875
07/11/2025 15:01:44,0.21794871794871795
07/11/2025 15:01:44,0.20253164556962025
07/11/2025 15:01:44,0.21794871794871795
07/11/2025 15:01:44,0.25
07/11/2025 15:01:44,0.23376623376623376
07/11/2025 15:01:45,0.23376623376623376
07/11/2025 15:01:45,0.21019108280254778
07/11/2025 15:01:45,0.21794871794871795
07/11/2025 15:01:45,0.20253164556962025
07/11/2025 15:01:45,0.21405750798722045
07/11/2025 15:01:45,0.22186495176848875
07/11/2025 15:01:45,0.25
07/11/2025 15:01:46,0.25
07/11/2025 15:01:46,0.20253164556962025
07/11/2025 15:01:46,0.22186495176848875
07/11/2025 15:01:46,0.21794871794871795
07/11/2025 15:01:46,0.18012422360248448
07/11/2025 15:01:46,0.2459016393442623
07/11/2025 15:01:47,0.2297734627831715
07/11/2025 15:01:47,0.21794871794871795
07/11/2025 15:01:47,0.20253164556962025
07/11/2025 15:01:47,0.22186495176848875
07/11/2025 15:01:47,0.24183006535947713
07/11/2025 15:01:47,0.2297734627831715
07/11/2025 15:01:48,0.21019108280254778
07/11/2025 15:01:48,0.21405750798722045
07/11/2025 15:01:48,0.24183006535947713
07/11/2025 15:01:48,0.21794871794871795
07/11/2025 15:01:48,0.2709030100334448
07/11/2025 15:01:48,0.25412541254125415
07/11/2025 15:01:48,0.1949685534591195
07/11/2025 15:01:49,0.25
07/11/2025 15:01:49,0.1949685534591195
07/11/2025 15:01:49,0.20253164556962025
07/11/2025 15:01:49,0.25412541254125415
07/11/2025 15:01:49,0.19873817034700317
07/11/2025 15:01:49,0.23376623376623376
07/11/2025 15:01:50,0.21019108280254778
07/11/2025 15:01:50,0.23376623376623376
07/11/2025 15:01:50,0.19873817034700317
07/11/2025 15:01:50,0.2297734627831715
07/11/2025 15:01:50,0.25
07/11/2025 15:01:50,0.21019108280254778
07/11/2025 15:01:51,0.22580645161290322
07/11/2025 15:01:51,0.21794871794871795
07/11/2025 15:01:51,0.2459016393442623
07/11/2025 15:01:51,0.20253164556962025
07/11/2025 15:01:51,0.2582781456953642
07/11/2025 15:01:51,0.2297734627831715
07/11/2025 15:01:52,0.21794871794871795
07/11/2025 15:01:52,0.2459016393442623
07/11/2025 15:01:52,0.26245847176079734
07/11/2025 15:01:52,0.21019108280254778
07/11/2025 15:01:52,0.1949685534591195
07/11/2025 15:01:52,0.21019108280254778
07/11/2025 15:01:52,0.20253164556962025
07/11/2025 15:01:53,0.21794871794871795
07/11/2025 15:01:53,0.23778501628664495
07/11/2025 15:01:53,0.22580645161290322
07/11/2025 15:01:53,0.20634920634920634
07/11/2025 15:01:53,0.20253164556962025
07/11/2025 15:01:53,0.21019108280254778
07/11/2025 15:01:54,0.21405750798722045
07/11/2025 15:01:54,0.1728395061728395
07/11/2025 15:01:54,0.23376623376623376
07/11/2025 15:01:54,0.1838006230529595
07/11/2025 15:01:54,0.21794871794871795
07/11/2025 15:01:54,0.20634920634920634
07/11/2025 15:01:55,0.2459016393442623
07/11/2025 15:01:55,0.22580645161290322
07/11/2025 15:01:55,0.22186495176848875
07/11/2025 15:01:55,0.2459016393442623
07/11/2025 15:01:55,0.17647058823529413
07/11/2025 15:01:55,0.24183006535947713
07/11/2025 15:01:55,0.1949685534591195
07/11/2025 15:01:56,0.26245847176079734
07/11/2025 15:01:56,0.20253164556962025
07/11/2025 15:01:56,0.21019108280254778
07/11/2025 15:01:56,0.23778501628664495
07/11/2025 15:01:56,0.19122257053291536
07/11/2025 15:01:56,0.2459016393442623
07/11/2025 15:01:57,0.2297734627831715
07/11/2025 15:01:57,0.20634920634920634
07/11/2025 15:01:57,0.23376623376623376
07/11/2025 15:01:57,0.20634920634920634
07/11/2025 15:01:57,0.2459016393442623
07/11/2025 15:01:57,0.21405750798722045
07/11/2025 15:01:58,0.2459016393442623
07/11/2025 15:01:58,0.2297734627831715
07/11/2025 15:01:58,0.21794871794871795
07/11/2025 15:01:58,0.21794871794871795
07/11/2025 15:01:58,0.2459016393442623
07/11/2025 15:01:58,0.22186495176848875
07/11/2025 15:01:58,0.21405750798722045
07/11/2025 15:01:59,0.22580645161290322
07/11/2025 15:01:59,0.21019108280254778
07/11/2025 15:01:59,0.26666666666666666
07/11/2025 15:01:59,0.20634920634920634
07/11/2025 15:01:59,0.2297734627831715
07/11/2025 15:01:59,0.2751677852348993
07/11/2025 15:02:00,0.19873817034700317
07/11/2025 15:02:00,0.21405750798722045
07/11/2025 15:02:00,0.24183006535947713
07/11/2025 15:02:00,0.25412541254125415
07/11/2025 15:02:00,0.22186495176848875
07/11/2025 15:02:00,0.21019108280254778
07/11/2025 15:02:01,0.2709030100334448
07/11/2025 15:02:01,0.2297734627831715
07/11/2025 15:02:01,0.20253164556962025
07/11/2025 15:02:01,0.23778501628664495
07/11/2025 15:02:01,0.20253164556962025
07/11/2025 15:02:01,0.21405750798722045
07/11/2025 15:02:02,0.2459016393442623
07/11/2025 15:02:02,0.22186495176848875
07/11/2025 15:02:02,0.20253164556962025
07/11/2025 15:02:02,0.21405750798722045
07/11/2025 15:02:02,0.25
07/11/2025 15:02:02,0.20253164556962025
07/11/2025 15:02:03,0.20253164556962025
07/11/2025 15:02:03,0.20253164556962025
07/11/2025 15:02:03,0.23376623376623376
07/11/2025 15:02:03,0.24183006535947713
07/11/2025 15:02:03,0.19122257053291536
07/11/2025 15:02:03,0.21794871794871795
07/11/2025 15:02:04,0.22186495176848875
07/11/2025 15:02:04,0.19122257053291536
07/11/2025 15:02:04,0.21019108280254778
07/11/2025 15:02:04,0.22580645161290322
07/11/2025 15:02:04,0.2751677852348993
07/11/2025 15:02:04,0.23778501628664495
07/11/2025 15:02:04,0.25412541254125415
07/11/2025 15:02:05,0.22580645161290322
07/11/2025 15:02:05,0.21405750798722045
07/11/2025 15:02:05,0.21794871794871795
07/11/2025 15:02:05,0.25
07/11/2025 15:02:05,0.23376623376623376
07/11/2025 15:02:05,0.1875
07/11/2025 15:02:06,0.20634920634920634
07/11/2025 15:02:06,0.22580645161290322
07/11/2025 15:02:06,0.23778501628664495
07/11/2025 15:02:06,0.21794871794871795
07/11/2025 15:02:06,0.28378378378378377
07/11/2025 15:02:06,0.22186495176848875
07/11/2025 15:02:06,0.21794871794871795
07/11/2025 15:02:07,0.1875
07/11/2025 15:02:07,0.1875
07/11/2025 15:02:07,0.1838006230529595
07/11/2025 15:02:07,0.22186495176848875
07/11/2025 15:02:07,0.1949685534591195
07/11/2025 15:02:07,0.2709030100334448
07/11/2025 15:02:08,0.1656441717791411
07/11/2025 15:02:08,0.2297734627831715
07/11/2025 15:02:08,0.22580645161290322
07/11/2025 15:02:08,0.1656441717791411
07/11/2025 15:02:08,0.20253164556962025
07/11/2025 15:02:08,0.22186495176848875
07/11/2025 15:02:09,0.25
07/11/2025 15:02:09,0.2582781456953642
07/11/2025 15:02:09,0.20253164556962025
07/11/2025 15:02:09,0.22186495176848875
07/11/2025 15:02:09,0.22580645161290322
07/11/2025 15:02:09,0.25412541254125415
07/11/2025 15:02:09,0.20253164556962025
07/11/2025 15:02:10,0.22580645161290322
07/11/2025 15:02:10,0.19122257053291536
07/11/2025 15:02:10,0.21019108280254778
07/11/2025 15:02:10,0.20634920634920634
07/11/2025 15:02:10,0.2709030100334448
07/11/2025 15:02:10,0.22186495176848875
07/11/2025 15:02:11,0.20634920634920634
07/11/2025 15:02:11,0.23376623376623376
07/11/2025 15:02:11,0.2459016393442623
07/11/2025 15:02:11,0.22186495176848875
07/11/2025 15:02:11,0.25412541254125415
07/11/2025 15:02:11,0.23778501628664495
07/11/2025 15:02:11,0.22580645161290322
07/11/2025 15:02:12,0.25412541254125415
07/11/2025 15:02:12,0.21794871794871795
07/11/2025 15:02:12,0.24183006535947713
07/11/2025 15:02:12,0.19873817034700317
07/11/2025 15:02:12,0.21019108280254778
07/11/2025 15:02:12,0.2297734627831715
07/11/2025 15:02:13,0.21019108280254778
07/11/2025 15:02:13,0.2582781456953642
07/11/2025 15:02:13,0.2709030100334448
07/11/2025 15:02:13,0.22186495176848875
07/11/2025 15:02:13,0.22186495176848875
07/11/2025 15:02:13,0.22580645161290322
07/11/2025 15:02:14,0.2459016393442623
07/11/2025 15:02:14,0.21019108280254778
07/11/2025 15:02:14,0.21794871794871795
07/11/2025 15:02:14,0.21019108280254778
07/11/2025 15:02:14,0.22186495176848875
07/11/2025 15:02:14,0.18012422360248448
07/11/2025 15:02:15,0.21019108280254778
07/11/2025 15:02:15,0.24183006535947713
07/11/2025 15:02:15,0.23376623376623376
07/11/2025 15:02:15,0.1875
07/11/2025 15:02:15,0.2297734627831715
07/11/2025 15:02:15,0.1949685534591195
07/11/2025 15:02:16,0.21794871794871795
07/11/2025 15:02:16,0.24183006535947713
07/11/2025 15:02:16,0.24183006535947713
07/11/2025 15:02:16,0.2297734627831715
07/11/2025 15:02:16,0.26245847176079734
07/11/2025 15:02:16,0.21405750798722045
07/11/2025 15:02:16,0.1949685534591195
07/11/2025 15:02:17,0.21019108280254778
07/11/2025 15:02:17,0.21794871794871795
07/11/2025 15:02:17,0.20253164556962025
07/11/2025 15:02:17,0.22580645161290322
07/11/2025 15:02:17,0.26245847176079734
07/11/2025 15:02:17,0.2297734627831715
07/11/2025 15:02:18,0.21019108280254778
07/11/2025 15:02:18,0.21019108280254778
07/11/2025 15:02:18,0.21405750798722045
07/11/2025 15:02:18,0.25
07/11/2025 15:02:18,0.21794871794871795
07/11/2025 15:02:18,0.23376623376623376
07/11/2025 15:02:19,0.23778501628664495
07/11/2025 15:02:19,0.21794871794871795
07/11/2025 15:02:19,0.2297734627831715
07/11/2025 15:02:19,0.22580645161290322
07/11/2025 15:02:19,0.22580645161290322
07/11/2025 15:02:19,0.23778501628664495
07/11/2025 15:02:19,0.2297734627831715
07/11/2025 15:02:20,0.23376623376623376
07/11/2025 15:02:20,0.21019108280254778
07/11/2025 15:02:20,0.21405750798722045
07/11/2025 15:02:20,0.23376623376623376
07/11/2025 15:02:20,0.21019108280254778
07/11/2025 15:02:20,0.23778501628664495
07/11/2025 15:02:21,0.2297734627831715
07/11/2025 15:02:21,0.19122257053291536
07/11/2025 15:02:21,0.23778501628664495
07/11/2025 15:02:21,0.2297734627831715
07/11/2025 15:02:21,0.21019108280254778
07/11/2025 15:02:21,0.21019108280254778
07/11/2025 15:02:21,0.23778501628664495
07/11/2025 15:02:22,0.19873817034700317
07/11/2025 15:02:22,0.2297734627831715
07/11/2025 15:02:22,0.23376623376623376
07/11/2025 15:02:22,0.1949685534591195
07/11/2025 15:02:22,0.22580645161290322
07/11/2025 15:02:22,0.1838006230529595
07/11/2025 15:02:23,0.20634920634920634
07/11/2025 15:02:23,0.23376623376623376
07/11/2025 15:02:23,0.2582781456953642
07/11/2025 15:02:23,0.19873817034700317
07/11/2025 15:02:23,0.19873817034700317
07/11/2025 15:02:23,0.21405750798722045
07/11/2025 15:02:24,0.2459016393442623
07/11/2025 15:02:24,0.2459016393442623
07/11/2025 15:02:24,0.24183006535947713
07/11/2025 15:02:24,0.19873817034700317
07/11/2025 15:02:24,0.22186495176848875
07/11/2025 15:02:24,0.20253164556962025
07/11/2025 15:02:24,0.24183006535947713
07/11/2025 15:02:25,0.18012422360248448
07/11/2025 15:02:25,0.24183006535947713
07/11/2025 15:02:25,0.19873817034700317
07/11/2025 15:02:25,0.23376623376623376
07/11/2025 15:02:25,0.25412541254125415
07/11/2025 15:02:25,0.21405750798722045
07/11/2025 15:02:26,0.22186495176848875
07/11/2025 15:02:26,0.21794871794871795
07/11/2025 15:02:26,0.21019108280254778
07/11/2025 15:02:26,0.18012422360248448
07/11/2025 15:02:26,0.21019108280254778
07/11/2025 15:02:26,0.22186495176848875
07/11/2025 15:02:27,0.21019108280254778
07/11/2025 15:02:27,0.20253164556962025
07/11/2025 15:02:27,0.22186495176848875
07/11/2025 15:02:27,0.23376623376623376
07/11/2025 15:02:27,0.21405750798722045
07/11/2025 15:02:27,0.22186495176848875
07/11/2025 15:02:27,0.20253164556962025
07/11/2025 15:02:28,0.23376623376623376
07/11/2025 15:02:28,0.24183006535947713
07/11/2025 15:02:28,0.20634920634920634
07/11/2025 15:02:28,0.23376623376623376
07/11/2025 15:02:29,0.21405750798722045
07/11/2025 15:02:29,0.22580645161290322
07/11/2025 15:02:29,0.21019108280254778
07/11/2025 15:02:29,0.25
07/11/2025 15:02:29,0.22580645161290322
07/11/2025 15:02:29,0.23778501628664495
07/11/2025 15:02:30,0.20253164556962025
07/11/2025 15:02:30,0.16923076923076924
07/11/2025 15:02:30,0.21019108280254778
07/11/2025 15:02:30,0.21405750798722045
07/11/2025 15:02:30,0.23376623376623376
07/11/2025 15:02:30,0.19873817034700317
07/11/2025 15:02:31,0.23778501628664495
07/11/2025 15:02:31,0.20634920634920634
07/11/2025 15:02:31,0.21019108280254778
07/11/2025 15:02:31,0.23376623376623376
07/11/2025 15:02:31,0.22186495176848875
07/11/2025 15:02:31,0.22580645161290322
07/11/2025 15:02:31,0.23376623376623376
07/11/2025 15:02:32,0.2459016393442623
07/11/2025 15:02:32,0.21405750798722045
07/11/2025 15:02:32,0.21794871794871795
07/11/2025 15:02:32,0.2297734627831715
07/11/2025 15:02:32,0.23778501628664495
07/11/2025 15:02:32,0.22186495176848875
07/11/2025 15:02:33,0.21019108280254778
07/11/2025 15:02:33,0.22186495176848875
07/11/2025 15:02:33,0.22580645161290322
07/11/2025 15:02:33,0.20634920634920634
07/11/2025 15:02:33,0.1949685534591195
07/11/2025 15:02:33,0.23778501628664495
07/11/2025 15:02:33,0.19873817034700317
07/11/2025 15:02:34,0.26666666666666666
07/11/2025 15:02:34,0.25412541254125415
07/11/2025 15:02:34,0.25412541254125415
07/11/2025 15:02:34,0.2297734627831715
07/11/2025 15:02:34,0.20253164556962025
07/11/2025 15:02:35,0.22580645161290322
07/11/2025 15:02:35,0.21405750798722045
07/11/2025 15:02:35,0.25412541254125415
07/11/2025 15:02:35,0.2297734627831715
07/11/2025 15:02:35,0.22186495176848875
07/11/2025 15:02:35,0.21794871794871795
07/11/2025 15:02:36,0.21794871794871795
07/11/2025 15:02:36,0.25
07/11/2025 15:02:36,0.21794871794871795
07/11/2025 15:02:36,0.2297734627831715
07/11/2025 15:02:36,0.21405750798722045
07/11/2025 15:02:36,0.22580645161290322
07/11/2025 15:02:36,0.22580645161290322
07/11/2025 15:02:37,0.23376623376623376
07/11/2025 15:02:37,0.21794871794871795
07/11/2025 15:02:37,0.21405750798722045
07/11/2025 15:02:37,0.25
07/11/2025 15:02:37,0.22186495176848875
07/11/2025 15:02:37,0.23376623376623376
07/11/2025 15:02:38,0.21794871794871795
07/11/2025 15:02:38,0.22186495176848875
07/11/2025 15:02:38,0.20634920634920634
07/11/2025 15:02:38,0.21794871794871795
07/11/2025 15:02:38,0.25
07/11/2025 15:02:38,0.22580645161290322
07/11/2025 15:02:39,0.1875
07/11/2025 15:02:39,0.2297734627831715
07/11/2025 15:02:39,0.23376623376623376
07/11/2025 15:02:39,0.22186495176848875
07/11/2025 15:02:39,0.23376623376623376
07/11/2025 15:02:40,0.24183006535947713
07/11/2025 15:02:40,0.2297734627831715
07/11/2025 15:02:40,0.21405750798722045
07/11/2025 15:02:40,0.2459016393442623
07/11/2025 15:02:40,0.19122257053291536
07/11/2025 15:02:40,0.19873817034700317
07/11/2025 15:02:40,0.22186495176848875
07/11/2025 15:02:41,0.22186495176848875
07/11/2025 15:02:41,0.25
07/11/2025 15:02:41,0.23778501628664495
07/11/2025 15:02:41,0.21019108280254778
07/11/2025 15:02:41,0.2459016393442623
07/11/2025 15:02:41,0.21019108280254778
07/11/2025 15:02:42,0.21405750798722045
07/11/2025 15:02:42,0.21019108280254778
07/11/2025 15:02:42,0.20634920634920634
07/11/2025 15:02:42,0.21405750798722045
07/11/2025 15:02:42,0.19122257053291536
07/11/2025 15:02:42,0.23376623376623376
07/11/2025 15:02:43,0.2459016393442623
07/11/2025 15:02:43,0.24183006535947713
07/11/2025 15:02:43,0.24183006535947713
07/11/2025 15:02:43,0.23376623376623376
07/11/2025 15:02:43,0.2297734627831715
07/11/2025 15:02:43,0.22580645161290322
07/11/2025 15:02:44,0.2297734627831715
07/11/2025 15:02:44,0.21405750798722045
07/11/2025 15:02:44,0.21019108280254778
07/11/2025 15:02:44,0.19122257053291536
07/11/2025 15:02:44,0.2297734627831715
07/11/2025 15:02:44,0.22186495176848875
07/11/2025 15:02:44,0.24183006535947713
07/11/2025 15:02:45,0.20253164556962025
07/11/2025 15:02:45,0.20253164556962025
07/11/2025 15:02:45,0.1620795107033639
07/11/2025 15:02:45,0.21019108280254778
07/11/2025 15:02:45,0.23778501628664495
07/11/2025 15:02:45,0.2297734627831715
07/11/2025 15:02:46,0.23376623376623376
07/11/2025 15:02:46,0.23376623376623376
07/11/2025 15:02:46,0.24183006535947713
07/11/2025 15:02:46,0.23376623376623376
07/11/2025 15:02:46,0.23376623376623376
07/11/2025 15:02:46,0.23376623376623376
07/11/2025 15:02:46,0.22580645161290322
07/11/2025 15:02:47,0.22580645161290322
07/11/2025 15:02:47,0.21405750798722045
07/11/2025 15:02:47,0.21794871794871795
07/11/2025 15:02:47,0.19873817034700317
07/11/2025 15:02:47,0.21019108280254778
07/11/2025 15:02:47,0.23376623376623376
07/11/2025 15:02:48,0.2709030100334448
07/11/2025 15:02:48,0.2459016393442623
07/11/2025 15:02:48,0.20253164556962025
07/11/2025 15:02:48,0.23778501628664495
07/11/2025 15:02:48,0.23376623376623376
07/11/2025 15:02:48,0.22580645161290322
07/11/2025 15:02:49,0.20634920634920634
07/11/2025 15:02:49,0.20634920634920634
07/11/2025 15:02:49,0.19873817034700317
07/11/2025 15:02:49,0.26245847176079734
07/11/2025 15:02:49,0.2297734627831715
07/11/2025 15:02:49,0.22580645161290322
07/11/2025 15:02:49,0.2297734627831715
07/11/2025 15:02:50,0.22186495176848875
07/11/2025 15:02:50,0.21405750798722045
07/11/2025 15:02:50,0.21019108280254778
07/11/2025 15:02:50,0.20634920634920634
07/11/2025 15:02:50,0.23376623376623376
07/11/2025 15:02:50,0.22580645161290322
07/11/2025 15:02:51,0.22580645161290322
07/11/2025 15:02:51,0.22186495176848875
07/11/2025 15:02:51,0.24183006535947713
07/11/2025 15:02:51,0.21794871794871795
07/11/2025 15:02:51,0.20253164556962025
07/11/2025 15:02:51,0.23376623376623376
07/11/2025 15:02:51,0.23376623376623376
07/11/2025 15:02:52,0.21405750798722045
07/11/2025 15:02:52,0.24183006535947713
07/11/2025 15:02:52,0.20634920634920634
07/11/2025 15:02:52,0.20634920634920634
07/11/2025 15:02:52,0.20253164556962025
07/11/2025 15:02:52,0.20253164556962025
07/11/2025 15:02:53,0.20253164556962025
07/11/2025 15:02:53,0.19873817034700317
07/11/2025 15:02:53,0.22186495176848875
07/11/2025 15:02:53,0.21794871794871795
07/11/2025 15:02:53,0.20634920634920634
07/11/2025 15:02:53,0.21405750798722045
07/11/2025 15:02:54,0.2582781456953642
07/11/2025 15:02:54,0.22186495176848875
07/11/2025 15:02:54,0.26245847176079734
07/11/2025 15:02:54,0.18012422360248448
07/11/2025 15:02:54,0.24183006535947713
07/11/2025 15:02:54,0.21405750798722045
07/11/2025 15:02:55,0.22580645161290322
07/11/2025 15:02:55,0.23376623376623376
07/11/2025 15:02:55,0.22186495176848875
07/11/2025 15:02:55,0.22186495176848875
07/11/2025 15:02:55,0.21794871794871795
07/11/2025 15:02:55,0.21405750798722045
07/11/2025 15:02:55,0.21794871794871795
07/11/2025 15:02:56,0.19873817034700317
07/11/2025 15:02:56,0.25
07/11/2025 15:02:56,0.1949685534591195
07/11/2025 15:02:56,0.22186495176848875
07/11/2025 15:02:56,0.20634920634920634
07/11/2025 15:02:56,0.2297734627831715
07/11/2025 15:02:57,0.24183006535947713
07/11/2025 15:02:57,0.22186495176848875
07/11/2025 15:02:57,0.23376623376623376
07/11/2025 15:02:57,0.19873817034700317
07/11/2025 15:02:57,0.25412541254125415
07/11/2025 15:02:57,0.22580645161290322
07/11/2025 15:02:58,0.23778501628664495
07/11/2025 15:02:58,0.22186495176848875
07/11/2025 15:02:58,0.24183006535947713
07/11/2025 15:02:58,0.1875
07/11/2025 15:02:58,0.2297734627831715
07/11/2025 15:02:58,0.19873817034700317
07/11/2025 15:02:58,0.21794871794871795
07/11/2025 15:02:59,0.2459016393442623
07/11/2025 15:02:59,0.20634920634920634
07/11/2025 15:02:59,0.22580645161290322
07/11/2025 15:02:59,0.23376623376623376
07/11/2025 15:02:59,0.19122257053291536
07/11/2025 15:02:59,0.22580645161290322
07/11/2025 15:03:00,0.18012422360248448
07/11/2025 15:03:00,0.24183006535947713
07/11/2025 15:03:00,0.22580645161290322
07/11/2025 15:03:00,0.21794871794871795
07/11/2025 15:03:00,0.2459016393442623
07/11/2025 15:03:00,0.21794871794871795
07/11/2025 15:03:01,0.1728395061728395
07/11/2025 15:03:01,0.21019108280254778
07/11/2025 15:03:01,0.21405750798722045
07/11/2025 15:03:01,0.1875
07/11/2025 15:03:01,0.22186495176848875
07/11/2025 15:03:01,0.20634920634920634
07/11/2025 15:03:01,0.24183006535947713
07/11/2025 15:03:02,0.22186495176848875
07/11/2025 15:03:02,0.21794871794871795
07/11/2025 15:03:02,0.23376623376623376
07/11/2025 15:03:02,0.23778501628664495
07/11/2025 15:03:02,0.19873817034700317
07/11/2025 15:03:02,0.21794871794871795
07/11/2025 15:03:03,0.21794871794871795
07/11/2025 15:03:03,0.2297734627831715
07/11/2025 15:03:03,0.25412541254125415
07/11/2025 15:03:03,0.2297734627831715
07/11/2025 15:03:03,0.23376623376623376
07/11/2025 15:03:03,0.22186495176848875
07/11/2025 15:03:04,0.21405750798722045
07/11/2025 15:03:04,0.20634920634920634
07/11/2025 15:03:04,0.22580645161290322
07/11/2025 15:03:04,0.22580645161290322
07/11/2025 15:03:04,0.2459016393442623
07/11/2025 15:03:04,0.2459016393442623
07/11/2025 15:03:05,0.2297734627831715
07/11/2025 15:03:05,0.21019108280254778
07/11/2025 15:03:05,0.20253164556962025
07/11/2025 15:03:05,0.19873817034700317
07/11/2025 15:03:05,0.2459016393442623
07/11/2025 15:03:05,0.24183006535947713
07/11/2025 15:03:05,0.20253164556962025
07/11/2025 15:03:06,0.21405750798722045
07/11/2025 15:03:06,0.21019108280254778
07/11/2025 15:03:06,0.22580645161290322
07/11/2025 15:03:06,0.2297734627831715
07/11/2025 15:03:06,0.21019108280254778
07/11/2025 15:03:06,0.22580645161290322
07/11/2025 15:03:07,0.22580645161290322
07/11/2025 15:03:07,0.2297734627831715
07/11/2025 15:03:07,0.25
07/11/2025 15:03:07,0.20253164556962025
07/11/2025 15:03:07,0.22186495176848875
07/11/2025 15:03:07,0.21405750798722045
07/11/2025 15:03:08,0.23376623376623376
07/11/2025 15:03:08,0.19122257053291536
07/11/2025 15:03:08,0.23778501628664495
07/11/2025 15:03:08,0.2297734627831715
07/11/2025 15:03:08,0.23376623376623376
07/11/2025 15:03:08,0.1838006230529595
07/11/2025 15:03:08,0.26245847176079734
07/11/2025 15:03:09,0.22186495176848875
07/11/2025 15:03:09,0.21405750798722045
07/11/2025 15:03:09,0.21405750798722045
07/11/2025 15:03:09,0.2297734627831715
07/11/2025 15:03:09,0.1949685534591195
07/11/2025 15:03:09,0.23376623376623376
07/11/2025 15:03:10,0.2297734627831715
07/11/2025 15:03:10,0.21019108280254778
07/11/2025 15:03:10,0.25
07/11/2025 15:03:10,0.23778501628664495
07/11/2025 15:03:10,0.25412541254125415
07/11/2025 15:03:10,0.20634920634920634
07/11/2025 15:03:11,0.23778501628664495
07/11/2025 15:03:11,0.20253164556962025
07/11/2025 15:03:11,0.21794871794871795
07/11/2025 15:03:11,0.19873817034700317
07/11/2025 15:03:11,0.26666666666666666
07/11/2025 15:03:11,0.21405750798722045
07/11/2025 15:03:11,0.19122257053291536
07/11/2025 15:03:12,0.2297734627831715
07/11/2025 15:03:12,0.16923076923076924
07/11/2025 15:03:12,0.23778501628664495
07/11/2025 15:03:12,0.25
07/11/2025 15:03:12,0.20634920634920634
07/11/2025 15:03:12,0.1875
07/11/2025 15:03:13,0.17647058823529413
07/11/2025 15:03:13,0.2297734627831715
07/11/2025 15:03:13,0.25412541254125415
07/11/2025 15:03:13,0.21019108280254778
07/11/2025 15:03:13,0.23778501628664495
07/11/2025 15:03:13,0.25
07/11/2025 15:03:14,0.19873817034700317
07/11/2025 15:03:14,0.19873817034700317
07/11/2025 15:03:14,0.19873817034700317
07/11/2025 15:03:14,0.21794871794871795
07/11/2025 15:03:14,0.23778501628664495
07/11/2025 15:03:14,0.19873817034700317
07/11/2025 15:03:14,0.1875
07/11/2025 15:03:15,0.19122257053291536
07/11/2025 15:03:15,0.26245847176079734
07/11/2025 15:03:15,0.21405750798722045
07/11/2025 15:03:15,0.25412541254125415
07/11/2025 15:03:15,0.26666666666666666
07/11/2025 15:03:15,0.19873817034700317
07/11/2025 15:03:16,0.24183006535947713
07/11/2025 15:03:16,0.21794871794871795
07/11/2025 15:03:16,0.20634920634920634
07/11/2025 15:03:16,0.21405750798722045
07/11/2025 15:03:16,0.21794871794871795
07/11/2025 15:03:16,0.20634920634920634
07/11/2025 15:03:17,0.20253164556962025
07/11/2025 15:03:17,0.23376623376623376
07/11/2025 15:03:17,0.2297734627831715
07/11/2025 15:03:17,0.2459016393442623
07/11/2025 15:03:17,0.23778501628664495
07/11/2025 15:03:17,0.19873817034700317
07/11/2025 15:03:18,0.25
07/11/2025 15:03:18,0.23376623376623376
07/11/2025 15:03:18,0.19873817034700317
07/11/2025 15:03:18,0.23376623376623376
07/11/2025 15:03:18,0.23376623376623376
07/11/2025 15:03:19,0.24183006535947713
07/11/2025 15:03:19,0.22186495176848875
07/11/2025 15:03:19,0.16923076923076924
07/11/2025 15:03:19,0.19122257053291536
07/11/2025 15:03:19,0.21794871794871795
07/11/2025 15:03:19,0.19122257053291536
07/11/2025 15:03:20,0.2582781456953642
07/11/2025 15:03:20,0.23376623376623376
07/11/2025 15:03:20,0.22186495176848875
07/11/2025 15:03:20,0.21019108280254778
07/11/2025 15:03:20,0.2297734627831715
07/11/2025 15:03:20,0.19873817034700317
07/11/2025 15:03:21,0.20253164556962025
07/11/2025 15:03:21,0.19873817034700317
07/11/2025 15:03:21,0.2297734627831715
07/11/2025 15:03:21,0.1949685534591195
07/11/2025 15:03:21,0.20634920634920634
07/11/2025 15:03:22,0.22186495176848875
07/11/2025 15:03:22,0.2459016393442623
07/11/2025 15:03:22,0.22580645161290322
07/11/2025 15:03:22,0.23376623376623376
07/11/2025 15:03:22,0.2459016393442623
07/11/2025 15:03:22,0.24183006535947713
07/11/2025 15:03:23,0.22580645161290322
07/11/2025 15:03:23,0.23778501628664495
07/11/2025 15:03:23,0.19873817034700317
07/11/2025 15:03:23,0.21794871794871795
07/11/2025 15:03:23,0.24183006535947713
07/11/2025 15:03:23,0.20634920634920634
07/11/2025 15:03:23,0.21405750798722045
07/11/2025 15:03:24,0.1875
07/11/2025 15:03:24,0.23778501628664495
07/11/2025 15:03:24,0.22580645161290322
07/11/2025 15:03:24,0.21405750798722045
07/11/2025 15:03:24,0.23778501628664495
07/11/2025 15:03:24,0.19873817034700317
07/11/2025 15:03:25,0.20253164556962025
07/11/2025 15:03:25,0.22580645161290322
07/11/2025 15:03:25,0.16923076923076924
07/11/2025 15:03:25,0.21405750798722045
07/11/2025 15:03:25,0.2582781456953642
07/11/2025 15:03:25,0.25
07/11/2025 15:03:25,0.23376623376623376
07/11/2025 15:03:26,0.1949685534591195
07/11/2025 15:03:26,0.20253164556962025
07/11/2025 15:03:26,0.22580645161290322
07/11/2025 15:03:26,0.2459016393442623
07/11/2025 15:03:26,0.22186495176848875
07/11/2025 15:03:26,0.21019108280254778
07/11/2025 15:03:27,0.1949685534591195
07/11/2025 15:03:27,0.21794871794871795
07/11/2025 15:03:27,0.22580645161290322
07/11/2025 15:03:27,0.25412541254125415
07/11/2025 15:03:27,0.2297734627831715
07/11/2025 15:03:27,0.24183006535947713
07/11/2025 15:03:28,0.2297734627831715
07/11/2025 15:03:28,0.2297734627831715
07/11/2025 15:03:28,0.20634920634920634
07/11/2025 15:03:28,0.21019108280254778
07/11/2025 15:03:28,0.19122257053291536
07/11/2025 15:03:28,0.21794871794871795
07/11/2025 15:03:28,0.21405750798722045
07/11/2025 15:03:29,0.21019108280254778
07/11/2025 15:03:29,0.2297734627831715
07/11/2025 15:03:29,0.1949685534591195
07/11/2025 15:03:29,0.22186495176848875
07/11/2025 15:03:29,0.20253164556962025
07/11/2025 15:03:29,0.22186495176848875
07/11/2025 15:03:30,0.2709030100334448
07/11/2025 15:03:30,0.24183006535947713
07/11/2025 15:03:30,0.2297734627831715
07/11/2025 15:03:30,0.23778501628664495
07/11/2025 15:03:30,0.19122257053291536
07/11/2025 15:03:31,0.23376623376623376
07/11/2025 15:03:31,0.2297734627831715
07/11/2025 15:03:31,0.21019108280254778
07/11/2025 15:03:31,0.20253164556962025
07/11/2025 15:03:31,0.2582781456953642
07/11/2025 15:03:31,0.21794871794871795
07/11/2025 15:03:31,0.23376623376623376
07/11/2025 15:03:32,0.21405750798722045
07/11/2025 15:03:32,0.19122257053291536
07/11/2025 15:03:32,0.20253164556962025
07/11/2025 15:03:32,0.21019108280254778
07/11/2025 15:03:32,0.21019108280254778
07/11/2025 15:03:33,0.19873817034700317
07/11/2025 15:03:33,0.23778501628664495
07/11/2025 15:03:33,0.20634920634920634
07/11/2025 15:03:33,0.1728395061728395
07/11/2025 15:03:33,0.2297734627831715
07/11/2025 15:03:33,0.2297734627831715
07/11/2025 15:03:34,0.21019108280254778
07/11/2025 15:03:34,0.22580645161290322
07/11/2025 15:03:34,0.1875
07/11/2025 15:03:34,0.21794871794871795
07/11/2025 15:03:34,0.19873817034700317
07/11/2025 15:03:35,0.21019108280254778
07/11/2025 15:03:35,0.20253164556962025
07/11/2025 15:03:35,0.22580645161290322
07/11/2025 15:03:35,0.21794871794871795
07/11/2025 15:03:35,0.24183006535947713
07/11/2025 15:03:35,0.19873817034700317
07/11/2025 15:03:36,0.25
07/11/2025 15:03:36,0.20253164556962025
07/11/2025 15:03:36,0.21794871794871795
07/11/2025 15:03:36,0.2297734627831715
07/11/2025 15:03:36,0.26666666666666666
07/11/2025 15:03:36,0.19122257053291536
07/11/2025 15:03:37,0.22186495176848875
07/11/2025 15:03:37,0.26666666666666666
07/11/2025 15:03:37,0.24183006535947713
07/11/2025 15:03:37,0.22186495176848875
07/11/2025 15:03:37,0.19873817034700317
07/11/2025 15:03:38,0.2297734627831715
07/11/2025 15:03:38,0.20634920634920634
07/11/2025 15:03:38,0.22186495176848875
07/11/2025 15:03:38,0.2459016393442623
07/11/2025 15:03:38,0.21019108280254778
07/11/2025 15:03:39,0.22580645161290322
07/11/2025 15:03:39,0.25
07/11/2025 15:03:39,0.1949685534591195
07/11/2025 15:03:39,0.25412541254125415
07/11/2025 15:03:39,0.20253164556962025
07/11/2025 15:03:39,0.1875
07/11/2025 15:03:40,0.25
07/11/2025 15:03:40,0.20253164556962025
07/11/2025 15:03:40,0.21405750798722045
07/11/2025 15:03:40,0.21794871794871795
07/11/2025 15:03:40,0.19122257053291536
07/11/2025 15:03:40,0.2459016393442623
07/11/2025 15:03:41,0.23778501628664495
07/11/2025 15:03:41,0.2297734627831715
07/11/2025 15:03:41,0.21019108280254778
07/11/2025 15:03:41,0.22580645161290322
07/11/2025 15:03:41,0.20634920634920634
07/11/2025 15:03:41,0.1875
07/11/2025 15:03:42,0.21019108280254778
07/11/2025 15:03:42,0.20634920634920634
07/11/2025 15:03:42,0.24183006535947713
07/11/2025 15:03:42,0.23376623376623376
07/11/2025 15:03:42,0.22186495176848875
07/11/2025 15:03:42,0.21019108280254778
07/11/2025 15:03:43,0.22186495176848875
07/11/2025 15:03:43,0.1875
07/11/2025 15:03:43,0.22186495176848875
07/11/2025 15:03:43,0.21405750798722045
07/11/2025 15:03:43,0.23376623376623376
07/11/2025 15:03:43,0.1875
07/11/2025 15:03:44,0.19122257053291536
07/11/2025 15:03:44,0.23778501628664495
07/11/2025 15:03:44,0.20634920634920634
07/11/2025 15:03:44,0.22186495176848875
07/11/2025 15:03:44,0.2297734627831715
07/11/2025 15:03:44,0.23376623376623376
07/11/2025 15:03:45,0.2297734627831715
07/11/2025 15:03:45,0.1875
07/11/2025 15:03:45,0.1949685534591195
07/11/2025 15:03:45,0.22186495176848875
07/11/2025 15:03:45,0.21794871794871795
07/11/2025 15:03:45,0.22186495176848875
07/11/2025 15:03:46,0.20253164556962025
07/11/2025 15:03:46,0.2297734627831715
07/11/2025 15:03:46,0.21019108280254778
07/11/2025 15:03:46,0.24183006535947713
07/11/2025 15:03:46,0.22186495176848875
07/11/2025 15:03:46,0.22186495176848875
07/11/2025 15:03:47,0.2297734627831715
07/11/2025 15:03:47,0.2709030100334448
07/11/2025 15:03:47,0.25412541254125415
07/11/2025 15:03:47,0.22186495176848875
07/11/2025 15:03:47,0.1875
07/11/2025 15:03:47,0.288135593220339
07/11/2025 15:03:47,0.21794871794871795
07/11/2025 15:03:48,0.23778501628664495
07/11/2025 15:03:48,0.21405750798722045
07/11/2025 15:03:48,0.21794871794871795
07/11/2025 15:03:48,0.21019108280254778
07/11/2025 15:03:48,0.23376623376623376
07/11/2025 15:03:48,0.23376623376623376
07/11/2025 15:03:49,0.18012422360248448
07/11/2025 15:03:49,0.25412541254125415
07/11/2025 15:03:49,0.22186495176848875
07/11/2025 15:03:49,0.21794871794871795
07/11/2025 15:03:49,0.21405750798722045
07/11/2025 15:03:49,0.19122257053291536
07/11/2025 15:03:50,0.22186495176848875
07/11/2025 15:03:50,0.23376623376623376
07/11/2025 15:03:50,0.2297734627831715
07/11/2025 15:03:50,0.22186495176848875
07/11/2025 15:03:50,0.20253164556962025
07/11/2025 15:03:50,0.23376623376623376
07/11/2025 15:03:51,0.22186495176848875
07/11/2025 15:03:51,0.23376623376623376
07/11/2025 15:03:51,0.23778501628664495
07/11/2025 15:03:51,0.22186495176848875
07/11/2025 15:03:51,0.23376623376623376
07/11/2025 15:03:51,0.23778501628664495
07/11/2025 15:03:51,0.23376623376623376
07/11/2025 15:03:52,0.22186495176848875
07/11/2025 15:03:52,0.21794871794871795
07/11/2025 15:03:52,0.23376623376623376
07/11/2025 15:03:52,0.2297734627831715
07/11/2025 15:03:52,0.23778501628664495
07/11/2025 15:03:52,0.21794871794871795
07/11/2025 15:03:53,0.20634920634920634
07/11/2025 15:03:53,0.23376623376623376
07/11/2025 15:03:53,0.20253164556962025
07/11/2025 15:03:53,0.19873817034700317
07/11/2025 15:03:53,0.19122257053291536
07/11/2025 15:03:53,0.21794871794871795
07/11/2025 15:03:53,0.19122257053291536
07/11/2025 15:03:54,0.21794871794871795
07/11/2025 15:03:54,0.22580645161290322
07/11/2025 15:03:54,0.1875
07/11/2025 15:03:54,0.2297734627831715
07/11/2025 15:03:54,0.20634920634920634
07/11/2025 15:03:54,0.20253164556962025
07/11/2025 15:03:55,0.21794871794871795
07/11/2025 15:03:55,0.23376623376623376
07/11/2025 15:03:55,0.22580645161290322
07/11/2025 15:03:55,0.21794871794871795
07/11/2025 15:03:55,0.20634920634920634
07/11/2025 15:03:55,0.25
07/11/2025 15:03:56,0.22186495176848875
07/11/2025 15:03:56,0.20253164556962025
07/11/2025 15:03:56,0.22186495176848875
07/11/2025 15:03:56,0.2459016393442623
07/11/2025 15:03:56,0.21794871794871795
07/11/2025 15:03:56,0.2297734627831715
07/11/2025 15:03:57,0.1949685534591195
07/11/2025 15:03:57,0.21794871794871795
07/11/2025 15:03:57,0.21019108280254778
07/11/2025 15:03:57,0.21405750798722045
07/11/2025 15:03:57,0.19122257053291536
07/11/2025 15:03:57,0.24183006535947713
07/11/2025 15:03:57,0.21794871794871795
07/11/2025 15:03:58,0.21794871794871795
07/11/2025 15:03:58,0.22580645161290322
07/11/2025 15:03:58,0.2751677852348993
07/11/2025 15:03:58,0.21794871794871795
07/11/2025 15:03:58,0.21405750798722045
07/11/2025 15:03:58,0.20634920634920634
07/11/2025 15:03:59,0.24183006535947713
07/11/2025 15:03:59,0.20634920634920634
07/11/2025 15:03:59,0.20634920634920634
07/11/2025 15:03:59,0.21405750798722045
07/11/2025 15:03:59,0.19122257053291536
07/11/2025 15:03:59,0.20634920634920634
07/11/2025 15:04:00,0.22186495176848875
07/11/2025 15:04:00,0.21405750798722045
07/11/2025 15:04:00,0.2297734627831715
07/11/2025 15:04:00,0.20634920634920634
07/11/2025 15:04:00,0.26666666666666666
07/11/2025 15:04:00,0.23778501628664495
07/11/2025 15:04:01,0.21405750798722045
07/11/2025 15:04:01,0.21405750798722045
07/11/2025 15:04:01,0.21019108280254778
07/11/2025 15:04:01,0.18012422360248448
07/11/2025 15:04:01,0.1875
07/11/2025 15:04:01,0.2297734627831715
07/11/2025 15:04:02,0.22580645161290322
07/11/2025 15:04:02,0.26666666666666666
07/11/2025 15:04:02,0.24183006535947713
07/11/2025 15:04:02,0.21019108280254778
07/11/2025 15:04:02,0.19122257053291536
07/11/2025 15:04:02,0.22186495176848875
07/11/2025 15:04:02,0.21405750798722045
07/11/2025 15:04:03,0.21019108280254778
07/11/2025 15:04:03,0.2297734627831715
07/11/2025 15:04:03,0.25
07/11/2025 15:04:03,0.22186495176848875
07/11/2025 15:04:03,0.1949685534591195
07/11/2025 15:04:03,0.1949685534591195
07/11/2025 15:04:04,0.19122257053291536
07/11/2025 15:04:04,0.25
07/11/2025 15:04:04,0.24183006535947713
07/11/2025 15:04:04,0.22186495176848875
07/11/2025 15:04:04,0.21794871794871795
07/11/2025 15:04:04,0.20253164556962025
07/11/2025 15:04:05,0.22186495176848875
07/11/2025 15:04:05,0.21019108280254778
07/11/2025 15:04:05,0.22186495176848875
07/11/2025 15:04:05,0.19873817034700317
07/11/2025 15:04:05,0.21794871794871795
07/11/2025 15:04:05,0.26245847176079734
07/11/2025 15:04:05,0.2297734627831715
07/11/2025 15:04:06,0.28378378378378377
07/11/2025 15:04:06,0.21794871794871795
07/11/2025 15:04:06,0.2751677852348993
07/11/2025 15:04:06,0.22580645161290322
07/11/2025 15:04:06,0.22580645161290322
07/11/2025 15:04:06,0.20634920634920634
07/11/2025 15:04:07,0.19873817034700317
07/11/2025 15:04:07,0.21019108280254778
07/11/2025 15:04:07,0.2459016393442623
07/11/2025 15:04:07,0.21794871794871795
07/11/2025 15:04:07,0.23778501628664495
07/11/2025 15:04:07,0.22186495176848875
07/11/2025 15:04:07,0.23778501628664495
07/11/2025 15:04:08,0.23778501628664495
07/11/2025 15:04:08,0.21019108280254778
07/11/2025 15:04:08,0.17647058823529413
07/11/2025 15:04:08,0.1875
07/11/2025 15:04:08,0.20253164556962025
07/11/2025 15:04:08,0.23778501628664495
07/11/2025 15:04:09,0.19873817034700317
07/11/2025 15:04:09,0.22186495176848875
07/11/2025 15:04:09,0.20253164556962025
07/11/2025 15:04:09,0.2297734627831715
07/11/2025 15:04:09,0.21405750798722045
07/11/2025 15:04:09,0.22186495176848875
07/11/2025 15:04:10,0.23376623376623376
07/11/2025 15:04:10,0.21019108280254778
07/11/2025 15:04:10,0.20634920634920634
07/11/2025 15:04:10,0.20634920634920634
07/11/2025 15:04:10,0.21019108280254778
07/11/2025 15:04:10,0.22580645161290322
07/11/2025 15:04:10,0.19873817034700317
07/11/2025 15:04:11,0.22580645161290322
07/11/2025 15:04:11,0.20634920634920634
07/11/2025 15:04:11,0.2459016393442623
07/11/2025 15:04:11,0.22580645161290322
07/11/2025 15:04:11,0.22186495176848875
07/11/2025 15:04:11,0.19873817034700317
07/11/2025 15:04:12,0.25412541254125415
07/11/2025 15:04:12,0.19873817034700317
07/11/2025 15:04:12,0.23778501628664495
07/11/2025 15:04:12,0.20634920634920634
07/11/2025 15:04:12,0.26245847176079734
07/11/2025 15:04:12,0.1949685534591195
07/11/2025 15:04:13,0.1949685534591195
07/11/2025 15:04:13,0.1728395061728395
07/11/2025 15:04:13,0.1949685534591195
07/11/2025 15:04:13,0.23778501628664495
07/11/2025 15:04:13,0.21794871794871795
07/11/2025 15:04:13,0.23376623376623376
07/11/2025 15:04:14,0.21405750798722045
07/11/2025 15:04:14,0.20634920634920634
07/11/2025 15:04:14,0.1949685534591195
07/11/2025 15:04:14,0.21019108280254778
07/11/2025 15:04:14,0.1949685534591195
07/11/2025 15:04:14,0.1728395061728395
07/11/2025 15:04:14,0.22580645161290322
07/11/2025 15:04:15,0.2751677852348993
07/11/2025 15:04:15,0.2297734627831715
07/11/2025 15:04:15,0.21019108280254778
07/11/2025 15:04:15,0.2459016393442623
07/11/2025 15:04:15,0.23778501628664495
07/11/2025 15:04:16,0.21405750798722045
07/11/2025 15:04:16,0.1875
07/11/2025 15:04:16,0.21019108280254778
07/11/2025 15:04:16,0.1838006230529595
07/11/2025 15:04:16,0.21405750798722045
07/11/2025 15:04:16,0.21019108280254778
07/11/2025 15:04:16,0.2297734627831715
07/11/2025 15:04:17,0.21794871794871795
07/11/2025 15:04:17,0.2459016393442623
07/11/2025 15:04:17,0.2459016393442623
07/11/2025 15:04:17,0.21405750798722045
07/11/2025 15:04:17,0.20253164556962025
07/11/2025 15:04:17,0.22580645161290322
07/11/2025 15:04:18,0.24183006535947713
07/11/2025 15:04:18,0.1728395061728395
07/11/2025 15:04:18,0.23376623376623376
07/11/2025 15:04:18,0.23376623376623376
07/11/2025 15:04:18,0.23376623376623376
07/11/2025 15:04:18,0.21794871794871795
07/11/2025 15:04:19,0.2459016393442623
07/11/2025 15:04:19,0.25
07/11/2025 15:04:19,0.22580645161290322
07/11/2025 15:04:19,0.1949685534591195
07/11/2025 15:04:19,0.21019108280254778
07/11/2025 15:04:19,0.2297734627831715
07/11/2025 15:04:19,0.23376623376623376
07/11/2025 15:04:20,0.24183006535947713
07/11/2025 15:04:20,0.22580645161290322
07/11/2025 15:04:20,0.17647058823529413
07/11/2025 15:04:20,0.21794871794871795
07/11/2025 15:04:20,0.1949685534591195
07/11/2025 15:04:20,0.20634920634920634
07/11/2025 15:04:21,0.21794871794871795
07/11/2025 15:04:21,0.21794871794871795
07/11/2025 15:04:21,0.26245847176079734
07/11/2025 15:04:21,0.21405750798722045
07/11/2025 15:04:21,0.23778501628664495
07/11/2025 15:04:21,0.2297734627831715
07/11/2025 15:04:21,0.21405750798722045
07/11/2025 15:04:22,0.21794871794871795
07/11/2025 15:04:22,0.25412541254125415
07/11/2025 15:04:22,0.1875
07/11/2025 15:04:22,0.23376623376623376
07/11/2025 15:04:22,0.21019108280254778
07/11/2025 15:04:22,0.22580645161290322
07/11/2025 15:04:23,0.23376623376623376
07/11/2025 15:04:23,0.21794871794871795
07/11/2025 15:04:23,0.26245847176079734
07/11/2025 15:04:23,0.23376623376623376
07/11/2025 15:04:23,0.2297734627831715
07/11/2025 15:04:23,0.25
07/11/2025 15:04:24,0.23778501628664495
07/11/2025 15:04:24,0.21405750798722045
07/11/2025 15:04:24,0.2297734627831715
07/11/2025 15:04:24,0.25412541254125415
07/11/2025 15:04:24,0.2297734627831715
07/11/2025 15:04:24,0.19873817034700317
07/11/2025 15:04:24,0.2297734627831715
07/11/2025 15:04:25,0.21405750798722045
07/11/2025 15:04:25,0.22186495176848875
07/11/2025 15:04:25,0.1875
07/11/2025 15:04:25,0.20634920634920634
07/11/2025 15:04:25,0.23778501628664495
07/11/2025 15:04:25,0.23376623376623376
07/11/2025 15:04:26,0.20634920634920634
07/11/2025 15:04:26,0.22580645161290322
07/11/2025 15:04:26,0.22580645161290322
07/11/2025 15:04:26,0.23376623376623376
07/11/2025 15:04:26,0.23376623376623376
07/11/2025 15:04:26,0.23376623376623376
07/11/2025 15:04:27,0.20634920634920634
07/11/2025 15:04:27,0.21019108280254778
07/11/2025 15:04:27,0.23778501628664495
07/11/2025 15:04:27,0.23778501628664495
07/11/2025 15:04:27,0.24183006535947713
07/11/2025 15:04:27,0.22186495176848875
07/11/2025 15:04:27,0.22186495176848875
07/11/2025 15:04:28,0.21794871794871795
07/11/2025 15:04:28,0.22580645161290322
07/11/2025 15:04:28,0.21019108280254778
07/11/2025 15:04:28,0.21794871794871795
07/11/2025 15:04:28,0.24183006535947713
07/11/2025 15:04:28,0.22580645161290322
07/11/2025 15:04:29,0.22186495176848875
07/11/2025 15:04:29,0.19873817034700317
07/11/2025 15:04:29,0.21794871794871795
07/11/2025 15:04:29,0.21405750798722045
07/11/2025 15:04:29,0.21794871794871795
07/11/2025 15:04:29,0.2582781456953642
07/11/2025 15:04:29,0.1949685534591195
07/11/2025 15:04:30,0.23376623376623376
07/11/2025 15:04:30,0.23778501628664495
07/11/2025 15:04:30,0.2297734627831715
07/11/2025 15:04:30,0.2582781456953642
07/11/2025 15:04:30,0.21405750798722045
07/11/2025 15:04:30,0.23376623376623376
07/11/2025 15:04:31,0.23778501628664495
07/11/2025 15:04:31,0.19873817034700317
07/11/2025 15:04:31,0.21794871794871795
07/11/2025 15:04:31,0.20253164556962025
07/11/2025 15:04:31,0.24183006535947713
07/11/2025 15:04:31,0.26245847176079734
07/11/2025 15:04:31,0.23778501628664495
07/11/2025 15:04:32,0.23376623376623376
07/11/2025 15:04:32,0.25412541254125415
07/11/2025 15:04:32,0.2297734627831715
07/11/2025 15:04:32,0.1838006230529595
07/11/2025 15:04:32,0.25
07/11/2025 15:04:32,0.20253164556962025
07/11/2025 15:04:33,0.2297734627831715
07/11/2025 15:04:33,0.21019108280254778
07/11/2025 15:04:33,0.22186495176848875
07/11/2025 15:04:33,0.2459016393442623
07/11/2025 15:04:33,0.21794871794871795
07/11/2025 15:04:33,0.2297734627831715
07/11/2025 15:04:34,0.19873817034700317
07/11/2025 15:04:34,0.2459016393442623
07/11/2025 15:04:34,0.22186495176848875
07/11/2025 15:04:34,0.22580645161290322
07/11/2025 15:04:34,0.24183006535947713
07/11/2025 15:04:34,0.21019108280254778
07/11/2025 15:04:34,0.21405750798722045
07/11/2025 15:04:35,0.19122257053291536
07/11/2025 15:04:35,0.2297734627831715
07/11/2025 15:04:35,0.20634920634920634
07/11/2025 15:04:35,0.21019108280254778
07/11/2025 15:04:35,0.22580645161290322
07/11/2025 15:04:35,0.21019108280254778
07/11/2025 15:04:36,0.22580645161290322
07/11/2025 15:04:36,0.21794871794871795
07/11/2025 15:04:36,0.21405750798722045
07/11/2025 15:04:36,0.2459016393442623
07/11/2025 15:04:36,0.20634920634920634
07/11/2025 15:04:36,0.21794871794871795
07/11/2025 15:04:36,0.21405750798722045
07/11/2025 15:04:37,0.21405750798722045
07/11/2025 15:04:37,0.23376623376623376
07/11/2025 15:04:37,0.21794871794871795
07/11/2025 15:04:37,0.1949685534591195
07/11/2025 15:04:37,0.20634920634920634
07/11/2025 15:04:37,0.24183006535947713
07/11/2025 15:04:38,0.23778501628664495
07/11/2025 15:04:38,0.19873817034700317
07/11/2025 15:04:38,0.1838006230529595
07/11/2025 15:04:38,0.23376623376623376
07/11/2025 15:04:38,0.22186495176848875
07/11/2025 15:04:38,0.22580645161290322
07/11/2025 15:04:38,0.2297734627831715
07/11/2025 15:04:39,0.17647058823529413
07/11/2025 15:04:39,0.21019108280254778
07/11/2025 15:04:39,0.15853658536585366
07/11/2025 15:04:39,0.2459016393442623
07/11/2025 15:04:39,0.23376623376623376
07/11/2025 15:04:39,0.23778501628664495
07/11/2025 15:04:40,0.21794871794871795
07/11/2025 15:04:40,0.19873817034700317
07/11/2025 15:04:40,0.24183006535947713
07/11/2025 15:04:40,0.1875
07/11/2025 15:04:40,0.24183006535947713
07/11/2025 15:04:40,0.24183006535947713
07/11/2025 15:04:41,0.21794871794871795
07/11/2025 15:04:41,0.22186495176848875
07/11/2025 15:04:41,0.21405750798722045
07/11/2025 15:04:41,0.21794871794871795
07/11/2025 15:04:41,0.2751677852348993
07/11/2025 15:04:41,0.25412541254125415
07/11/2025 15:04:41,0.22580645161290322
07/11/2025 15:04:42,0.22580645161290322
07/11/2025 15:04:42,0.21794871794871795
07/11/2025 15:04:42,0.22186495176848875
07/11/2025 15:04:42,0.22186495176848875
07/11/2025 15:04:42,0.2459016393442623
07/11/2025 15:04:42,0.1949685534591195
07/11/2025 15:04:43,0.2297734627831715
07/11/2025 15:04:43,0.23376623376623376
07/11/2025 15:04:43,0.22580645161290322
07/11/2025 15:04:43,0.19122257053291536
07/11/2025 15:04:43,0.2297734627831715
07/11/2025 15:04:43,0.20253164556962025
07/11/2025 15:04:44,0.21019108280254778
07/11/2025 15:04:44,0.18012422360248448
07/11/2025 15:04:44,0.2297734627831715
07/11/2025 15:04:44,0.21794871794871795
07/11/2025 15:04:44,0.23376623376623376
07/11/2025 15:04:44,0.22580645161290322
07/11/2025 15:04:45,0.2709030100334448
07/11/2025 15:04:45,0.1949685534591195
07/11/2025 15:04:45,0.20634920634920634
07/11/2025 15:04:45,0.20634920634920634
07/11/2025 15:04:45,0.26666666666666666
07/11/2025 15:04:45,0.23376623376623376
07/11/2025 15:04:45,0.2297734627831715
07/11/2025 15:04:46,0.21794871794871795
07/11/2025 15:04:46,0.20634920634920634
07/11/2025 15:04:46,0.21019108280254778
07/11/2025 15:04:46,0.2459016393442623
07/11/2025 15:04:46,0.2459016393442623
07/11/2025 15:04:47,0.1838006230529595
07/11/2025 15:04:47,0.2459016393442623
07/11/2025 15:04:47,0.19873817034700317
07/11/2025 15:04:47,0.2459016393442623
07/11/2025 15:04:47,0.22580645161290322
07/11/2025 15:04:47,0.23376623376623376
07/11/2025 15:04:48,0.2297734627831715
07/11/2025 15:04:48,0.21405750798722045
07/11/2025 15:04:48,0.19873817034700317
07/11/2025 15:04:48,0.23376623376623376
07/11/2025 15:04:48,0.21405750798722045
07/11/2025 15:04:48,0.20253164556962025
07/11/2025 15:04:48,0.22186495176848875
07/11/2025 15:04:49,0.21019108280254778
07/11/2025 15:04:49,0.23376623376623376
07/11/2025 15:04:49,0.23376623376623376
07/11/2025 15:04:49,0.23376623376623376
07/11/2025 15:04:49,0.21019108280254778
07/11/2025 15:04:49,0.19873817034700317
07/11/2025 15:04:50,0.23778501628664495
07/11/2025 15:04:50,0.25
07/11/2025 15:04:50,0.2709030100334448
07/11/2025 15:04:50,0.21794871794871795
07/11/2025 15:04:50,0.21019108280254778
07/11/2025 15:04:50,0.1838006230529595
07/11/2025 15:04:51,0.23376623376623376
07/11/2025 15:04:51,0.22186495176848875
07/11/2025 15:04:51,0.23778501628664495
07/11/2025 15:04:51,0.20253164556962025
07/11/2025 15:04:51,0.26666666666666666
07/11/2025 15:04:51,0.21794871794871795
07/11/2025 15:04:52,0.2297734627831715
07/11/2025 15:04:52,0.2297734627831715
07/11/2025 15:04:52,0.1949685534591195
07/11/2025 15:04:52,0.20253164556962025
07/11/2025 15:04:52,0.21019108280254778
07/11/2025 15:04:52,0.24183006535947713
07/11/2025 15:04:52,0.22580645161290322
07/11/2025 15:04:53,0.1838006230529595
07/11/2025 15:04:53,0.21794871794871795
07/11/2025 15:04:53,0.1875
07/11/2025 15:04:53,0.22580645161290322
07/11/2025 15:04:53,0.26666666666666666
07/11/2025 15:04:53,0.2582781456953642
07/11/2025 15:04:54,0.2459016393442623
07/11/2025 15:04:54,0.21019108280254778
07/11/2025 15:04:54,0.2459016393442623
07/11/2025 15:04:54,0.26666666666666666
07/11/2025 15:04:54,0.2582781456953642
07/11/2025 15:04:54,0.16923076923076924
07/11/2025 15:04:55,0.25412541254125415
07/11/2025 15:04:55,0.21405750798722045
07/11/2025 15:04:55,0.22580645161290322
07/11/2025 15:04:55,0.21019108280254778
07/11/2025 15:04:55,0.26666666666666666
07/11/2025 15:04:55,0.2459016393442623
07/11/2025 15:04:56,0.2297734627831715
07/11/2025 15:04:56,0.21405750798722045
07/11/2025 15:04:56,0.22186495176848875
07/11/2025 15:04:56,0.21794871794871795
07/11/2025 15:04:56,0.21405750798722045
07/11/2025 15:04:56,0.20634920634920634
07/11/2025 15:04:57,0.22186495176848875
07/11/2025 15:04:57,0.2297734627831715
07/11/2025 15:04:57,0.22186495176848875
07/11/2025 15:04:57,0.2297734627831715
07/11/2025 15:04:57,0.2297734627831715
07/11/2025 15:04:57,0.1728395061728395
07/11/2025 15:04:58,0.22186495176848875
07/11/2025 15:04:58,0.25
07/11/2025 15:04:58,0.1949685534591195
07/11/2025 15:04:58,0.20634920634920634
07/11/2025 15:04:58,0.17647058823529413
07/11/2025 15:04:58,0.21019108280254778
07/11/2025 15:04:59,0.25
07/11/2025 15:04:59,0.21019108280254778
07/11/2025 15:04:59,0.21794871794871795
07/11/2025 15:04:59,0.21405750798722045
07/11/2025 15:04:59,0.1838006230529595
07/11/2025 15:04:59,0.21019108280254778
07/11/2025 15:05:00,0.23376623376623376
07/11/2025 15:05:00,0.25
07/11/2025 15:05:00,0.2459016393442623
07/11/2025 15:05:00,0.20253164556962025
07/11/2025 15:05:00,0.1875
07/11/2025 15:05:00,0.20634920634920634
07/11/2025 15:05:01,0.26245847176079734
07/11/2025 15:05:01,0.23778501628664495
07/11/2025 15:05:01,0.23778501628664495
07/11/2025 15:05:01,0.2297734627831715
07/11/2025 15:05:01,0.1949685534591195
07/11/2025 15:05:01,0.21794871794871795
07/11/2025 15:05:02,0.1875
07/11/2025 15:05:02,0.2297734627831715
07/11/2025 15:05:02,0.2297734627831715
07/11/2025 15:05:02,0.25412541254125415
07/11/2025 15:05:02,0.24183006535947713
07/11/2025 15:05:02,0.21019108280254778
07/11/2025 15:05:02,0.23376623376623376
07/11/2025 15:05:03,0.20634920634920634
07/11/2025 15:05:03,0.19122257053291536
07/11/2025 15:05:03,0.22580645161290322
07/11/2025 15:05:03,0.23778501628664495
07/11/2025 15:05:03,0.23778501628664495
07/11/2025 15:05:03,0.21405750798722045
07/11/2025 15:05:04,0.2297734627831715
07/11/2025 15:05:04,0.2582781456953642
07/11/2025 15:05:04,0.24183006535947713
07/11/2025 15:05:04,0.22186495176848875
07/11/2025 15:05:04,0.23778501628664495
07/11/2025 15:05:04,0.2297734627831715
07/11/2025 15:05:05,0.2459016393442623
07/11/2025 15:05:05,0.23376623376623376
07/11/2025 15:05:05,0.19122257053291536
07/11/2025 15:05:05,0.20634920634920634
07/11/2025 15:05:05,0.23778501628664495
07/11/2025 15:05:05,0.22186495176848875
07/11/2025 15:05:05,0.19122257053291536
07/11/2025 15:05:06,0.21019108280254778
07/11/2025 15:05:06,0.1949685534591195
07/11/2025 15:05:06,0.2459016393442623
07/11/2025 15:05:06,0.1949685534591195
07/11/2025 15:05:06,0.21794871794871795
07/11/2025 15:05:06,0.21405750798722045
07/11/2025 15:05:07,0.21405750798722045
07/11/2025 15:05:07,0.22186495176848875
07/11/2025 15:05:07,0.2459016393442623
07/11/2025 15:05:07,0.26666666666666666
07/11/2025 15:05:07,0.20634920634920634
07/11/2025 15:05:07,0.25
07/11/2025 15:05:08,0.2582781456953642
07/11/2025 15:05:08,0.16923076923076924
07/11/2025 15:05:08,0.23376623376623376
07/11/2025 15:05:08,0.26666666666666666
07/11/2025 15:05:08,0.22186495176848875
07/11/2025 15:05:08,0.19873817034700317
07/11/2025 15:05:08,0.19122257053291536
07/11/2025 15:05:09,0.21019108280254778
07/11/2025 15:05:09,0.24183006535947713
07/11/2025 15:05:09,0.21794871794871795
07/11/2025 15:05:09,0.24183006535947713
07/11/2025 15:05:09,0.2297734627831715
07/11/2025 15:05:09,0.2459016393442623
07/11/2025 15:05:10,0.20253164556962025
07/11/2025 15:05:10,0.21794871794871795
07/11/2025 15:05:10,0.25412541254125415
07/11/2025 15:05:10,0.2459016393442623
07/11/2025 15:05:10,0.1875
07/11/2025 15:05:10,0.22186495176848875
07/11/2025 15:05:11,0.20253164556962025
07/11/2025 15:05:11,0.1875
07/11/2025 15:05:11,0.1656441717791411
07/11/2025 15:05:11,0.22186495176848875
07/11/2025 15:05:11,0.22186495176848875
07/11/2025 15:05:11,0.25412541254125415
07/11/2025 15:05:11,0.1949685534591195
07/11/2025 15:05:12,0.23376623376623376
07/11/2025 15:05:12,0.21794871794871795
07/11/2025 15:05:12,0.24183006535947713
07/11/2025 15:05:12,0.19873817034700317
07/11/2025 15:05:12,0.24183006535947713
07/11/2025 15:05:12,0.2297734627831715
07/11/2025 15:05:13,0.23376623376623376
07/11/2025 15:05:13,0.21405750798722045
07/11/2025 15:05:13,0.2297734627831715
07/11/2025 15:05:13,0.19122257053291536
07/11/2025 15:05:13,0.20634920634920634
07/11/2025 15:05:13,0.23778501628664495
07/11/2025 15:05:14,0.22186495176848875
07/11/2025 15:05:14,0.1875
07/11/2025 15:05:14,0.23376623376623376
07/11/2025 15:05:14,0.21019108280254778
07/11/2025 15:05:14,0.21019108280254778
07/11/2025 15:05:14,0.2297734627831715
07/11/2025 15:05:15,0.1949685534591195
07/11/2025 15:05:15,0.2459016393442623
07/11/2025 15:05:15,0.22186495176848875
07/11/2025 15:05:15,0.2751677852348993
07/11/2025 15:05:15,0.20253164556962025
07/11/2025 15:05:15,0.21405750798722045
07/11/2025 15:05:15,0.25
07/11/2025 15:05:16,0.1949685534591195
07/11/2025 15:05:16,0.2297734627831715
07/11/2025 15:05:16,0.19873817034700317
07/11/2025 15:05:16,0.2297734627831715
07/11/2025 15:05:16,0.24183006535947713
07/11/2025 15:05:16,0.22580645161290322
07/11/2025 15:05:17,0.21794871794871795
07/11/2025 15:05:17,0.2297734627831715
07/11/2025 15:05:17,0.22186495176848875
07/11/2025 15:05:17,0.21405750798722045
07/11/2025 15:05:17,0.23376623376623376
07/11/2025 15:05:17,0.21019108280254778
07/11/2025 15:05:17,0.23376623376623376
07/11/2025 15:05:18,0.22186495176848875
07/11/2025 15:05:18,0.2297734627831715
07/11/2025 15:05:18,0.21794871794871795
07/11/2025 15:05:18,0.21794871794871795
07/11/2025 15:05:18,0.21019108280254778
07/11/2025 15:05:18,0.19873817034700317
07/11/2025 15:05:19,0.1949685534591195
07/11/2025 15:05:19,0.18012422360248448
07/11/2025 15:05:19,0.25412541254125415
07/11/2025 15:05:19,0.2751677852348993
07/11/2025 15:05:19,0.25
07/11/2025 15:05:19,0.23376623376623376
07/11/2025 15:05:20,0.20634920634920634
07/11/2025 15:05:20,0.19873817034700317
07/11/2025 15:05:20,0.22580645161290322
07/11/2025 15:05:20,0.23376623376623376
07/11/2025 15:05:20,0.22580645161290322
07/11/2025 15:05:20,0.2297734627831715
07/11/2025 15:05:20,0.22186495176848875
07/11/2025 15:05:21,0.23376623376623376
07/11/2025 15:05:21,0.22186495176848875
07/11/2025 15:05:21,0.20634920634920634
07/11/2025 15:05:21,0.21405750798722045
07/11/2025 15:05:21,0.22580645161290322
07/11/2025 15:05:21,0.23376623376623376
07/11/2025 15:05:22,0.25412541254125415
07/11/2025 15:05:22,0.21019108280254778
07/11/2025 15:05:22,0.19873817034700317
07/11/2025 15:05:22,0.21794871794871795
07/11/2025 15:05:22,0.20634920634920634
07/11/2025 15:05:22,0.19873817034700317
07/11/2025 15:05:22,0.22580645161290322
07/11/2025 15:05:23,0.23376623376623376
07/11/2025 15:05:23,0.25
07/11/2025 15:05:23,0.22580645161290322
07/11/2025 15:05:23,0.21405750798722045
07/11/2025 15:05:23,0.1949685534591195
07/11/2025 15:05:23,0.23376623376623376
07/11/2025 15:05:24,0.2297734627831715
07/11/2025 15:05:24,0.2459016393442623
07/11/2025 15:05:24,0.21405750798722045
07/11/2025 15:05:24,0.2459016393442623
07/11/2025 15:05:24,0.1949685534591195
07/11/2025 15:05:24,0.22186495176848875
07/11/2025 15:05:24,0.21019108280254778
07/11/2025 15:05:25,0.21405750798722045
07/11/2025 15:05:25,0.20253164556962025
07/11/2025 15:05:25,0.20634920634920634
07/11/2025 15:05:25,0.23778501628664495
07/11/2025 15:05:25,0.2459016393442623
07/11/2025 15:05:25,0.1838006230529595
07/11/2025 15:05:26,0.20253164556962025
07/11/2025 15:05:26,0.21794871794871795
07/11/2025 15:05:26,0.21019108280254778
07/11/2025 15:05:26,0.21794871794871795
07/11/2025 15:05:26,0.2297734627831715
07/11/2025 15:05:26,0.21019108280254778
07/11/2025 15:05:26,0.22580645161290322
07/11/2025 15:05:27,0.24183006535947713
07/11/2025 15:05:27,0.21794871794871795
07/11/2025 15:05:27,0.22580645161290322
07/11/2025 15:05:27,0.24183006535947713
07/11/2025 15:05:27,0.25
07/11/2025 15:05:27,0.20253164556962025
07/11/2025 15:05:28,0.20253164556962025
07/11/2025 15:05:28,0.23376623376623376
07/11/2025 15:05:28,0.25412541254125415
07/11/2025 15:05:28,0.26245847176079734
07/11/2025 15:05:28,0.22580645161290322
07/11/2025 15:05:28,0.2459016393442623
07/11/2025 15:05:29,0.22580645161290322
07/11/2025 15:05:29,0.19873817034700317
07/11/2025 15:05:29,0.27946127946127947
07/11/2025 15:05:29,0.26245847176079734
07/11/2025 15:05:29,0.22186495176848875
07/11/2025 15:05:29,0.20634920634920634
07/11/2025 15:05:29,0.22580645161290322
07/11/2025 15:05:30,0.22186495176848875
07/11/2025 15:05:30,0.21019108280254778
07/11/2025 15:05:30,0.22186495176848875
07/11/2025 15:05:30,0.20634920634920634
07/11/2025 15:05:30,0.23778501628664495
07/11/2025 15:05:30,0.19122257053291536
07/11/2025 15:05:31,0.19873817034700317
07/11/2025 15:05:31,0.22580645161290322
07/11/2025 15:05:31,0.21405750798722045
07/11/2025 15:05:31,0.20253164556962025
07/11/2025 15:05:31,0.20253164556962025
07/11/2025 15:05:31,0.21405750798722045
07/11/2025 15:05:32,0.21405750798722045
07/11/2025 15:05:32,0.2751677852348993
07/11/2025 15:05:32,0.19873817034700317
07/11/2025 15:05:32,0.22186495176848875
07/11/2025 15:05:32,0.2459016393442623
07/11/2025 15:05:32,0.2297734627831715
07/11/2025 15:05:33,0.21019108280254778
07/11/2025 15:05:33,0.21794871794871795
07/11/2025 15:05:33,0.26245847176079734
07/11/2025 15:05:33,0.2297734627831715
07/11/2025 15:05:33,0.23376623376623376
07/11/2025 15:05:33,0.22186495176848875
07/11/2025 15:05:33,0.25
07/11/2025 15:05:34,0.19873817034700317
07/11/2025 15:05:34,0.23376623376623376
07/11/2025 15:05:34,0.20253164556962025
07/11/2025 15:05:34,0.2459016393442623
07/11/2025 15:05:34,0.2459016393442623
07/11/2025 15:05:34,0.21794871794871795
07/11/2025 15:05:35,0.18012422360248448
07/11/2025 15:05:35,0.19873817034700317
07/11/2025 15:05:35,0.20634920634920634
07/11/2025 15:05:35,0.19873817034700317
07/11/2025 15:05:35,0.21794871794871795
07/11/2025 15:05:35,0.21019108280254778
07/11/2025 15:05:36,0.20634920634920634
07/11/2025 15:05:36,0.2297734627831715
07/11/2025 15:05:36,0.22186495176848875
07/11/2025 15:05:36,0.1949685534591195
07/11/2025 15:05:36,0.22186495176848875
07/11/2025 15:05:36,0.23376623376623376
07/11/2025 15:05:36,0.23778501628664495
07/11/2025 15:05:37,0.19122257053291536
07/11/2025 15:05:37,0.25
07/11/2025 15:05:37,0.25412541254125415
07/11/2025 15:05:37,0.23778501628664495
07/11/2025 15:05:37,0.25412541254125415
07/11/2025 15:05:37,0.24183006535947713
07/11/2025 15:05:38,0.19873817034700317
07/11/2025 15:05:38,0.21794871794871795
07/11/2025 15:05:38,0.23376623376623376
07/11/2025 15:05:38,0.19873817034700317
07/11/2025 15:05:38,0.21405750798722045
07/11/2025 15:05:38,0.21405750798722045
07/11/2025 15:05:39,0.2297734627831715
07/11/2025 15:05:39,0.19873817034700317
07/11/2025 15:05:39,0.1838006230529595
07/11/2025 15:05:39,0.18012422360248448
07/11/2025 15:05:39,0.26245847176079734
07/11/2025 15:05:39,0.23778501628664495
07/11/2025 15:05:40,0.24183006535947713
07/11/2025 15:05:40,0.20634920634920634
07/11/2025 15:05:40,0.25
07/11/2025 15:05:40,0.2582781456953642
07/11/2025 15:05:40,0.21405750798722045
07/11/2025 15:05:40,0.20253164556962025
07/11/2025 15:05:40,0.21405750798722045
07/11/2025 15:05:41,0.2297734627831715
07/11/2025 15:05:41,0.24183006535947713
07/11/2025 15:05:41,0.22580645161290322
07/11/2025 15:05:41,0.2297734627831715
07/11/2025 15:05:41,0.23778501628664495
07/11/2025 15:05:41,0.2297734627831715
07/11/2025 15:05:42,0.23376623376623376
07/11/2025 15:05:42,0.20253164556962025
07/11/2025 15:05:42,0.21794871794871795
07/11/2025 15:05:42,0.23778501628664495
07/11/2025 15:05:42,0.2459016393442623
07/11/2025 15:05:42,0.23778501628664495
07/11/2025 15:05:43,0.1949685534591195
07/11/2025 15:05:43,0.19122257053291536
07/11/2025 15:05:43,0.19122257053291536
07/11/2025 15:05:43,0.21019108280254778
07/11/2025 15:05:43,0.2297734627831715
07/11/2025 15:05:43,0.22186495176848875
07/11/2025 15:05:44,0.16923076923076924
07/11/2025 15:05:44,0.21019108280254778
07/11/2025 15:05:44,0.2297734627831715
07/11/2025 15:05:44,0.21019108280254778
07/11/2025 15:05:44,0.24183006535947713
07/11/2025 15:05:44,0.15501519756838905
07/11/2025 15:05:44,0.23778501628664495
07/11/2025 15:05:45,0.24183006535947713
07/11/2025 15:05:45,0.2751677852348993
07/11/2025 15:05:45,0.2297734627831715
07/11/2025 15:05:45,0.2297734627831715
07/11/2025 15:05:45,0.21405750798722045
07/11/2025 15:05:45,0.21794871794871795
07/11/2025 15:05:46,0.22580645161290322
07/11/2025 15:05:46,0.23778501628664495
07/11/2025 15:05:46,0.1875
07/11/2025 15:05:46,0.23376623376623376
07/11/2025 15:05:46,0.22580645161290322
07/11/2025 15:05:46,0.21794871794871795
07/11/2025 15:05:47,0.1949685534591195
07/11/2025 15:05:47,0.21794871794871795
07/11/2025 15:05:47,0.21019108280254778
07/11/2025 15:05:47,0.26245847176079734
07/11/2025 15:05:47,0.21019108280254778
07/11/2025 15:05:47,0.23778501628664495
07/11/2025 15:05:47,0.23778501628664495
07/11/2025 15:05:48,0.25
07/11/2025 15:05:48,0.20253164556962025
07/11/2025 15:05:48,0.2582781456953642
07/11/2025 15:05:48,0.20253164556962025
07/11/2025 15:05:48,0.2709030100334448
07/11/2025 15:05:48,0.2297734627831715
07/11/2025 15:05:49,0.22186495176848875
07/11/2025 15:05:49,0.1838006230529595
07/11/2025 15:05:49,0.21405750798722045
07/11/2025 15:05:49,0.22580645161290322
07/11/2025 15:05:49,0.21405750798722045
07/11/2025 15:05:49,0.23778501628664495
07/11/2025 15:05:50,0.2297734627831715
07/11/2025 15:05:50,0.21794871794871795
07/11/2025 15:05:50,0.20634920634920634
07/11/2025 15:05:50,0.25412541254125415
07/11/2025 15:05:50,0.1949685534591195
07/11/2025 15:05:50,0.23778501628664495
07/11/2025 15:05:51,0.23376623376623376
07/11/2025 15:05:51,0.19873817034700317
07/11/2025 15:05:51,0.2297734627831715
07/11/2025 15:05:51,0.18012422360248448
07/11/2025 15:05:51,0.21794871794871795
07/11/2025 15:05:51,0.21794871794871795
07/11/2025 15:05:51,0.22186495176848875
07/11/2025 15:05:52,0.19873817034700317
07/11/2025 15:05:52,0.21019108280254778
07/11/2025 15:05:52,0.21019108280254778
07/11/2025 15:05:52,0.21794871794871795
07/11/2025 15:05:52,0.21794871794871795
07/11/2025 15:05:52,0.21405750798722045
07/11/2025 15:05:53,0.20253164556962025
07/11/2025 15:05:53,0.24183006535947713
07/11/2025 15:05:53,0.21794871794871795
07/11/2025 15:05:53,0.21019108280254778
07/11/2025 15:05:53,0.22580645161290322
07/11/2025 15:05:53,0.2297734627831715
07/11/2025 15:05:54,0.1875
07/11/2025 15:05:54,0.2297734627831715
07/11/2025 15:05:54,0.22580645161290322
07/11/2025 15:05:54,0.21019108280254778
07/11/2025 15:05:54,0.20634920634920634
07/11/2025 15:05:54,0.22580645161290322
07/11/2025 15:05:55,0.20634920634920634
07/11/2025 15:05:55,0.25
07/11/2025 15:05:55,0.21405750798722045
07/11/2025 15:05:55,0.22580645161290322
07/11/2025 15:05:55,0.21794871794871795
07/11/2025 15:05:55,0.20634920634920634
07/11/2025 15:05:56,0.20634920634920634
07/11/2025 15:05:56,0.21019108280254778
07/11/2025 15:05:56,0.24183006535947713
07/11/2025 15:05:56,0.21405750798722045
07/11/2025 15:05:56,0.26666666666666666
07/11/2025 15:05:56,0.23778501628664495
07/11/2025 15:05:56,0.20634920634920634
07/11/2025 15:05:57,0.2297734627831715
07/11/2025 15:05:57,0.21794871794871795
07/11/2025 15:05:57,0.21019108280254778
07/11/2025 15:05:57,0.21405750798722045
07/11/2025 15:05:57,0.20634920634920634
07/11/2025 15:05:57,0.20253164556962025
07/11/2025 15:05:58,0.22186495176848875
07/11/2025 15:05:58,0.23376623376623376
07/11/2025 15:05:58,0.22186495176848875
07/11/2025 15:05:58,0.23778501628664495
07/11/2025 15:05:58,0.2297734627831715
07/11/2025 15:05:58,0.22186495176848875
07/11/2025 15:05:59,0.21794871794871795
07/11/2025 15:05:59,0.20634920634920634
07/11/2025 15:05:59,0.22186495176848875
07/11/2025 15:05:59,0.21794871794871795
07/11/2025 15:05:59,0.22580645161290322
07/11/2025 15:05:59,0.24183006535947713
07/11/2025 15:05:59,0.2297734627831715
07/11/2025 15:06:00,0.1838006230529595
07/11/2025 15:06:00,0.19873817034700317
07/11/2025 15:06:00,0.20253164556962025
07/11/2025 15:06:00,0.25
07/11/2025 15:06:00,0.21794871794871795
07/11/2025 15:06:00,0.22186495176848875
07/11/2025 15:06:01,0.22580645161290322
07/11/2025 15:06:01,0.22580645161290322
07/11/2025 15:06:01,0.21019108280254778
07/11/2025 15:06:01,0.1949685534591195
07/11/2025 15:06:01,0.1838006230529595
07/11/2025 15:06:01,0.19122257053291536
07/11/2025 15:06:02,0.23778501628664495
07/11/2025 15:06:02,0.24183006535947713
07/11/2025 15:06:02,0.22580645161290322
07/11/2025 15:06:02,0.1949685534591195
07/11/2025 15:06:02,0.21019108280254778
07/11/2025 15:06:02,0.21405750798722045
07/11/2025 15:06:02,0.23778501628664495
07/11/2025 15:06:03,0.2297734627831715
07/11/2025 15:06:03,0.1949685534591195
07/11/2025 15:06:03,0.22580645161290322
07/11/2025 15:06:03,0.1949685534591195
07/11/2025 15:06:03,0.20253164556962025
07/11/2025 15:06:03,0.22186495176848875
07/11/2025 15:06:04,0.23376623376623376
07/11/2025 15:06:04,0.21794871794871795
07/11/2025 15:06:04,0.21794871794871795
07/11/2025 15:06:04,0.22186495176848875
07/11/2025 15:06:04,0.20253164556962025
07/11/2025 15:06:04,0.22186495176848875
07/11/2025 15:06:05,0.22580645161290322
07/11/2025 15:06:05,0.22580645161290322
07/11/2025 15:06:05,0.21794871794871795
07/11/2025 15:06:05,0.1728395061728395
07/11/2025 15:06:05,0.21405750798722045
07/11/2025 15:06:05,0.21019108280254778
07/11/2025 15:06:06,0.20253164556962025
07/11/2025 15:06:06,0.23376623376623376
07/11/2025 15:06:06,0.22186495176848875
07/11/2025 15:06:06,0.21019108280254778
07/11/2025 15:06:06,0.20253164556962025
07/11/2025 15:06:06,0.20253164556962025
07/11/2025 15:06:06,0.21405750798722045
07/11/2025 15:06:07,0.20634920634920634
07/11/2025 15:06:07,0.21019108280254778
07/11/2025 15:06:07,0.2459016393442623
07/11/2025 15:06:07,0.23376623376623376
07/11/2025 15:06:07,0.24183006535947713
07/11/2025 15:06:07,0.20253164556962025
07/11/2025 15:06:08,0.21794871794871795
07/11/2025 15:06:08,0.20253164556962025
07/11/2025 15:06:08,0.21794871794871795
07/11/2025 15:06:08,0.2297734627831715
07/11/2025 15:06:08,0.24183006535947713
07/11/2025 15:06:08,0.21794871794871795
07/11/2025 15:06:09,0.21405750798722045
07/11/2025 15:06:09,0.21019108280254778
07/11/2025 15:06:09,0.1838006230529595
07/11/2025 15:06:09,0.2459016393442623
07/11/2025 15:06:09,0.2459016393442623
07/11/2025 15:06:09,0.21794871794871795
07/11/2025 15:06:09,0.21019108280254778
07/11/2025 15:06:10,0.22186495176848875
07/11/2025 15:06:10,0.21019108280254778
07/11/2025 15:06:10,0.23778501628664495
07/11/2025 15:06:10,0.21794871794871795
07/11/2025 15:06:10,0.20634920634920634
07/11/2025 15:06:10,0.24183006535947713
07/11/2025 15:06:11,0.23778501628664495
07/11/2025 15:06:11,0.22186495176848875
07/11/2025 15:06:11,0.20253164556962025
07/11/2025 15:06:11,0.22186495176848875
07/11/2025 15:06:11,0.22580645161290322
07/11/2025 15:06:11,0.22580645161290322
07/11/2025 15:06:12,0.21405750798722045
07/11/2025 15:06:12,0.22580645161290322
07/11/2025 15:06:12,0.22580645161290322
07/11/2025 15:06:12,0.22186495176848875
07/11/2025 15:06:12,0.23778501628664495
07/11/2025 15:06:12,0.25
07/11/2025 15:06:12,0.20634920634920634
07/11/2025 15:06:13,0.1838006230529595
07/11/2025 15:06:13,0.22186495176848875
07/11/2025 15:06:13,0.24183006535947713
07/11/2025 15:06:13,0.22186495176848875
07/11/2025 15:06:13,0.24183006535947713
07/11/2025 15:06:13,0.19122257053291536
07/11/2025 15:06:14,0.22580645161290322
07/11/2025 15:06:14,0.23376623376623376
07/11/2025 15:06:14,0.22580645161290322
07/11/2025 15:06:14,0.2582781456953642
07/11/2025 15:06:14,0.23778501628664495
07/11/2025 15:06:14,0.23778501628664495
07/11/2025 15:06:15,0.19122257053291536
07/11/2025 15:06:15,0.23376623376623376
07/11/2025 15:06:15,0.19873817034700317
07/11/2025 15:06:15,0.22186495176848875
07/11/2025 15:06:15,0.21405750798722045
07/11/2025 15:06:15,0.23376623376623376
07/11/2025 15:06:16,0.20634920634920634
07/11/2025 15:06:16,0.21405750798722045
07/11/2025 15:06:16,0.21405750798722045
07/11/2025 15:06:16,0.26245847176079734
07/11/2025 15:06:16,0.22186495176848875
07/11/2025 15:06:16,0.21405750798722045
07/11/2025 15:06:17,0.24183006535947713
07/11/2025 15:06:17,0.23376623376623376
07/11/2025 15:06:17,0.2297734627831715
07/11/2025 15:06:17,0.23778501628664495
07/11/2025 15:06:17,0.21405750798722045
07/11/2025 15:06:17,0.21019108280254778
07/11/2025 15:06:18,0.23376623376623376
07/11/2025 15:06:18,0.22580645161290322
07/11/2025 15:06:18,0.18012422360248448
07/11/2025 15:06:18,0.25
07/11/2025 15:06:18,0.21794871794871795
07/11/2025 15:06:18,0.23778501628664495
07/11/2025 15:06:18,0.23376623376623376
07/11/2025 15:06:19,0.1949685534591195
07/11/2025 15:06:19,0.2459016393442623
07/11/2025 15:06:19,0.17647058823529413
07/11/2025 15:06:19,0.2297734627831715
07/11/2025 15:06:19,0.22186495176848875
07/11/2025 15:06:19,0.19873817034700317
07/11/2025 15:06:20,0.20634920634920634
07/11/2025 15:06:20,0.23778501628664495
07/11/2025 15:06:20,0.20253164556962025
07/11/2025 15:06:20,0.2459016393442623
07/11/2025 15:06:20,0.20634920634920634
07/11/2025 15:06:20,0.20253164556962025
07/11/2025 15:06:21,0.20634920634920634
07/11/2025 15:06:21,0.19122257053291536
07/11/2025 15:06:21,0.22186495176848875
07/11/2025 15:06:21,0.1875
07/11/2025 15:06:21,0.25412541254125415
07/11/2025 15:06:21,0.21019108280254778
07/11/2025 15:06:22,0.1949685534591195
07/11/2025 15:06:22,0.23376623376623376
07/11/2025 15:06:22,0.1949685534591195
07/11/2025 15:06:22,0.21019108280254778
07/11/2025 15:06:22,0.22580645161290322
07/11/2025 15:06:22,0.1949685534591195
07/11/2025 15:06:23,0.22580645161290322
07/11/2025 15:06:23,0.20634920634920634
07/11/2025 15:06:23,0.22186495176848875
07/11/2025 15:06:23,0.22186495176848875
07/11/2025 15:06:23,0.24183006535947713
07/11/2025 15:06:23,0.19122257053291536
07/11/2025 15:06:23,0.21019108280254778
07/11/2025 15:06:24,0.1875
07/11/2025 15:06:24,0.25412541254125415
07/11/2025 15:06:24,0.20253164556962025
07/11/2025 15:06:24,0.23376623376623376
07/11/2025 15:06:24,0.24183006535947713
07/11/2025 15:06:24,0.25
07/11/2025 15:06:25,0.22186495176848875
07/11/2025 15:06:25,0.22186495176848875
07/11/2025 15:06:25,0.22186495176848875
07/11/2025 15:06:25,0.22580645161290322
07/11/2025 15:06:25,0.22186495176848875
07/11/2025 15:06:25,0.2297734627831715
07/11/2025 15:06:26,0.19873817034700317
07/11/2025 15:06:26,0.21794871794871795
07/11/2025 15:06:26,0.21405750798722045
07/11/2025 15:06:26,0.21794871794871795
07/11/2025 15:06:26,0.22186495176848875
07/11/2025 15:06:26,0.2297734627831715
07/11/2025 15:06:27,0.22580645161290322
07/11/2025 15:06:27,0.20253164556962025
07/11/2025 15:06:27,0.2297734627831715
07/11/2025 15:06:27,0.20634920634920634
07/11/2025 15:06:27,0.19122257053291536
07/11/2025 15:06:27,0.2297734627831715
07/11/2025 15:06:28,0.25412541254125415
07/11/2025 15:06:28,0.23778501628664495
07/11/2025 15:06:28,0.21794871794871795
07/11/2025 15:06:28,0.19873817034700317
07/11/2025 15:06:28,0.2709030100334448
07/11/2025 15:06:28,0.22186495176848875
07/11/2025 15:06:29,0.20634920634920634
07/11/2025 15:06:29,0.2459016393442623
07/11/2025 15:06:29,0.23778501628664495
07/11/2025 15:06:29,0.22580645161290322
07/11/2025 15:06:29,0.21019108280254778
07/11/2025 15:06:29,0.22186495176848875
07/11/2025 15:06:29,0.2297734627831715
07/11/2025 15:06:30,0.20634920634920634
07/11/2025 15:06:30,0.21019108280254778
07/11/2025 15:06:30,0.21794871794871795
07/11/2025 15:06:30,0.2297734627831715
07/11/2025 15:06:30,0.1838006230529595
07/11/2025 15:06:30,0.21019108280254778
07/11/2025 15:06:31,0.22186495176848875
07/11/2025 15:06:31,0.2459016393442623
07/11/2025 15:06:31,0.22186495176848875
07/11/2025 15:06:31,0.24183006535947713
07/11/2025 15:06:31,0.20634920634920634
07/11/2025 15:06:31,0.21019108280254778
07/11/2025 15:06:32,0.18012422360248448
07/11/2025 15:06:32,0.22580645161290322
07/11/2025 15:06:32,0.21794871794871795
07/11/2025 15:06:32,0.22580645161290322
07/11/2025 15:06:32,0.21794871794871795
07/11/2025 15:06:32,0.20634920634920634
07/11/2025 15:06:33,0.22580645161290322
07/11/2025 15:06:33,0.20634920634920634
07/11/2025 15:06:33,0.24183006535947713
07/11/2025 15:06:33,0.22186495176848875
07/11/2025 15:06:33,0.2297734627831715
07/11/2025 15:06:33,0.24183006535947713
07/11/2025 15:06:33,0.24183006535947713
07/11/2025 15:06:34,0.20634920634920634
07/11/2025 15:06:34,0.2297734627831715
07/11/2025 15:06:34,0.21019108280254778
07/11/2025 15:06:34,0.25412541254125415
07/11/2025 15:06:34,0.26666666666666666
07/11/2025 15:06:34,0.25
07/11/2025 15:06:35,0.23376623376623376
07/11/2025 15:06:35,0.22186495176848875
07/11/2025 15:06:35,0.23778501628664495
07/11/2025 15:06:35,0.23376623376623376
07/11/2025 15:06:35,0.21794871794871795
07/11/2025 15:06:35,0.2709030100334448
07/11/2025 15:06:36,0.2459016393442623
07/11/2025 15:06:36,0.20253164556962025
07/11/2025 15:06:36,0.21019108280254778
07/11/2025 15:06:36,0.20634920634920634
07/11/2025 15:06:36,0.22580645161290322
07/11/2025 15:06:36,0.25412541254125415
07/11/2025 15:06:37,0.22186495176848875
07/11/2025 15:06:37,0.25
07/11/2025 15:06:37,0.1875
07/11/2025 15:06:37,0.20634920634920634
07/11/2025 15:06:37,0.2582781456953642
07/11/2025 15:06:37,0.22580645161290322
07/11/2025 15:06:38,0.23376623376623376
07/11/2025 15:06:38,0.21794871794871795
07/11/2025 15:06:38,0.23778501628664495
07/11/2025 15:06:38,0.22580645161290322
07/11/2025 15:06:38,0.21794871794871795
07/11/2025 15:06:38,0.2297734627831715
07/11/2025 15:06:38,0.21794871794871795
07/11/2025 15:06:39,0.1949685534591195
07/11/2025 15:06:39,0.2297734627831715
07/11/2025 15:06:39,0.2297734627831715
07/11/2025 15:06:39,0.22580645161290322
07/11/2025 15:06:39,0.26666666666666666
07/11/2025 15:06:39,0.21405750798722045
07/11/2025 15:06:40,0.1949685534591195
07/11/2025 15:06:40,0.20253164556962025
07/11/2025 15:06:40,0.20634920634920634
07/11/2025 15:06:40,0.1838006230529595
07/11/2025 15:06:40,0.21794871794871795
07/11/2025 15:06:40,0.22580645161290322
07/11/2025 15:06:41,0.22580645161290322
07/11/2025 15:06:41,0.20634920634920634
07/11/2025 15:06:41,0.22580645161290322
07/11/2025 15:06:41,0.23778501628664495
07/11/2025 15:06:41,0.26245847176079734
07/11/2025 15:06:41,0.1728395061728395
07/11/2025 15:06:42,0.25412541254125415
07/11/2025 15:06:42,0.22186495176848875
07/11/2025 15:06:42,0.2459016393442623
07/11/2025 15:06:42,0.21794871794871795
07/11/2025 15:06:42,0.21405750798722045
07/11/2025 15:06:42,0.21405750798722045
07/11/2025 15:06:43,0.22186495176848875
07/11/2025 15:06:43,0.24183006535947713
07/11/2025 15:06:43,0.21405750798722045
07/11/2025 15:06:43,0.23778501628664495
07/11/2025 15:06:43,0.22580645161290322
07/11/2025 15:06:43,0.23376623376623376
07/11/2025 15:06:43,0.23778501628664495
07/11/2025 15:06:44,0.19122257053291536
07/11/2025 15:06:44,0.2297734627831715
07/11/2025 15:06:44,0.2297734627831715
07/11/2025 15:06:44,0.19873817034700317
07/11/2025 15:06:44,0.23376623376623376
07/11/2025 15:06:44,0.23778501628664495
07/11/2025 15:06:45,0.23778501628664495
07/11/2025 15:06:45,0.20634920634920634
07/11/2025 15:06:45,0.21405750798722045
07/11/2025 15:06:45,0.1838006230529595
07/11/2025 15:06:45,0.21405750798722045
07/11/2025 15:06:45,0.22580645161290322
07/11/2025 15:06:45,0.22580645161290322
07/11/2025 15:06:46,0.25
07/11/2025 15:06:46,0.2582781456953642
07/11/2025 15:06:46,0.21019108280254778
07/11/2025 15:06:46,0.22580645161290322
07/11/2025 15:06:46,0.20634920634920634
07/11/2025 15:06:47,0.22580645161290322
07/11/2025 15:06:47,0.22186495176848875
07/11/2025 15:06:47,0.27946127946127947
07/11/2025 15:06:47,0.23778501628664495
07/11/2025 15:06:47,0.22186495176848875
07/11/2025 15:06:47,0.22580645161290322
07/11/2025 15:06:48,0.23778501628664495
07/11/2025 15:06:48,0.2582781456953642
07/11/2025 15:06:48,0.26666666666666666
07/11/2025 15:06:48,0.2459016393442623
07/11/2025 15:06:48,0.19873817034700317
07/11/2025 15:06:48,0.23376623376623376
07/11/2025 15:06:48,0.20634920634920634
07/11/2025 15:06:49,0.20634920634920634
07/11/2025 15:06:49,0.26666666666666666
07/11/2025 15:06:49,0.21405750798722045
07/11/2025 15:06:49,0.22580645161290322
07/11/2025 15:06:49,0.21405750798722045
07/11/2025 15:06:49,0.21794871794871795
07/11/2025 15:06:50,0.23376623376623376
07/11/2025 15:06:50,0.23778501628664495
07/11/2025 15:06:50,0.20253164556962025
07/11/2025 15:06:50,0.21019108280254778
07/11/2025 15:06:50,0.20253164556962025
07/11/2025 15:06:50,0.23778501628664495
07/11/2025 15:06:51,0.21019108280254778
07/11/2025 15:06:51,0.21019108280254778
07/11/2025 15:06:51,0.23376623376623376
07/11/2025 15:06:51,0.21794871794871795
07/11/2025 15:06:51,0.22580645161290322
07/11/2025 15:06:51,0.20634920634920634
07/11/2025 15:06:51,0.23778501628664495
07/11/2025 15:06:52,0.20634920634920634
07/11/2025 15:06:52,0.23778501628664495
07/11/2025 15:06:52,0.23778501628664495
07/11/2025 15:06:52,0.21019108280254778
07/11/2025 15:06:52,0.22186495176848875
07/11/2025 15:06:52,0.24183006535947713
07/11/2025 15:06:53,0.21794871794871795
07/11/2025 15:06:53,0.24183006535947713
07/11/2025 15:06:53,0.22580645161290322
07/11/2025 15:06:53,0.25
07/11/2025 15:06:53,0.20634920634920634
07/11/2025 15:06:53,0.20253164556962025
07/11/2025 15:06:54,0.20634920634920634
07/11/2025 15:06:54,0.24183006535947713
07/11/2025 15:06:54,0.25
07/11/2025 15:06:54,0.1875
07/11/2025 15:06:54,0.21019108280254778
07/11/2025 15:06:54,0.21794871794871795
07/11/2025 15:06:55,0.22580645161290322
07/11/2025 15:06:55,0.2297734627831715
07/11/2025 15:06:55,0.2297734627831715
07/11/2025 15:06:55,0.23376623376623376
07/11/2025 15:06:55,0.2297734627831715
07/11/2025 15:06:55,0.21794871794871795
07/11/2025 15:06:56,0.21405750798722045
07/11/2025 15:06:56,0.22580645161290322
07/11/2025 15:06:56,0.24183006535947713
07/11/2025 15:06:56,0.20634920634920634
07/11/2025 15:06:56,0.2459016393442623
07/11/2025 15:06:56,0.20253164556962025
07/11/2025 15:06:57,0.21019108280254778
07/11/2025 15:06:57,0.20253164556962025
07/11/2025 15:06:57,0.23376623376623376
07/11/2025 15:06:57,0.1949685534591195
07/11/2025 15:06:57,0.20253164556962025
07/11/2025 15:06:57,0.25412541254125415
07/11/2025 15:06:58,0.1838006230529595
07/11/2025 15:06:58,0.21019108280254778
07/11/2025 15:06:58,0.21794871794871795
07/11/2025 15:06:58,0.21794871794871795
07/11/2025 15:06:58,0.22186495176848875
07/11/2025 15:06:58,0.2459016393442623
07/11/2025 15:06:58,0.26666666666666666
07/11/2025 15:06:59,0.20634920634920634
07/11/2025 15:06:59,0.17647058823529413
07/11/2025 15:06:59,0.24183006535947713
07/11/2025 15:06:59,0.21794871794871795
07/11/2025 15:06:59,0.21794871794871795
07/11/2025 15:06:59,0.25
07/11/2025 15:07:00,0.23376623376623376
07/11/2025 15:07:00,0.1875
07/11/2025 15:07:00,0.2297734627831715
07/11/2025 15:07:00,0.22186495176848875
07/11/2025 15:07:00,0.23376623376623376
07/11/2025 15:07:00,0.26666666666666666
07/11/2025 15:07:01,0.2459016393442623
07/11/2025 15:07:01,0.21794871794871795
07/11/2025 15:07:01,0.20253164556962025
07/11/2025 15:07:01,0.2459016393442623
07/11/2025 15:07:01,0.2582781456953642
07/11/2025 15:07:01,0.22186495176848875
07/11/2025 15:07:01,0.23376623376623376
07/11/2025 15:07:02,0.21405750798722045
07/11/2025 15:07:02,0.2459016393442623
07/11/2025 15:07:02,0.20634920634920634
07/11/2025 15:07:02,0.288135593220339
07/11/2025 15:07:02,0.19122257053291536
07/11/2025 15:07:02,0.20253164556962025
07/11/2025 15:07:03,0.2297734627831715
07/11/2025 15:07:03,0.2709030100334448
07/11/2025 15:07:03,0.1875
07/11/2025 15:07:03,0.19873817034700317
07/11/2025 15:07:03,0.23376623376623376
07/11/2025 15:07:03,0.24183006535947713
07/11/2025 15:07:04,0.23778501628664495
07/11/2025 15:07:04,0.22186495176848875
07/11/2025 15:07:04,0.18012422360248448
07/11/2025 15:07:04,0.1949685534591195
07/11/2025 15:07:04,0.2297734627831715
07/11/2025 15:07:04,0.25412541254125415
07/11/2025 15:07:05,0.22186495176848875
07/11/2025 15:07:05,0.2582781456953642
07/11/2025 15:07:05,0.22580645161290322
07/11/2025 15:07:05,0.2297734627831715
07/11/2025 15:07:05,0.23376623376623376
07/11/2025 15:07:05,0.21405750798722045
07/11/2025 15:07:05,0.21405750798722045
07/11/2025 15:07:06,0.25412541254125415
07/11/2025 15:07:06,0.23778501628664495
07/11/2025 15:07:06,0.22580645161290322
07/11/2025 15:07:06,0.21405750798722045
07/11/2025 15:07:06,0.21405750798722045
07/11/2025 15:07:06,0.21405750798722045
07/11/2025 15:07:07,0.21405750798722045
07/11/2025 15:07:07,0.24183006535947713
07/11/2025 15:07:07,0.20634920634920634
07/11/2025 15:07:07,0.22186495176848875
07/11/2025 15:07:07,0.21794871794871795
07/11/2025 15:07:07,0.22186495176848875
07/11/2025 15:07:08,0.22580645161290322
07/11/2025 15:07:08,0.19873817034700317
07/11/2025 15:07:08,0.25
07/11/2025 15:07:08,0.21019108280254778
07/11/2025 15:07:08,0.1838006230529595
07/11/2025 15:07:08,0.21794871794871795
07/11/2025 15:07:09,0.19873817034700317
07/11/2025 15:07:09,0.20253164556962025
07/11/2025 15:07:09,0.25
07/11/2025 15:07:09,0.2459016393442623
07/11/2025 15:07:09,0.20634920634920634
07/11/2025 15:07:09,0.24183006535947713
07/11/2025 15:07:09,0.23778501628664495
07/11/2025 15:07:10,0.21019108280254778
07/11/2025 15:07:10,0.2297734627831715
07/11/2025 15:07:10,0.21794871794871795
07/11/2025 15:07:10,0.23376623376623376
07/11/2025 15:07:10,0.1949685534591195
07/11/2025 15:07:10,0.21405750798722045
07/11/2025 15:07:11,0.23778501628664495
07/11/2025 15:07:11,0.23376623376623376
07/11/2025 15:07:11,0.21019108280254778
07/11/2025 15:07:11,0.22186495176848875
07/11/2025 15:07:11,0.21019108280254778
07/11/2025 15:07:11,0.23376623376623376
07/11/2025 15:07:12,0.21019108280254778
07/11/2025 15:07:12,0.22580645161290322
07/11/2025 15:07:12,0.2297734627831715
07/11/2025 15:07:12,0.19873817034700317
07/11/2025 15:07:12,0.24183006535947713
07/11/2025 15:07:12,0.2297734627831715
07/11/2025 15:07:13,0.2459016393442623
07/11/2025 15:07:13,0.23376623376623376
07/11/2025 15:07:13,0.25412541254125415
07/11/2025 15:07:13,0.23376623376623376
07/11/2025 15:07:13,0.2297734627831715
07/11/2025 15:07:13,0.24183006535947713
07/11/2025 15:07:13,0.23376623376623376
07/11/2025 15:07:14,0.21405750798722045
07/11/2025 15:07:14,0.20253164556962025
07/11/2025 15:07:14,0.20634920634920634
07/11/2025 15:07:14,0.21019108280254778
07/11/2025 15:07:14,0.19873817034700317
07/11/2025 15:07:14,0.23778501628664495
07/11/2025 15:07:15,0.1838006230529595
07/11/2025 15:07:15,0.23376623376623376
07/11/2025 15:07:15,0.22186495176848875
07/11/2025 15:07:15,0.19873817034700317
07/11/2025 15:07:15,0.23376623376623376
07/11/2025 15:07:15,0.21405750798722045
07/11/2025 15:07:16,0.23376623376623376
07/11/2025 15:07:16,0.24183006535947713
07/11/2025 15:07:16,0.21019108280254778
07/11/2025 15:07:16,0.20253164556962025
07/11/2025 15:07:16,0.22580645161290322
07/11/2025 15:07:16,0.22580645161290322
07/11/2025 15:07:17,0.23376623376623376
07/11/2025 15:07:17,0.20253164556962025
07/11/2025 15:07:17,0.20253164556962025
07/11/2025 15:07:17,0.23376623376623376
07/11/2025 15:07:17,0.20253164556962025
07/11/2025 15:07:17,0.2582781456953642
07/11/2025 15:07:18,0.26245847176079734
07/11/2025 15:07:18,0.22186495176848875
07/11/2025 15:07:18,0.23778501628664495
07/11/2025 15:07:18,0.24183006535947713
07/11/2025 15:07:18,0.21794871794871795
07/11/2025 15:07:18,0.24183006535947713
07/11/2025 15:07:19,0.26245847176079734
07/11/2025 15:07:19,0.20634920634920634
07/11/2025 15:07:19,0.2297734627831715
07/11/2025 15:07:19,0.20634920634920634
07/11/2025 15:07:19,0.21794871794871795
07/11/2025 15:07:19,0.20634920634920634
07/11/2025 15:07:19,0.21405750798722045
07/11/2025 15:07:20,0.24183006535947713
07/11/2025 15:07:20,0.2459016393442623
07/11/2025 15:07:20,0.23376623376623376
07/11/2025 15:07:20,0.1875
07/11/2025 15:07:20,0.23778501628664495
07/11/2025 15:07:20,0.2297734627831715
07/11/2025 15:07:21,0.24183006535947713
07/11/2025 15:07:21,0.21405750798722045
07/11/2025 15:07:21,0.22186495176848875
07/11/2025 15:07:21,0.25
07/11/2025 15:07:21,0.20634920634920634
07/11/2025 15:07:21,0.26245847176079734
07/11/2025 15:07:21,0.2459016393442623
07/11/2025 15:07:22,0.23778501628664495
07/11/2025 15:07:22,0.2297734627831715
07/11/2025 15:07:22,0.23778501628664495
07/11/2025 15:07:22,0.2297734627831715
07/11/2025 15:07:22,0.19122257053291536
07/11/2025 15:07:22,0.21794871794871795
07/11/2025 15:07:23,0.22580645161290322
07/11/2025 15:07:23,0.22186495176848875
07/11/2025 15:07:23,0.1875
07/11/2025 15:07:23,0.22186495176848875
07/11/2025 15:07:23,0.20253164556962025
07/11/2025 15:07:23,0.21794871794871795
07/11/2025 15:07:24,0.20253164556962025
07/11/2025 15:07:24,0.22580645161290322
07/11/2025 15:07:24,0.2297734627831715
07/11/2025 15:07:24,0.2582781456953642
07/11/2025 15:07:24,0.19122257053291536
07/11/2025 15:07:24,0.21405750798722045
07/11/2025 15:07:24,0.22580645161290322
07/11/2025 15:07:25,0.22186495176848875
07/11/2025 15:07:25,0.22580645161290322
07/11/2025 15:07:25,0.21405750798722045
07/11/2025 15:07:25,0.20634920634920634
07/11/2025 15:07:25,0.22580645161290322
07/11/2025 15:07:25,0.26245847176079734
07/11/2025 15:07:26,0.19873817034700317
07/11/2025 15:07:26,0.20634920634920634
07/11/2025 15:07:26,0.19873817034700317
07/11/2025 15:07:26,0.2459016393442623
07/11/2025 15:07:26,0.22580645161290322
07/11/2025 15:07:26,0.22186495176848875
07/11/2025 15:07:27,0.20253164556962025
07/11/2025 15:07:27,0.23778501628664495
07/11/2025 15:07:27,0.2297734627831715
07/11/2025 15:07:27,0.21794871794871795
07/11/2025 15:07:27,0.23376623376623376
07/11/2025 15:07:27,0.20634920634920634
07/11/2025 15:07:28,0.22186495176848875
07/11/2025 15:07:28,0.2297734627831715
07/11/2025 15:07:28,0.21405750798722045
07/11/2025 15:07:28,0.21405750798722045
07/11/2025 15:07:28,0.25
07/11/2025 15:07:28,0.19122257053291536
07/11/2025 15:07:29,0.22580645161290322
07/11/2025 15:07:29,0.2297734627831715
07/11/2025 15:07:29,0.2582781456953642
07/11/2025 15:07:29,0.21019108280254778
07/11/2025 15:07:29,0.22580645161290322
07/11/2025 15:07:29,0.21019108280254778
07/11/2025 15:07:30,0.2709030100334448
07/11/2025 15:07:30,0.26245847176079734
07/11/2025 15:07:30,0.24183006535947713
07/11/2025 15:07:30,0.22580645161290322
07/11/2025 15:07:30,0.22186495176848875
07/11/2025 15:07:30,0.20253164556962025
07/11/2025 15:07:31,0.22186495176848875
07/11/2025 15:07:31,0.2582781456953642
07/11/2025 15:07:31,0.19873817034700317
07/11/2025 15:07:31,0.23376623376623376
07/11/2025 15:07:31,0.21019108280254778
07/11/2025 15:07:31,0.21019108280254778
07/11/2025 15:07:31,0.2297734627831715
07/11/2025 15:07:32,0.2297734627831715
07/11/2025 15:07:32,0.21405750798722045
07/11/2025 15:07:32,0.20634920634920634
07/11/2025 15:07:32,0.22186495176848875
07/11/2025 15:07:32,0.22580645161290322
07/11/2025 15:07:32,0.21794871794871795
07/11/2025 15:07:33,0.1875
07/11/2025 15:07:33,0.25
07/11/2025 15:07:33,0.17647058823529413
07/11/2025 15:07:33,0.2297734627831715
07/11/2025 15:07:33,0.25
07/11/2025 15:07:33,0.25
07/11/2025 15:07:34,0.23778501628664495
07/11/2025 15:07:34,0.2297734627831715
07/11/2025 15:07:34,0.22580645161290322
07/11/2025 15:07:34,0.21019108280254778
07/11/2025 15:07:34,0.20253164556962025
07/11/2025 15:07:34,0.23376623376623376
07/11/2025 15:07:35,0.21794871794871795
07/11/2025 15:07:35,0.22580645161290322
07/11/2025 15:07:35,0.23376623376623376
07/11/2025 15:07:35,0.23376623376623376
07/11/2025 15:07:35,0.20253164556962025
07/11/2025 15:07:35,0.24183006535947713
07/11/2025 15:07:36,0.23376623376623376
07/11/2025 15:07:36,0.24183006535947713
07/11/2025 15:07:36,0.22580645161290322
07/11/2025 15:07:36,0.23376623376623376
07/11/2025 15:07:36,0.19873817034700317
07/11/2025 15:07:36,0.20634920634920634
07/11/2025 15:07:36,0.22580645161290322
07/11/2025 15:07:37,0.20634920634920634
07/11/2025 15:07:37,0.21019108280254778
07/11/2025 15:07:37,0.21405750798722045
07/11/2025 15:07:37,0.2297734627831715
07/11/2025 15:07:37,0.2297734627831715
07/11/2025 15:07:37,0.21405750798722045
07/11/2025 15:07:38,0.2459016393442623
07/11/2025 15:07:38,0.22580645161290322
07/11/2025 15:07:38,0.1838006230529595
07/11/2025 15:07:38,0.21794871794871795
07/11/2025 15:07:38,0.27946127946127947
07/11/2025 15:07:38,0.2459016393442623
07/11/2025 15:07:39,0.22580645161290322
07/11/2025 15:07:39,0.24183006535947713
07/11/2025 15:07:39,0.24183006535947713
07/11/2025 15:07:39,0.2582781456953642
07/11/2025 15:07:39,0.23376623376623376
07/11/2025 15:07:39,0.2582781456953642
07/11/2025 15:07:39,0.21794871794871795
07/11/2025 15:07:40,0.20634920634920634
07/11/2025 15:07:40,0.21019108280254778
07/11/2025 15:07:40,0.22580645161290322
07/11/2025 15:07:40,0.1949685534591195
07/11/2025 15:07:40,0.22580645161290322
07/11/2025 15:07:40,0.22186495176848875
07/11/2025 15:07:41,0.19873817034700317
07/11/2025 15:07:41,0.21794871794871795
07/11/2025 15:07:41,0.21019108280254778
07/11/2025 15:07:41,0.21794871794871795
07/11/2025 15:07:41,0.23376623376623376
07/11/2025 15:07:41,0.21405750798722045
07/11/2025 15:07:42,0.23376623376623376
07/11/2025 15:07:42,0.20634920634920634
07/11/2025 15:07:42,0.23376623376623376
07/11/2025 15:07:42,0.20634920634920634
07/11/2025 15:07:42,0.1875
07/11/2025 15:07:42,0.23376623376623376
07/11/2025 15:07:43,0.2297734627831715
07/11/2025 15:07:43,0.1949685534591195
07/11/2025 15:07:43,0.20634920634920634
07/11/2025 15:07:43,0.25412541254125415
07/11/2025 15:07:43,0.17647058823529413
07/11/2025 15:07:43,0.2459016393442623
07/11/2025 15:07:44,0.21794871794871795
07/11/2025 15:07:44,0.25412541254125415
07/11/2025 15:07:44,0.21405750798722045
07/11/2025 15:07:44,0.21794871794871795
07/11/2025 15:07:44,0.22580645161290322
07/11/2025 15:07:44,0.2709030100334448
07/11/2025 15:07:45,0.28378378378378377
07/11/2025 15:07:45,0.2297734627831715
07/11/2025 15:07:45,0.20634920634920634
07/11/2025 15:07:45,0.19873817034700317
07/11/2025 15:07:45,0.23376623376623376
07/11/2025 15:07:45,0.21794871794871795
07/11/2025 15:07:45,0.23376623376623376
07/11/2025 15:07:46,0.23376623376623376
07/11/2025 15:07:46,0.24183006535947713
07/11/2025 15:07:46,0.21794871794871795
07/11/2025 15:07:46,0.21794871794871795
07/11/2025 15:07:46,0.23778501628664495
07/11/2025 15:07:46,0.2297734627831715
07/11/2025 15:07:47,0.23778501628664495
07/11/2025 15:07:47,0.19873817034700317
07/11/2025 15:07:47,0.22580645161290322
07/11/2025 15:07:47,0.19122257053291536
07/11/2025 15:07:47,0.21019108280254778
07/11/2025 15:07:47,0.21794871794871795
07/11/2025 15:07:47,0.21794871794871795
07/11/2025 15:07:48,0.21794871794871795
07/11/2025 15:07:48,0.23778501628664495
07/11/2025 15:07:48,0.2459016393442623
07/11/2025 15:07:48,0.2709030100334448
07/11/2025 15:07:48,0.25
07/11/2025 15:07:48,0.24183006535947713
07/11/2025 15:07:49,0.24183006535947713
07/11/2025 15:07:49,0.1949685534591195
07/11/2025 15:07:49,0.19873817034700317
07/11/2025 15:07:49,0.21794871794871795
07/11/2025 15:07:49,0.23778501628664495
07/11/2025 15:07:49,0.21019108280254778
07/11/2025 15:07:50,0.24183006535947713
07/11/2025 15:07:50,0.19873817034700317
07/11/2025 15:07:50,0.21794871794871795
07/11/2025 15:07:50,0.19122257053291536
07/11/2025 15:07:50,0.21405750798722045
07/11/2025 15:07:50,0.2297734627831715
07/11/2025 15:07:51,0.21405750798722045
07/11/2025 15:07:51,0.20634920634920634
07/11/2025 15:07:51,0.21019108280254778
07/11/2025 15:07:51,0.20253164556962025
07/11/2025 15:07:51,0.19873817034700317
07/11/2025 15:07:51,0.2297734627831715
07/11/2025 15:07:52,0.20634920634920634
07/11/2025 15:07:52,0.2297734627831715
07/11/2025 15:07:52,0.2297734627831715
07/11/2025 15:07:52,0.22580645161290322
07/11/2025 15:07:52,0.22186495176848875
07/11/2025 15:07:52,0.2582781456953642
07/11/2025 15:07:52,0.25
07/11/2025 15:07:53,0.21405750798722045
07/11/2025 15:07:53,0.1949685534591195
07/11/2025 15:07:53,0.20634920634920634
07/11/2025 15:07:53,0.22186495176848875
07/11/2025 15:07:53,0.21405750798722045
07/11/2025 15:07:53,0.21794871794871795
07/11/2025 15:07:54,0.19873817034700317
07/11/2025 15:07:54,0.22580645161290322
07/11/2025 15:07:54,0.17647058823529413
07/11/2025 15:07:54,0.21794871794871795
07/11/2025 15:07:54,0.22580645161290322
07/11/2025 15:07:54,0.2297734627831715
07/11/2025 15:07:55,0.24183006535947713
07/11/2025 15:07:55,0.22580645161290322
07/11/2025 15:07:55,0.2459016393442623
07/11/2025 15:07:55,0.22580645161290322
07/11/2025 15:07:55,0.20634920634920634
07/11/2025 15:07:55,0.21405750798722045
07/11/2025 15:07:56,0.2297734627831715
07/11/2025 15:07:56,0.2459016393442623
07/11/2025 15:07:56,0.24183006535947713
07/11/2025 15:07:56,0.23778501628664495
07/11/2025 15:07:56,0.21794871794871795
07/11/2025 15:07:56,0.22186495176848875
07/11/2025 15:07:57,0.21794871794871795
07/11/2025 15:07:57,0.22580645161290322
07/11/2025 15:07:57,0.20634920634920634
07/11/2025 15:07:57,0.22580645161290322
07/11/2025 15:07:57,0.28378378378378377
07/11/2025 15:07:57,0.19122257053291536
07/11/2025 15:07:57,0.1949685534591195
07/11/2025 15:07:58,0.23778501628664495
07/11/2025 15:07:58,0.2297734627831715
07/11/2025 15:07:58,0.23376623376623376
07/11/2025 15:07:58,0.24183006535947713
07/11/2025 15:07:58,0.2297734627831715
07/11/2025 15:07:59,0.24183006535947713
07/11/2025 15:07:59,0.2459016393442623
07/11/2025 15:07:59,0.22580645161290322
07/11/2025 15:07:59,0.23376623376623376
07/11/2025 15:07:59,0.1838006230529595
07/11/2025 15:07:59,0.19122257053291536
07/11/2025 15:07:59,0.23376623376623376
07/11/2025 15:08:00,0.2297734627831715
07/11/2025 15:08:00,0.22186495176848875
07/11/2025 15:08:00,0.23376623376623376
07/11/2025 15:08:00,0.20634920634920634
07/11/2025 15:08:00,0.22186495176848875
07/11/2025 15:08:00,0.25
07/11/2025 15:08:01,0.23778501628664495
07/11/2025 15:08:01,0.1949685534591195
07/11/2025 15:08:01,0.2297734627831715
07/11/2025 15:08:01,0.25
07/11/2025 15:08:01,0.22186495176848875
07/11/2025 15:08:01,0.1875
07/11/2025 15:08:02,0.23778501628664495
07/11/2025 15:08:02,0.21405750798722045
07/11/2025 15:08:02,0.2297734627831715
07/11/2025 15:08:02,0.1875
07/11/2025 15:08:02,0.2297734627831715
07/11/2025 15:08:02,0.2297734627831715
07/11/2025 15:08:02,0.21019108280254778
07/11/2025 15:08:03,0.22580645161290322
07/11/2025 15:08:03,0.21019108280254778
07/11/2025 15:08:03,0.21794871794871795
07/11/2025 15:08:03,0.1949685534591195
07/11/2025 15:08:03,0.16923076923076924
07/11/2025 15:08:03,0.22580645161290322
07/11/2025 15:08:04,0.23778501628664495
07/11/2025 15:08:04,0.20253164556962025
07/11/2025 15:08:04,0.24183006535947713
07/11/2025 15:08:04,0.23778501628664495
07/11/2025 15:08:04,0.21794871794871795
07/11/2025 15:08:04,0.23376623376623376
07/11/2025 15:08:05,0.23376623376623376
07/11/2025 15:08:05,0.23376623376623376
07/11/2025 15:08:05,0.2459016393442623
07/11/2025 15:08:05,0.22186495176848875
07/11/2025 15:08:05,0.22580645161290322
07/11/2025 15:08:05,0.22186495176848875
07/11/2025 15:08:06,0.20634920634920634
07/11/2025 15:08:06,0.18012422360248448
07/11/2025 15:08:06,0.1838006230529595
07/11/2025 15:08:06,0.21794871794871795
07/11/2025 15:08:06,0.22186495176848875
07/11/2025 15:08:06,0.25
07/11/2025 15:08:07,0.20634920634920634
07/11/2025 15:08:07,0.21019108280254778
07/11/2025 15:08:07,0.21405750798722045
07/11/2025 15:08:07,0.2582781456953642
07/11/2025 15:08:07,0.21794871794871795
07/11/2025 15:08:07,0.2297734627831715
07/11/2025 15:08:08,0.23376623376623376
07/11/2025 15:08:08,0.22580645161290322
07/11/2025 15:08:08,0.2459016393442623
07/11/2025 15:08:08,0.23376623376623376
07/11/2025 15:08:08,0.23778501628664495
07/11/2025 15:08:08,0.23376623376623376
07/11/2025 15:08:09,0.21019108280254778
07/11/2025 15:08:09,0.24183006535947713
07/11/2025 15:08:09,0.27946127946127947
07/11/2025 15:08:09,0.23376623376623376
07/11/2025 15:08:09,0.21794871794871795
07/11/2025 15:08:09,0.2709030100334448
07/11/2025 15:08:09,0.19873817034700317
07/11/2025 15:08:10,0.21405750798722045
07/11/2025 15:08:10,0.22186495176848875
07/11/2025 15:08:10,0.20634920634920634
07/11/2025 15:08:10,0.25
07/11/2025 15:08:10,0.21405750798722045
07/11/2025 15:08:10,0.1875
07/11/2025 15:08:11,0.23376623376623376
07/11/2025 15:08:11,0.28378378378378377
07/11/2025 15:08:11,0.21794871794871795
07/11/2025 15:08:11,0.24183006535947713
07/11/2025 15:08:11,0.2297734627831715
07/11/2025 15:08:11,0.2297734627831715
07/11/2025 15:08:12,0.21794871794871795
07/11/2025 15:08:12,0.24183006535947713
07/11/2025 15:08:12,0.22580645161290322
07/11/2025 15:08:12,0.21019108280254778
07/11/2025 15:08:12,0.22580645161290322
07/11/2025 15:08:12,0.21019108280254778
07/11/2025 15:08:12,0.22580645161290322
07/11/2025 15:08:13,0.20253164556962025
07/11/2025 15:08:13,0.22186495176848875
07/11/2025 15:08:13,0.25
07/11/2025 15:08:13,0.21405750798722045
07/11/2025 15:08:13,0.21405750798722045
07/11/2025 15:08:13,0.19122257053291536
07/11/2025 15:08:14,0.20634920634920634
07/11/2025 15:08:14,0.22186495176848875
07/11/2025 15:08:14,0.22186495176848875
07/11/2025 15:08:14,0.18012422360248448
07/11/2025 15:08:14,0.23778501628664495
07/11/2025 15:08:14,0.21794871794871795
07/11/2025 15:08:14,0.21019108280254778
07/11/2025 15:08:15,0.25
07/11/2025 15:08:15,0.23778501628664495
07/11/2025 15:08:15,0.22580645161290322
07/11/2025 15:08:15,0.21019108280254778
07/11/2025 15:08:15,0.23376623376623376
07/11/2025 15:08:15,0.21794871794871795
07/11/2025 15:08:16,0.25
07/11/2025 15:08:16,0.19122257053291536
07/11/2025 15:08:16,0.2297734627831715
07/11/2025 15:08:16,0.25
07/11/2025 15:08:16,0.23778501628664495
07/11/2025 15:08:16,0.21019108280254778
07/11/2025 15:08:17,0.21405750798722045
07/11/2025 15:08:17,0.22186495176848875
07/11/2025 15:08:17,0.22186495176848875
07/11/2025 15:08:17,0.24183006535947713
07/11/2025 15:08:17,0.22186495176848875
07/11/2025 15:08:17,0.21794871794871795
07/11/2025 15:08:17,0.20634920634920634
07/11/2025 15:08:18,0.20634920634920634
07/11/2025 15:08:18,0.22580645161290322
07/11/2025 15:08:18,0.23778501628664495
07/11/2025 15:08:18,0.22580645161290322
07/11/2025 15:08:18,0.20253164556962025
07/11/2025 15:08:18,0.20253164556962025
07/11/2025 15:08:19,0.21405750798722045
07/11/2025 15:08:19,0.21794871794871795
07/11/2025 15:08:19,0.1949685534591195
07/11/2025 15:08:19,0.19873817034700317
07/11/2025 15:08:19,0.25412541254125415
07/11/2025 15:08:19,0.23778501628664495
07/11/2025 15:08:20,0.21794871794871795
07/11/2025 15:08:20,0.20253164556962025
07/11/2025 15:08:20,0.1838006230529595
07/11/2025 15:08:20,0.2297734627831715
07/11/2025 15:08:20,0.18012422360248448
07/11/2025 15:08:20,0.21019108280254778
07/11/2025 15:08:21,0.25
07/11/2025 15:08:21,0.2459016393442623
07/11/2025 15:08:21,0.20253164556962025
07/11/2025 15:08:21,0.21794871794871795
07/11/2025 15:08:21,0.23778501628664495
07/11/2025 15:08:21,0.23376623376623376
07/11/2025 15:08:22,0.20634920634920634
07/11/2025 15:08:22,0.23376623376623376
07/11/2025 15:08:22,0.20253164556962025
07/11/2025 15:08:22,0.22580645161290322
07/11/2025 15:08:22,0.19122257053291536
07/11/2025 15:08:22,0.1949685534591195
07/11/2025 15:08:22,0.21794871794871795
07/11/2025 15:08:23,0.21019108280254778
07/11/2025 15:08:23,0.17647058823529413
07/11/2025 15:08:23,0.19122257053291536
07/11/2025 15:08:23,0.2297734627831715
07/11/2025 15:08:23,0.20253164556962025
07/11/2025 15:08:23,0.1949685534591195
07/11/2025 15:08:24,0.2297734627831715
07/11/2025 15:08:24,0.24183006535947713
07/11/2025 15:08:24,0.20634920634920634
07/11/2025 15:08:24,0.19873817034700317
07/11/2025 15:08:24,0.22580645161290322
07/11/2025 15:08:24,0.22186495176848875
07/11/2025 15:08:25,0.21405750798722045
07/11/2025 15:08:25,0.21794871794871795
07/11/2025 15:08:25,0.20253164556962025
07/11/2025 15:08:25,0.2297734627831715
07/11/2025 15:08:25,0.22186495176848875
07/11/2025 15:08:25,0.20634920634920634
07/11/2025 15:08:26,0.23376623376623376
07/11/2025 15:08:26,0.21794871794871795
07/11/2025 15:08:26,0.20253164556962025
07/11/2025 15:08:26,0.21405750798722045
07/11/2025 15:08:26,0.23778501628664495
07/11/2025 15:08:26,0.26666666666666666
07/11/2025 15:08:27,0.1949685534591195
07/11/2025 15:08:27,0.16923076923076924
07/11/2025 15:08:27,0.2297734627831715
07/11/2025 15:08:27,0.19122257053291536
07/11/2025 15:08:27,0.20253164556962025
07/11/2025 15:08:27,0.21405750798722045
07/11/2025 15:08:28,0.2459016393442623
07/11/2025 15:08:28,0.2751677852348993
07/11/2025 15:08:28,0.1656441717791411
07/11/2025 15:08:28,0.2459016393442623
07/11/2025 15:08:28,0.22580645161290322
07/11/2025 15:08:28,0.21794871794871795
07/11/2025 15:08:28,0.23778501628664495
07/11/2025 15:08:29,0.23376623376623376
07/11/2025 15:08:29,0.21019108280254778
07/11/2025 15:08:29,0.23376623376623376
07/11/2025 15:08:29,0.21405750798722045
07/11/2025 15:08:29,0.1838006230529595
07/11/2025 15:08:29,0.20253164556962025
07/11/2025 15:08:30,0.22186495176848875
07/11/2025 15:08:30,0.19873817034700317
07/11/2025 15:08:30,0.22186495176848875
07/11/2025 15:08:30,0.20634920634920634
07/11/2025 15:08:30,0.22186495176848875
07/11/2025 15:08:30,0.23778501628664495
07/11/2025 15:08:31,0.23778501628664495
07/11/2025 15:08:31,0.22186495176848875
07/11/2025 15:08:31,0.22580645161290322
07/11/2025 15:08:31,0.2297734627831715
07/11/2025 15:08:31,0.22186495176848875
07/11/2025 15:08:31,0.25
07/11/2025 15:08:32,0.21019108280254778
07/11/2025 15:08:32,0.2459016393442623
07/11/2025 15:08:32,0.2459016393442623
07/11/2025 15:08:32,0.21019108280254778
07/11/2025 15:08:32,0.23376623376623376
07/11/2025 15:08:32,0.21019108280254778
07/11/2025 15:08:33,0.20634920634920634
07/11/2025 15:08:33,0.22580645161290322
07/11/2025 15:08:33,0.20634920634920634
07/11/2025 15:08:33,0.20253164556962025
07/11/2025 15:08:33,0.1838006230529595
07/11/2025 15:08:33,0.22186495176848875
07/11/2025 15:08:34,0.21794871794871795
07/11/2025 15:08:34,0.23376623376623376
07/11/2025 15:08:34,0.20634920634920634
07/11/2025 15:08:34,0.2582781456953642
07/11/2025 15:08:34,0.23376623376623376
07/11/2025 15:08:34,0.21405750798722045
07/11/2025 15:08:34,0.23778501628664495
07/11/2025 15:08:35,0.2297734627831715
07/11/2025 15:08:35,0.22186495176848875
07/11/2025 15:08:35,0.19873817034700317
07/11/2025 15:08:35,0.20634920634920634
07/11/2025 15:08:35,0.21019108280254778
07/11/2025 15:08:35,0.23778501628664495
07/11/2025 15:08:36,0.23376623376623376
07/11/2025 15:08:36,0.2297734627831715
07/11/2025 15:08:36,0.23376623376623376
07/11/2025 15:08:36,0.21019108280254778
07/11/2025 15:08:36,0.2297734627831715
07/11/2025 15:08:36,0.22580645161290322
07/11/2025 15:08:37,0.19873817034700317
07/11/2025 15:08:37,0.23376623376623376
07/11/2025 15:08:37,0.26245847176079734
07/11/2025 15:08:37,0.22580645161290322
07/11/2025 15:08:37,0.2297734627831715
07/11/2025 15:08:37,0.23376623376623376
07/11/2025 15:08:37,0.24183006535947713
07/11/2025 15:08:38,0.19122257053291536
07/11/2025 15:08:38,0.25
07/11/2025 15:08:38,0.20253164556962025
07/11/2025 15:08:38,0.23778501628664495
07/11/2025 15:08:38,0.25
07/11/2025 15:08:38,0.2459016393442623
07/11/2025 15:08:39,0.21794871794871795
07/11/2025 15:08:39,0.21019108280254778
07/11/2025 15:08:39,0.1875
07/11/2025 15:08:39,0.1875
07/11/2025 15:08:39,0.21794871794871795
07/11/2025 15:08:39,0.23778501628664495
07/11/2025 15:08:40,0.21019108280254778
07/11/2025 15:08:40,0.21405750798722045
07/11/2025 15:08:40,0.19122257053291536
07/11/2025 15:08:40,0.23376623376623376
07/11/2025 15:08:40,0.23778501628664495
07/11/2025 15:08:40,0.21019108280254778
07/11/2025 15:08:41,0.20634920634920634
07/11/2025 15:08:41,0.18012422360248448
07/11/2025 15:08:41,0.24183006535947713
07/11/2025 15:08:41,0.2459016393442623
07/11/2025 15:08:41,0.21794871794871795
07/11/2025 15:08:41,0.21405750798722045
07/11/2025 15:08:41,0.23778501628664495
07/11/2025 15:08:42,0.21019108280254778
07/11/2025 15:08:42,0.2459016393442623
07/11/2025 15:08:42,0.22186495176848875
07/11/2025 15:08:42,0.21019108280254778
07/11/2025 15:08:42,0.21405750798722045
07/11/2025 15:08:42,0.22186495176848875
07/11/2025 15:08:43,0.22580645161290322
07/11/2025 15:08:43,0.1656441717791411
07/11/2025 15:08:43,0.23778501628664495
07/11/2025 15:08:43,0.25412541254125415
07/11/2025 15:08:43,0.25
07/11/2025 15:08:43,0.1875
07/11/2025 15:08:44,0.24183006535947713
07/11/2025 15:08:44,0.2297734627831715
07/11/2025 15:08:44,0.2459016393442623
07/11/2025 15:08:44,0.21794871794871795
07/11/2025 15:08:44,0.22580645161290322
07/11/2025 15:08:44,0.23376623376623376
07/11/2025 15:08:44,0.22186495176848875
07/11/2025 15:08:45,0.22580645161290322
07/11/2025 15:08:45,0.23778501628664495
07/11/2025 15:08:45,0.19873817034700317
07/11/2025 15:08:45,0.21794871794871795
07/11/2025 15:08:45,0.19873817034700317
07/11/2025 15:08:45,0.2459016393442623
07/11/2025 15:08:46,0.23778501628664495
07/11/2025 15:08:46,0.23778501628664495
07/11/2025 15:08:46,0.23376623376623376
07/11/2025 15:08:46,0.20253164556962025
07/11/2025 15:08:46,0.22580645161290322
07/11/2025 15:08:46,0.22186495176848875
07/11/2025 15:08:47,0.2297734627831715
07/11/2025 15:08:47,0.25
07/11/2025 15:08:47,0.24183006535947713
07/11/2025 15:08:47,0.23778501628664495
07/11/2025 15:08:47,0.23376623376623376
07/11/2025 15:08:47,0.22186495176848875
07/11/2025 15:08:48,0.22580645161290322
07/11/2025 15:08:48,0.19122257053291536
07/11/2025 15:08:48,0.22580645161290322
07/11/2025 15:08:48,0.23778501628664495
07/11/2025 15:08:48,0.21019108280254778
07/11/2025 15:08:48,0.2459016393442623
07/11/2025 15:08:48,0.2297734627831715
07/11/2025 15:08:49,0.19122257053291536
07/11/2025 15:08:49,0.19122257053291536
07/11/2025 15:08:49,0.23376623376623376
07/11/2025 15:08:49,0.22186495176848875
07/11/2025 15:08:49,0.2297734627831715
07/11/2025 15:08:50,0.19873817034700317
07/11/2025 15:08:50,0.2751677852348993
07/11/2025 15:08:50,0.22186495176848875
07/11/2025 15:08:50,0.2459016393442623
07/11/2025 15:08:50,0.20634920634920634
07/11/2025 15:08:50,0.25
07/11/2025 15:08:50,0.19873817034700317
07/11/2025 15:08:51,0.23376623376623376
07/11/2025 15:08:51,0.2459016393442623
07/11/2025 15:08:51,0.21794871794871795
07/11/2025 15:08:51,0.2297734627831715
07/11/2025 15:08:51,0.21794871794871795
07/11/2025 15:08:51,0.23376623376623376
07/11/2025 15:08:52,0.2297734627831715
07/11/2025 15:08:52,0.19873817034700317
07/11/2025 15:08:52,0.25412541254125415
07/11/2025 15:08:52,0.23778501628664495
07/11/2025 15:08:52,0.24183006535947713
07/11/2025 15:08:52,0.23376623376623376
07/11/2025 15:08:53,0.22186495176848875
07/11/2025 15:08:53,0.23376623376623376
07/11/2025 15:08:53,0.2459016393442623
07/11/2025 15:08:53,0.21019108280254778
07/11/2025 15:08:53,0.21405750798722045
07/11/2025 15:08:53,0.1875
07/11/2025 15:08:53,0.21794871794871795
07/11/2025 15:08:54,0.21019108280254778
07/11/2025 15:08:54,0.24183006535947713
07/11/2025 15:08:54,0.22580645161290322
07/11/2025 15:08:54,0.21019108280254778
07/11/2025 15:08:54,0.20634920634920634
07/11/2025 15:08:54,0.22580645161290322
07/11/2025 15:08:55,0.21019108280254778
07/11/2025 15:08:55,0.23376623376623376
07/11/2025 15:08:55,0.1949685534591195
07/11/2025 15:08:55,0.19873817034700317
07/11/2025 15:08:55,0.2297734627831715
07/11/2025 15:08:55,0.2459016393442623
07/11/2025 15:08:56,0.1949685534591195
07/11/2025 15:08:56,0.21405750798722045
07/11/2025 15:08:56,0.21794871794871795
07/11/2025 15:08:56,0.2459016393442623
07/11/2025 15:08:56,0.21794871794871795
07/11/2025 15:08:56,0.22580645161290322
07/11/2025 15:08:57,0.2297734627831715
07/11/2025 15:08:57,0.26245847176079734
07/11/2025 15:08:57,0.21405750798722045
07/11/2025 15:08:57,0.22186495176848875
07/11/2025 15:08:57,0.21405750798722045
07/11/2025 15:08:57,0.23778501628664495
07/11/2025 15:08:57,0.2297734627831715
07/11/2025 15:08:58,0.19122257053291536
07/11/2025 15:08:58,0.24183006535947713
07/11/2025 15:08:58,0.24183006535947713
07/11/2025 15:08:58,0.20253164556962025
07/11/2025 15:08:58,0.22186495176848875
07/11/2025 15:08:58,0.21019108280254778
07/11/2025 15:08:59,0.25
07/11/2025 15:08:59,0.18012422360248448
07/11/2025 15:08:59,0.25412541254125415
07/11/2025 15:08:59,0.21019108280254778
07/11/2025 15:08:59,0.21794871794871795
07/11/2025 15:08:59,0.2297734627831715
07/11/2025 15:09:00,0.20253164556962025
07/11/2025 15:09:00,0.19122257053291536
07/11/2025 15:09:00,0.23778501628664495
07/11/2025 15:09:00,0.21794871794871795
07/11/2025 15:09:00,0.22186495176848875
07/11/2025 15:09:00,0.19873817034700317
07/11/2025 15:09:01,0.22186495176848875
07/11/2025 15:09:01,0.20253164556962025
07/11/2025 15:09:01,0.21794871794871795
07/11/2025 15:09:01,0.23778501628664495
07/11/2025 15:09:01,0.23778501628664495
07/11/2025 15:09:01,0.21019108280254778
07/11/2025 15:09:02,0.22186495176848875
07/11/2025 15:09:02,0.21405750798722045
07/11/2025 15:09:02,0.23376623376623376
07/11/2025 15:09:02,0.2459016393442623
07/11/2025 15:09:02,0.20634920634920634
07/11/2025 15:09:02,0.21405750798722045
07/11/2025 15:09:03,0.22580645161290322
07/11/2025 15:09:03,0.1875
07/11/2025 15:09:03,0.1875
07/11/2025 15:09:03,0.22186495176848875
07/11/2025 15:09:03,0.23778501628664495
07/11/2025 15:09:03,0.23376623376623376
07/11/2025 15:09:03,0.2459016393442623
07/11/2025 15:09:04,0.2297734627831715
07/11/2025 15:09:04,0.21794871794871795
07/11/2025 15:09:04,0.2582781456953642
07/11/2025 15:09:04,0.2459016393442623
07/11/2025 15:09:04,0.1949685534591195
07/11/2025 15:09:04,0.19873817034700317
07/11/2025 15:09:05,0.20634920634920634
07/11/2025 15:09:05,0.2297734627831715
07/11/2025 15:09:05,0.22580645161290322
07/11/2025 15:09:05,0.21794871794871795
07/11/2025 15:09:05,0.23376623376623376
07/11/2025 15:09:05,0.22580645161290322
07/11/2025 15:09:06,0.21794871794871795
07/11/2025 15:09:06,0.2297734627831715
07/11/2025 15:09:06,0.16923076923076924
07/11/2025 15:09:06,0.23376623376623376
07/11/2025 15:09:06,0.2459016393442623
07/11/2025 15:09:06,0.2709030100334448
07/11/2025 15:09:06,0.23376623376623376
07/11/2025 15:09:07,0.21794871794871795
07/11/2025 15:09:07,0.20253164556962025
07/11/2025 15:09:07,0.23778501628664495
07/11/2025 15:09:07,0.1875
07/11/2025 15:09:07,0.2751677852348993
07/11/2025 15:09:07,0.2582781456953642
07/11/2025 15:09:08,0.23778501628664495
07/11/2025 15:09:08,0.19873817034700317
07/11/2025 15:09:08,0.21794871794871795
07/11/2025 15:09:08,0.19873817034700317
07/11/2025 15:09:08,0.21405750798722045
07/11/2025 15:09:08,0.20634920634920634
07/11/2025 15:09:09,0.1949685534591195
07/11/2025 15:09:09,0.21405750798722045
07/11/2025 15:09:09,0.22186495176848875
07/11/2025 15:09:09,0.2459016393442623
07/11/2025 15:09:09,0.19873817034700317
07/11/2025 15:09:09,0.19873817034700317
07/11/2025 15:09:09,0.2297734627831715
07/11/2025 15:09:10,0.23376623376623376
07/11/2025 15:09:10,0.2459016393442623
07/11/2025 15:09:10,0.23778501628664495
07/11/2025 15:09:10,0.2297734627831715
07/11/2025 15:09:10,0.21019108280254778
07/11/2025 15:09:10,0.22580645161290322
07/11/2025 15:09:11,0.24183006535947713
07/11/2025 15:09:11,0.20253164556962025
07/11/2025 15:09:11,0.24183006535947713
07/11/2025 15:09:11,0.24183006535947713
07/11/2025 15:09:11,0.19873817034700317
07/11/2025 15:09:11,0.22186495176848875
07/11/2025 15:09:12,0.19873817034700317
07/11/2025 15:09:12,0.20253164556962025
07/11/2025 15:09:12,0.23376623376623376
07/11/2025 15:09:12,0.20253164556962025
07/11/2025 15:09:12,0.20634920634920634
07/11/2025 15:09:12,0.1875
07/11/2025 15:09:13,0.25
07/11/2025 15:09:13,0.23778501628664495
07/11/2025 15:09:13,0.2925170068027211
07/11/2025 15:09:13,0.21405750798722045
07/11/2025 15:09:13,0.23376623376623376
07/11/2025 15:09:13,0.26666666666666666
07/11/2025 15:09:13,0.21405750798722045
07/11/2025 15:09:14,0.21405750798722045
07/11/2025 15:09:14,0.20634920634920634
07/11/2025 15:09:14,0.20253164556962025
07/11/2025 15:09:14,0.23376623376623376
07/11/2025 15:09:14,0.25
07/11/2025 15:09:14,0.22186495176848875
07/11/2025 15:09:15,0.23376623376623376
07/11/2025 15:09:15,0.21019108280254778
07/11/2025 15:09:15,0.2297734627831715
07/11/2025 15:09:15,0.23778501628664495
07/11/2025 15:09:15,0.25412541254125415
07/11/2025 15:09:15,0.22186495176848875
07/11/2025 15:09:16,0.22186495176848875
07/11/2025 15:09:16,0.22186495176848875
07/11/2025 15:09:16,0.2297734627831715
07/11/2025 15:09:16,0.25412541254125415
07/11/2025 15:09:16,0.21405750798722045
07/11/2025 15:09:16,0.16923076923076924
07/11/2025 15:09:17,0.24183006535947713
07/11/2025 15:09:17,0.22580645161290322
07/11/2025 15:09:17,0.24183006535947713
07/11/2025 15:09:17,0.1875
07/11/2025 15:09:17,0.22580645161290322
07/11/2025 15:09:17,0.2297734627831715
07/11/2025 15:09:17,0.2459016393442623
07/11/2025 15:09:18,0.20634920634920634
07/11/2025 15:09:18,0.24183006535947713
07/11/2025 15:09:18,0.24183006535947713
07/11/2025 15:09:18,0.23376623376623376
07/11/2025 15:09:18,0.20253164556962025
07/11/2025 15:09:18,0.25412541254125415
07/11/2025 15:09:19,0.21405750798722045
07/11/2025 15:09:19,0.20253164556962025
07/11/2025 15:09:19,0.23778501628664495
07/11/2025 15:09:19,0.23376623376623376
07/11/2025 15:09:19,0.20634920634920634
07/11/2025 15:09:19,0.22186495176848875
07/11/2025 15:09:20,0.19873817034700317
07/11/2025 15:09:20,0.25
07/11/2025 15:09:20,0.23376623376623376
07/11/2025 15:09:20,0.23376623376623376
07/11/2025 15:09:20,0.21019108280254778
07/11/2025 15:09:20,0.24183006535947713
07/11/2025 15:09:21,0.23778501628664495
07/11/2025 15:09:21,0.20253164556962025
07/11/2025 15:09:21,0.22580645161290322
07/11/2025 15:09:21,0.23376623376623376
07/11/2025 15:09:21,0.24183006535947713
07/11/2025 15:09:21,0.2459016393442623
07/11/2025 15:09:21,0.23778501628664495
07/11/2025 15:09:22,0.20634920634920634
07/11/2025 15:09:22,0.23376623376623376
07/11/2025 15:09:22,0.1949685534591195
07/11/2025 15:09:22,0.23376623376623376
07/11/2025 15:09:22,0.23778501628664495
07/11/2025 15:09:22,0.2297734627831715
07/11/2025 15:09:23,0.25
07/11/2025 15:09:23,0.21019108280254778
07/11/2025 15:09:23,0.2459016393442623
07/11/2025 15:09:23,0.2297734627831715
07/11/2025 15:09:23,0.19122257053291536
07/11/2025 15:09:23,0.21794871794871795
07/11/2025 15:09:24,0.2297734627831715
07/11/2025 15:09:24,0.1838006230529595
07/11/2025 15:09:24,0.23376623376623376
07/11/2025 15:09:24,0.20634920634920634
07/11/2025 15:09:24,0.21794871794871795
07/11/2025 15:09:24,0.1875
07/11/2025 15:09:25,0.21794871794871795
07/11/2025 15:09:25,0.21794871794871795
07/11/2025 15:09:25,0.21405750798722045
07/11/2025 15:09:25,0.22580645161290322
07/11/2025 15:09:25,0.24183006535947713
07/11/2025 15:09:25,0.21794871794871795
07/11/2025 15:09:25,0.28378378378378377
07/11/2025 15:09:26,0.1949685534591195
07/11/2025 15:09:26,0.18012422360248448
07/11/2025 15:09:26,0.26245847176079734
07/11/2025 15:09:26,0.21019108280254778
07/11/2025 15:09:26,0.21019108280254778
07/11/2025 15:09:26,0.23778501628664495
07/11/2025 15:09:27,0.2582781456953642
07/11/2025 15:09:27,0.26245847176079734
07/11/2025 15:09:27,0.22186495176848875
07/11/2025 15:09:27,0.25
07/11/2025 15:09:27,0.22186495176848875
07/11/2025 15:09:27,0.23778501628664495
07/11/2025 15:09:28,0.1838006230529595
07/11/2025 15:09:28,0.22580645161290322
07/11/2025 15:09:28,0.21405750798722045
07/11/2025 15:09:28,0.25
07/11/2025 15:09:28,0.21405750798722045
07/11/2025 15:09:28,0.21405750798722045
07/11/2025 15:09:29,0.22186495176848875
07/11/2025 15:09:29,0.2459016393442623
07/11/2025 15:09:29,0.19873817034700317
07/11/2025 15:09:29,0.21405750798722045
07/11/2025 15:09:29,0.22186495176848875
07/11/2025 15:09:29,0.20253164556962025
07/11/2025 15:09:30,0.22580645161290322
07/11/2025 15:09:30,0.2459016393442623
07/11/2025 15:09:30,0.24183006535947713
07/11/2025 15:09:30,0.25
07/11/2025 15:09:30,0.1728395061728395
07/11/2025 15:09:30,0.2297734627831715
07/11/2025 15:09:30,0.21794871794871795
07/11/2025 15:09:31,0.23778501628664495
07/11/2025 15:09:31,0.2297734627831715
07/11/2025 15:09:31,0.24183006535947713
07/11/2025 15:09:31,0.19873817034700317
07/11/2025 15:09:31,0.21019108280254778
07/11/2025 15:09:31,0.25412541254125415
07/11/2025 15:09:32,0.21405750798722045
07/11/2025 15:09:32,0.23376623376623376
07/11/2025 15:09:32,0.23778501628664495
07/11/2025 15:09:32,0.17647058823529413
07/11/2025 15:09:32,0.21405750798722045
07/11/2025 15:09:32,0.19122257053291536
07/11/2025 15:09:33,0.2297734627831715
07/11/2025 15:09:33,0.21019108280254778
07/11/2025 15:09:33,0.22186495176848875
07/11/2025 15:09:33,0.23376623376623376
07/11/2025 15:09:33,0.22580645161290322
07/11/2025 15:09:33,0.2459016393442623
07/11/2025 15:09:34,0.23376623376623376
07/11/2025 15:09:34,0.2297734627831715
07/11/2025 15:09:34,0.2459016393442623
07/11/2025 15:09:34,0.20253164556962025
07/11/2025 15:09:34,0.22580645161290322
07/11/2025 15:09:34,0.23376623376623376
07/11/2025 15:09:35,0.21019108280254778
07/11/2025 15:09:35,0.24183006535947713
07/11/2025 15:09:35,0.23778501628664495
07/11/2025 15:09:35,0.22186495176848875
07/11/2025 15:09:35,0.22580645161290322
07/11/2025 15:09:35,0.26245847176079734
07/11/2025 15:09:36,0.20634920634920634
07/11/2025 15:09:36,0.22580645161290322
07/11/2025 15:09:36,0.25
07/11/2025 15:09:36,0.20634920634920634
07/11/2025 15:09:36,0.21794871794871795
07/11/2025 15:09:36,0.22580645161290322
07/11/2025 15:09:37,0.21794871794871795
07/11/2025 15:09:37,0.2459016393442623
07/11/2025 15:09:37,0.1949685534591195
07/11/2025 15:09:37,0.22186495176848875
07/11/2025 15:09:37,0.21019108280254778
07/11/2025 15:09:37,0.19873817034700317
07/11/2025 15:09:38,0.25
07/11/2025 15:09:38,0.22580645161290322
07/11/2025 15:09:38,0.17647058823529413
07/11/2025 15:09:38,0.21794871794871795
07/11/2025 15:09:38,0.26245847176079734
07/11/2025 15:09:38,0.2582781456953642
07/11/2025 15:09:39,0.1949685534591195
07/11/2025 15:09:39,0.22580645161290322
07/11/2025 15:09:39,0.19873817034700317
07/11/2025 15:09:39,0.20634920634920634
07/11/2025 15:09:39,0.23376623376623376
07/11/2025 15:09:39,0.22580645161290322
07/11/2025 15:09:40,0.2297734627831715
07/11/2025 15:09:40,0.24183006535947713
07/11/2025 15:09:40,0.1656441717791411
07/11/2025 15:09:40,0.23778501628664495
07/11/2025 15:09:40,0.23778501628664495
07/11/2025 15:09:40,0.19873817034700317
07/11/2025 15:09:40,0.2297734627831715
07/11/2025 15:09:41,0.25
07/11/2025 15:09:41,0.19873817034700317
07/11/2025 15:09:41,0.21405750798722045
07/11/2025 15:09:41,0.20253164556962025
07/11/2025 15:09:41,0.23778501628664495
07/11/2025 15:09:41,0.21405750798722045
07/11/2025 15:09:42,0.2459016393442623
07/11/2025 15:09:42,0.28378378378378377
07/11/2025 15:09:42,0.21405750798722045
07/11/2025 15:09:42,0.21019108280254778
07/11/2025 15:09:42,0.22580645161290322
07/11/2025 15:09:42,0.23778501628664495
07/11/2025 15:09:43,0.2459016393442623
07/11/2025 15:09:43,0.23376623376623376
07/11/2025 15:09:43,0.22580645161290322
07/11/2025 15:09:43,0.22186495176848875
07/11/2025 15:09:43,0.1728395061728395
07/11/2025 15:09:43,0.22580645161290322
07/11/2025 15:09:43,0.21405750798722045
07/11/2025 15:09:44,0.19122257053291536
07/11/2025 15:09:44,0.1875
07/11/2025 15:09:44,0.19873817034700317
07/11/2025 15:09:44,0.24183006535947713
07/11/2025 15:09:44,0.20634920634920634
07/11/2025 15:09:44,0.1949685534591195
07/11/2025 15:09:45,0.22186495176848875
07/11/2025 15:09:45,0.21019108280254778
07/11/2025 15:09:45,0.25412541254125415
07/11/2025 15:09:45,0.2297734627831715
07/11/2025 15:09:45,0.25412541254125415
07/11/2025 15:09:45,0.25412541254125415
07/11/2025 15:09:46,0.26666666666666666
07/11/2025 15:09:46,0.21019108280254778
07/11/2025 15:09:46,0.22186495176848875
07/11/2025 15:09:46,0.21794871794871795
07/11/2025 15:09:46,0.19873817034700317
07/11/2025 15:09:46,0.2459016393442623
07/11/2025 15:09:47,0.23778501628664495
07/11/2025 15:09:47,0.23376623376623376
07/11/2025 15:09:47,0.23376623376623376
07/11/2025 15:09:47,0.21405750798722045
07/11/2025 15:09:47,0.20634920634920634
07/11/2025 15:09:47,0.25
07/11/2025 15:09:48,0.25
07/11/2025 15:09:48,0.2297734627831715
07/11/2025 15:09:48,0.2459016393442623
07/11/2025 15:09:48,0.2297734627831715
07/11/2025 15:09:48,0.20253164556962025
07/11/2025 15:09:48,0.22186495176848875
07/11/2025 15:09:48,0.2297734627831715
07/11/2025 15:09:49,0.19122257053291536
07/11/2025 15:09:49,0.23376623376623376
07/11/2025 15:09:49,0.1949685534591195
07/11/2025 15:09:49,0.19873817034700317
07/11/2025 15:09:49,0.25
07/11/2025 15:09:49,0.2751677852348993
07/11/2025 15:09:50,0.2297734627831715
07/11/2025 15:09:50,0.20253164556962025
07/11/2025 15:09:50,0.19873817034700317
07/11/2025 15:09:50,0.24183006535947713
07/11/2025 15:09:50,0.25412541254125415
07/11/2025 15:09:51,0.23376623376623376
07/11/2025 15:09:51,0.23778501628664495
07/11/2025 15:09:51,0.23376623376623376
07/11/2025 15:09:51,0.24183006535947713
07/11/2025 15:09:51,0.25412541254125415
07/11/2025 15:09:51,0.25
07/11/2025 15:09:52,0.25412541254125415
07/11/2025 15:09:52,0.19873817034700317
07/11/2025 15:09:52,0.21019108280254778
07/11/2025 15:09:52,0.20634920634920634
07/11/2025 15:09:52,0.20634920634920634
07/11/2025 15:09:52,0.21794871794871795
07/11/2025 15:09:53,0.25412541254125415
07/11/2025 15:09:53,0.19873817034700317
07/11/2025 15:09:53,0.22580645161290322
07/11/2025 15:09:53,0.19122257053291536
07/11/2025 15:09:53,0.21405750798722045
07/11/2025 15:09:53,0.21019108280254778
07/11/2025 15:09:53,0.2709030100334448
07/11/2025 15:09:54,0.22580645161290322
07/11/2025 15:09:54,0.2297734627831715
07/11/2025 15:09:54,0.2459016393442623
07/11/2025 15:09:54,0.24183006535947713
07/11/2025 15:09:54,0.17647058823529413
07/11/2025 15:09:54,0.21019108280254778
07/11/2025 15:09:55,0.21019108280254778
07/11/2025 15:09:55,0.19873817034700317
07/11/2025 15:09:55,0.24183006535947713
07/11/2025 15:09:55,0.23778501628664495
07/11/2025 15:09:55,0.21794871794871795
07/11/2025 15:09:55,0.1875
07/11/2025 15:09:56,0.21019108280254778
07/11/2025 15:09:56,0.2297734627831715
07/11/2025 15:09:56,0.21405750798722045
07/11/2025 15:09:56,0.21794871794871795
07/11/2025 15:09:56,0.21794871794871795
07/11/2025 15:09:56,0.20253164556962025
07/11/2025 15:09:57,0.2297734627831715
07/11/2025 15:09:57,0.1949685534591195
07/11/2025 15:09:57,0.2582781456953642
07/11/2025 15:09:57,0.22580645161290322
07/11/2025 15:09:57,0.19873817034700317
07/11/2025 15:09:57,0.20634920634920634
07/11/2025 15:09:58,0.2297734627831715
07/11/2025 15:09:58,0.20634920634920634
07/11/2025 15:09:58,0.20253164556962025
07/11/2025 15:09:58,0.25
07/11/2025 15:09:58,0.22186495176848875
07/11/2025 15:09:58,0.22580645161290322
07/11/2025 15:09:58,0.21019108280254778
07/11/2025 15:09:59,0.2297734627831715
07/11/2025 15:09:59,0.22186495176848875
07/11/2025 15:09:59,0.21405750798722045
07/11/2025 15:09:59,0.23376623376623376
07/11/2025 15:09:59,0.22580645161290322
07/11/2025 15:09:59,0.2709030100334448
07/11/2025 15:10:00,0.1949685534591195
07/11/2025 15:10:00,0.21019108280254778
07/11/2025 15:10:00,0.2297734627831715
07/11/2025 15:10:00,0.23376623376623376
07/11/2025 15:10:00,0.21794871794871795
07/11/2025 15:10:00,0.23778501628664495
07/11/2025 15:10:01,0.21405750798722045
07/11/2025 15:10:01,0.19873817034700317
07/11/2025 15:10:01,0.21019108280254778
07/11/2025 15:10:01,0.21405750798722045
07/11/2025 15:10:01,0.21019108280254778
07/11/2025 15:10:01,0.22580645161290322
07/11/2025 15:10:02,0.21405750798722045
07/11/2025 15:10:02,0.23778501628664495
07/11/2025 15:10:02,0.21405750798722045
07/11/2025 15:10:02,0.20634920634920634
07/11/2025 15:10:02,0.22580645161290322
07/11/2025 15:10:02,0.2459016393442623
07/11/2025 15:10:02,0.20634920634920634
07/11/2025 15:10:03,0.24183006535947713
07/11/2025 15:10:03,0.22186495176848875
07/11/2025 15:10:03,0.2297734627831715
07/11/2025 15:10:03,0.2459016393442623
07/11/2025 15:10:03,0.20634920634920634
07/11/2025 15:10:03,0.20634920634920634
07/11/2025 15:10:04,0.22186495176848875
07/11/2025 15:10:04,0.20634920634920634
07/11/2025 15:10:04,0.22580645161290322
07/11/2025 15:10:04,0.20634920634920634
07/11/2025 15:10:04,0.22186495176848875
07/11/2025 15:10:04,0.21794871794871795
07/11/2025 15:10:05,0.22580645161290322
07/11/2025 15:10:05,0.20253164556962025
07/11/2025 15:10:05,0.21019108280254778
07/11/2025 15:10:05,0.21794871794871795
07/11/2025 15:10:05,0.2459016393442623
07/11/2025 15:10:05,0.1949685534591195
07/11/2025 15:10:06,0.21019108280254778
07/11/2025 15:10:06,0.2582781456953642
07/11/2025 15:10:06,0.1838006230529595
07/11/2025 15:10:06,0.2459016393442623
07/11/2025 15:10:06,0.21019108280254778
07/11/2025 15:10:06,0.25
07/11/2025 15:10:06,0.21019108280254778
07/11/2025 15:10:07,0.21019108280254778
07/11/2025 15:10:07,0.24183006535947713
07/11/2025 15:10:07,0.22580645161290322
07/11/2025 15:10:07,0.20253164556962025
07/11/2025 15:10:07,0.23376623376623376
07/11/2025 15:10:07,0.21019108280254778
07/11/2025 15:10:08,0.21405750798722045
07/11/2025 15:10:08,0.23376623376623376
07/11/2025 15:10:08,0.24183006535947713
07/11/2025 15:10:08,0.21405750798722045
07/11/2025 15:10:08,0.23778501628664495
07/11/2025 15:10:08,0.23778501628664495
07/11/2025 15:10:09,0.23376623376623376
07/11/2025 15:10:09,0.23778501628664495
07/11/2025 15:10:09,0.2459016393442623
07/11/2025 15:10:09,0.23376623376623376
07/11/2025 15:10:09,0.22186495176848875
07/11/2025 15:10:09,0.22580645161290322
07/11/2025 15:10:10,0.22186495176848875
07/11/2025 15:10:10,0.1838006230529595
07/11/2025 15:10:10,0.1949685534591195
07/11/2025 15:10:10,0.2297734627831715
07/11/2025 15:10:10,0.23376623376623376
07/11/2025 15:10:10,0.19873817034700317
07/11/2025 15:10:10,0.2582781456953642
07/11/2025 15:10:11,0.21794871794871795
07/11/2025 15:10:11,0.21794871794871795
07/11/2025 15:10:11,0.2459016393442623
07/11/2025 15:10:11,0.1875
07/11/2025 15:10:11,0.20253164556962025
07/11/2025 15:10:12,0.1875
07/11/2025 15:10:12,0.19873817034700317
07/11/2025 15:10:12,0.19122257053291536
07/11/2025 15:10:12,0.21019108280254778
07/11/2025 15:10:12,0.22580645161290322
07/11/2025 15:10:12,0.20253164556962025
07/11/2025 15:10:12,0.2297734627831715
07/11/2025 15:10:13,0.26245847176079734
07/11/2025 15:10:13,0.1875
07/11/2025 15:10:13,0.22580645161290322
07/11/2025 15:10:13,0.19873817034700317
07/11/2025 15:10:13,0.20634920634920634
07/11/2025 15:10:13,0.1875
07/11/2025 15:10:14,0.21405750798722045
07/11/2025 15:10:14,0.1949685534591195
07/11/2025 15:10:14,0.20253164556962025
07/11/2025 15:10:14,0.21794871794871795
07/11/2025 15:10:14,0.23376623376623376
07/11/2025 15:10:14,0.22186495176848875
07/11/2025 15:10:14,0.21794871794871795
07/11/2025 15:10:15,0.2459016393442623
07/11/2025 15:10:15,0.23376623376623376
07/11/2025 15:10:15,0.25
07/11/2025 15:10:15,0.21794871794871795
07/11/2025 15:10:15,0.19873817034700317
07/11/2025 15:10:15,0.23778501628664495
07/11/2025 15:10:16,0.23778501628664495
07/11/2025 15:10:16,0.24183006535947713
07/11/2025 15:10:16,0.25
07/11/2025 15:10:16,0.21019108280254778
07/11/2025 15:10:16,0.21405750798722045
07/11/2025 15:10:16,0.1949685534591195
07/11/2025 15:10:17,0.20634920634920634
07/11/2025 15:10:17,0.19122257053291536
07/11/2025 15:10:17,0.19122257053291536
07/11/2025 15:10:17,0.23778501628664495
07/11/2025 15:10:17,0.24183006535947713
07/11/2025 15:10:17,0.21019108280254778
07/11/2025 15:10:18,0.2582781456953642
07/11/2025 15:10:18,0.1949685534591195
07/11/2025 15:10:18,0.20634920634920634
07/11/2025 15:10:18,0.23376623376623376
07/11/2025 15:10:18,0.22186495176848875
07/11/2025 15:10:18,0.1949685534591195
07/11/2025 15:10:19,0.21794871794871795
07/11/2025 15:10:19,0.1949685534591195
07/11/2025 15:10:19,0.21794871794871795
07/11/2025 15:10:19,0.23778501628664495
07/11/2025 15:10:19,0.21794871794871795
07/11/2025 15:10:19,0.28378378378378377
07/11/2025 15:10:20,0.22186495176848875
07/11/2025 15:10:20,0.20253164556962025
07/11/2025 15:10:20,0.20634920634920634
07/11/2025 15:10:20,0.22580645161290322
07/11/2025 15:10:20,0.21794871794871795
07/11/2025 15:10:20,0.22580645161290322
07/11/2025 15:10:21,0.21405750798722045
07/11/2025 15:10:21,0.2297734627831715
07/11/2025 15:10:21,0.23778501628664495
07/11/2025 15:10:21,0.1949685534591195
07/11/2025 15:10:21,0.26245847176079734
07/11/2025 15:10:21,0.25
07/11/2025 15:10:22,0.25
07/11/2025 15:10:22,0.21794871794871795
07/11/2025 15:10:22,0.2709030100334448
07/11/2025 15:10:22,0.20634920634920634
07/11/2025 15:10:22,0.20253164556962025
07/11/2025 15:10:22,0.21794871794871795
07/11/2025 15:10:22,0.21794871794871795
07/11/2025 15:10:23,0.21405750798722045
07/11/2025 15:10:23,0.25
07/11/2025 15:10:23,0.25
07/11/2025 15:10:23,0.2459016393442623
07/11/2025 15:10:23,0.23778501628664495
07/11/2025 15:10:23,0.20634920634920634
07/11/2025 15:10:24,0.20253164556962025
07/11/2025 15:10:24,0.20253164556962025
07/11/2025 15:10:24,0.19122257053291536
07/11/2025 15:10:24,0.1949685534591195
07/11/2025 15:10:24,0.2459016393442623
07/11/2025 15:10:24,0.24183006535947713
07/11/2025 15:10:25,0.23376623376623376
07/11/2025 15:10:25,0.2297734627831715
07/11/2025 15:10:25,0.21405750798722045
07/11/2025 15:10:25,0.23778501628664495
07/11/2025 15:10:25,0.22186495176848875
07/11/2025 15:10:26,0.19873817034700317
07/11/2025 15:10:26,0.2297734627831715
07/11/2025 15:10:26,0.24183006535947713
07/11/2025 15:10:26,0.21794871794871795
07/11/2025 15:10:26,0.19873817034700317
07/11/2025 15:10:26,0.22186495176848875
07/11/2025 15:10:26,0.26245847176079734
07/11/2025 15:10:27,0.26245847176079734
07/11/2025 15:10:27,0.1949685534591195
07/11/2025 15:10:27,0.21019108280254778
07/11/2025 15:10:27,0.22580645161290322
07/11/2025 15:10:27,0.25412541254125415
07/11/2025 15:10:27,0.21794871794871795
07/11/2025 15:10:28,0.22186495176848875
07/11/2025 15:10:28,0.21019108280254778
07/11/2025 15:10:28,0.20253164556962025
07/11/2025 15:10:28,0.2297734627831715
07/11/2025 15:10:28,0.2297734627831715
07/11/2025 15:10:28,0.23778501628664495
07/11/2025 15:10:28,0.21794871794871795
07/11/2025 15:10:29,0.22186495176848875
07/11/2025 15:10:29,0.2459016393442623
07/11/2025 15:10:29,0.22580645161290322
07/11/2025 15:10:29,0.26245847176079734
07/11/2025 15:10:29,0.1875
07/11/2025 15:10:29,0.20634920634920634
07/11/2025 15:10:30,0.1875
07/11/2025 15:10:30,0.22580645161290322
07/11/2025 15:10:30,0.23778501628664495
07/11/2025 15:10:30,0.22580645161290322
07/11/2025 15:10:30,0.23376623376623376
07/11/2025 15:10:30,0.24183006535947713
07/11/2025 15:10:31,0.23376623376623376
07/11/2025 15:10:31,0.26666666666666666
07/11/2025 15:10:31,0.24183006535947713
07/11/2025 15:10:31,0.2459016393442623
07/11/2025 15:10:31,0.21794871794871795
07/11/2025 15:10:31,0.24183006535947713
07/11/2025 15:10:32,0.21794871794871795
07/11/2025 15:10:32,0.22580645161290322
07/11/2025 15:10:32,0.2297734627831715
07/11/2025 15:10:32,0.2459016393442623
07/11/2025 15:10:32,0.2297734627831715
07/11/2025 15:10:32,0.19873817034700317
07/11/2025 15:10:32,0.22186495176848875
07/11/2025 15:10:33,0.23376623376623376
07/11/2025 15:10:33,0.20634920634920634
07/11/2025 15:10:33,0.23778501628664495
07/11/2025 15:10:33,0.20634920634920634
07/11/2025 15:10:33,0.23376623376623376
07/11/2025 15:10:33,0.21019108280254778
07/11/2025 15:10:34,0.22580645161290322
07/11/2025 15:10:34,0.22580645161290322
07/11/2025 15:10:34,0.21019108280254778
07/11/2025 15:10:34,0.22186495176848875
07/11/2025 15:10:34,0.19873817034700317
07/11/2025 15:10:34,0.21794871794871795
07/11/2025 15:10:35,0.19122257053291536
07/11/2025 15:10:35,0.23778501628664495
07/11/2025 15:10:35,0.23376623376623376
07/11/2025 15:10:35,0.17647058823529413
07/11/2025 15:10:35,0.20634920634920634
07/11/2025 15:10:35,0.22186495176848875
07/11/2025 15:10:36,0.21019108280254778
07/11/2025 15:10:36,0.22186495176848875
07/11/2025 15:10:36,0.22186495176848875
07/11/2025 15:10:36,0.21405750798722045
07/11/2025 15:10:36,0.23376623376623376
07/11/2025 15:10:36,0.25
07/11/2025 15:10:36,0.2297734627831715
07/11/2025 15:10:37,0.20634920634920634
07/11/2025 15:10:37,0.20253164556962025
07/11/2025 15:10:37,0.2459016393442623
07/11/2025 15:10:37,0.24183006535947713
07/11/2025 15:10:37,0.25412541254125415
07/11/2025 15:10:37,0.23376623376623376
07/11/2025 15:10:38,0.23376623376623376
07/11/2025 15:10:38,0.20253164556962025
07/11/2025 15:10:38,0.22186495176848875
07/11/2025 15:10:38,0.21405750798722045
07/11/2025 15:10:38,0.23376623376623376
07/11/2025 15:10:38,0.24183006535947713
07/11/2025 15:10:39,0.21405750798722045
07/11/2025 15:10:39,0.21019108280254778
07/11/2025 15:10:39,0.20253164556962025
07/11/2025 15:10:39,0.21405750798722045
07/11/2025 15:10:39,0.1875
07/11/2025 15:10:39,0.2297734627831715
07/11/2025 15:10:40,0.19873817034700317
07/11/2025 15:10:40,0.23778501628664495
07/11/2025 15:10:40,0.2297734627831715
07/11/2025 15:10:40,0.2297734627831715
07/11/2025 15:10:40,0.22186495176848875
07/11/2025 15:10:40,0.20634920634920634
07/11/2025 15:10:41,0.1949685534591195
07/11/2025 15:10:41,0.23376623376623376
07/11/2025 15:10:41,0.21794871794871795
07/11/2025 15:10:41,0.18012422360248448
07/11/2025 15:10:41,0.20253164556962025
07/11/2025 15:10:41,0.22580645161290322
07/11/2025 15:10:42,0.21405750798722045
07/11/2025 15:10:42,0.22580645161290322
07/11/2025 15:10:42,0.24183006535947713
07/11/2025 15:10:42,0.2459016393442623
07/11/2025 15:10:42,0.21794871794871795
07/11/2025 15:10:42,0.24183006535947713
07/11/2025 15:10:43,0.1728395061728395
07/11/2025 15:10:43,0.21019108280254778
07/11/2025 15:10:43,0.22580645161290322
07/11/2025 15:10:43,0.22186495176848875
07/11/2025 15:10:43,0.26666666666666666
07/11/2025 15:10:43,0.2297734627831715
07/11/2025 15:10:43,0.21794871794871795
07/11/2025 15:10:44,0.21019108280254778
07/11/2025 15:10:44,0.22186495176848875
07/11/2025 15:10:44,0.21405750798722045
07/11/2025 15:10:44,0.21019108280254778
07/11/2025 15:10:44,0.23778501628664495
07/11/2025 15:10:44,0.21794871794871795
07/11/2025 15:10:45,0.1838006230529595
07/11/2025 15:10:45,0.20253164556962025
07/11/2025 15:10:45,0.22186495176848875
07/11/2025 15:10:45,0.2459016393442623
07/11/2025 15:10:45,0.21405750798722045
07/11/2025 15:10:45,0.2297734627831715
07/11/2025 15:10:46,0.1838006230529595
07/11/2025 15:10:46,0.2459016393442623
07/11/2025 15:10:46,0.21794871794871795
07/11/2025 15:10:46,0.20634920634920634
07/11/2025 15:10:46,0.20634920634920634
07/11/2025 15:10:46,0.2297734627831715
07/11/2025 15:10:47,0.21794871794871795
07/11/2025 15:10:47,0.26666666666666666
07/11/2025 15:10:47,0.23778501628664495
07/11/2025 15:10:47,0.19873817034700317
07/11/2025 15:10:47,0.2297734627831715
07/11/2025 15:10:47,0.23376623376623376
07/11/2025 15:10:48,0.21794871794871795
07/11/2025 15:10:48,0.19873817034700317
07/11/2025 15:10:48,0.19873817034700317
07/11/2025 15:10:48,0.2297734627831715
07/11/2025 15:10:48,0.20634920634920634
07/11/2025 15:10:48,0.23376623376623376
07/11/2025 15:10:49,0.22186495176848875
07/11/2025 15:10:49,0.2297734627831715
07/11/2025 15:10:49,0.2459016393442623
07/11/2025 15:10:49,0.24183006535947713
07/11/2025 15:10:49,0.19122257053291536
07/11/2025 15:10:49,0.21405750798722045
07/11/2025 15:10:50,0.22580645161290322
07/11/2025 15:10:50,0.22186495176848875
07/11/2025 15:10:50,0.21405750798722045
07/11/2025 15:10:50,0.21019108280254778
07/11/2025 15:10:50,0.2297734627831715
07/11/2025 15:10:50,0.2297734627831715
07/11/2025 15:10:51,0.23778501628664495
07/11/2025 15:10:51,0.21405750798722045
07/11/2025 15:10:51,0.288135593220339
07/11/2025 15:10:51,0.1875
07/11/2025 15:10:51,0.2709030100334448
07/11/2025 15:10:51,0.22580645161290322
07/11/2025 15:10:51,0.1949685534591195
07/11/2025 15:10:52,0.23376623376623376
07/11/2025 15:10:52,0.2582781456953642
07/11/2025 15:10:52,0.2459016393442623
07/11/2025 15:10:52,0.25
07/11/2025 15:10:52,0.21794871794871795
07/11/2025 15:10:52,0.21405750798722045
07/11/2025 15:10:53,0.24183006535947713
07/11/2025 15:10:53,0.20634920634920634
07/11/2025 15:10:53,0.19873817034700317
07/11/2025 15:10:53,0.21794871794871795
07/11/2025 15:10:53,0.27946127946127947
07/11/2025 15:10:53,0.25412541254125415
07/11/2025 15:10:54,0.22580645161290322
07/11/2025 15:10:54,0.20634920634920634
07/11/2025 15:10:54,0.21019108280254778
07/11/2025 15:10:54,0.22186495176848875
07/11/2025 15:10:54,0.1949685534591195
07/11/2025 15:10:54,0.2297734627831715
07/11/2025 15:10:55,0.22186495176848875
07/11/2025 15:10:55,0.21794871794871795
07/11/2025 15:10:55,0.23376623376623376
07/11/2025 15:10:55,0.2459016393442623
07/11/2025 15:10:55,0.20634920634920634
07/11/2025 15:10:55,0.23778501628664495
07/11/2025 15:10:56,0.21405750798722045
07/11/2025 15:10:56,0.21794871794871795
07/11/2025 15:10:56,0.21794871794871795
07/11/2025 15:10:56,0.21019108280254778
07/11/2025 15:10:56,0.22186495176848875
07/11/2025 15:10:56,0.21405750798722045
07/11/2025 15:10:56,0.1949685534591195
07/11/2025 15:10:57,0.21019108280254778
07/11/2025 15:10:57,0.1949685534591195
07/11/2025 15:10:57,0.23778501628664495
07/11/2025 15:10:57,0.2297734627831715
07/11/2025 15:10:57,0.2459016393442623
07/11/2025 15:10:57,0.19122257053291536
07/11/2025 15:10:58,0.18012422360248448
07/11/2025 15:10:58,0.25
07/11/2025 15:10:58,0.21794871794871795
07/11/2025 15:10:58,0.1949685534591195
07/11/2025 15:10:58,0.20634920634920634
07/11/2025 15:10:58,0.23376623376623376
07/11/2025 15:10:59,0.2297734627831715
07/11/2025 15:10:59,0.22186495176848875
07/11/2025 15:10:59,0.26245847176079734
07/11/2025 15:10:59,0.21794871794871795
07/11/2025 15:10:59,0.2297734627831715
07/11/2025 15:10:59,0.22186495176848875
07/11/2025 15:11:00,0.25
07/11/2025 15:11:00,0.22186495176848875
07/11/2025 15:11:00,0.20634920634920634
07/11/2025 15:11:00,0.2297734627831715
07/11/2025 15:11:00,0.23778501628664495
07/11/2025 15:11:00,0.24183006535947713
07/11/2025 15:11:01,0.23376623376623376
07/11/2025 15:11:01,0.23778501628664495
07/11/2025 15:11:01,0.21405750798722045
07/11/2025 15:11:01,0.23376623376623376
07/11/2025 15:11:01,0.2459016393442623
07/11/2025 15:11:01,0.24183006535947713
07/11/2025 15:11:02,0.24183006535947713
07/11/2025 15:11:02,0.21019108280254778
07/11/2025 15:11:02,0.21405750798722045
07/11/2025 15:11:02,0.21794871794871795
07/11/2025 15:11:02,0.21019108280254778
07/11/2025 15:11:02,0.1949685534591195
07/11/2025 15:11:02,0.20253164556962025
07/11/2025 15:11:03,0.23376623376623376
07/11/2025 15:11:03,0.23376623376623376
07/11/2025 15:11:03,0.20253164556962025
07/11/2025 15:11:03,0.21405750798722045
07/11/2025 15:11:03,0.2459016393442623
07/11/2025 15:11:03,0.21019108280254778
07/11/2025 15:11:04,0.24183006535947713
07/11/2025 15:11:04,0.20634920634920634
07/11/2025 15:11:04,0.22186495176848875
07/11/2025 15:11:04,0.21019108280254778
07/11/2025 15:11:04,0.19873817034700317
07/11/2025 15:11:04,0.19122257053291536
07/11/2025 15:11:05,0.22580645161290322
07/11/2025 15:11:05,0.1656441717791411
07/11/2025 15:11:05,0.20634920634920634
07/11/2025 15:11:05,0.21019108280254778
07/11/2025 15:11:05,0.22186495176848875
07/11/2025 15:11:05,0.19873817034700317
07/11/2025 15:11:06,0.21405750798722045
07/11/2025 15:11:06,0.22186495176848875
07/11/2025 15:11:06,0.21019108280254778
07/11/2025 15:11:06,0.19873817034700317
07/11/2025 15:11:06,0.20253164556962025
07/11/2025 15:11:06,0.20253164556962025
07/11/2025 15:11:07,0.21794871794871795
07/11/2025 15:11:07,0.1838006230529595
07/11/2025 15:11:07,0.24183006535947713
07/11/2025 15:11:07,0.22186495176848875
07/11/2025 15:11:07,0.20253164556962025
07/11/2025 15:11:07,0.21794871794871795
07/11/2025 15:11:08,0.19122257053291536
07/11/2025 15:11:08,0.22186495176848875
07/11/2025 15:11:08,0.1875
07/11/2025 15:11:08,0.23376623376623376
07/11/2025 15:11:08,0.21794871794871795
07/11/2025 15:11:08,0.21019108280254778
07/11/2025 15:11:09,0.23778501628664495
07/11/2025 15:11:09,0.23778501628664495
07/11/2025 15:11:09,0.22186495176848875
07/11/2025 15:11:09,0.25412541254125415
07/11/2025 15:11:09,0.24183006535947713
07/11/2025 15:11:09,0.21405750798722045
07/11/2025 15:11:09,0.20634920634920634
07/11/2025 15:11:10,0.22186495176848875
07/11/2025 15:11:10,0.25412541254125415
07/11/2025 15:11:10,0.21019108280254778
07/11/2025 15:11:10,0.21405750798722045
07/11/2025 15:11:10,0.21794871794871795
07/11/2025 15:11:10,0.21794871794871795
07/11/2025 15:11:11,0.2459016393442623
07/11/2025 15:11:11,0.25
07/11/2025 15:11:11,0.23376623376623376
07/11/2025 15:11:11,0.21405750798722045
07/11/2025 15:11:11,0.2459016393442623
07/11/2025 15:11:11,0.20634920634920634
07/11/2025 15:11:12,0.23778501628664495
07/11/2025 15:11:12,0.23376623376623376
07/11/2025 15:11:12,0.2297734627831715
07/11/2025 15:11:12,0.23778501628664495
07/11/2025 15:11:12,0.2459016393442623
07/11/2025 15:11:12,0.1949685534591195
07/11/2025 15:11:13,0.2297734627831715
07/11/2025 15:11:13,0.22186495176848875
07/11/2025 15:11:13,0.2297734627831715
07/11/2025 15:11:13,0.20253164556962025
07/11/2025 15:11:13,0.23778501628664495
07/11/2025 15:11:13,0.25412541254125415
07/11/2025 15:11:13,0.20634920634920634
07/11/2025 15:11:14,0.25412541254125415
07/11/2025 15:11:14,0.20634920634920634
07/11/2025 15:11:14,0.23376623376623376
07/11/2025 15:11:14,0.24183006535947713
07/11/2025 15:11:14,0.24183006535947713
07/11/2025 15:11:14,0.22580645161290322
07/11/2025 15:11:15,0.21019108280254778
07/11/2025 15:11:15,0.22186495176848875
07/11/2025 15:11:15,0.19122257053291536
07/11/2025 15:11:15,0.24183006535947713
07/11/2025 15:11:15,0.21405750798722045
07/11/2025 15:11:15,0.22186495176848875
07/11/2025 15:11:16,0.20634920634920634
07/11/2025 15:11:16,0.1838006230529595
07/11/2025 15:11:16,0.2297734627831715
07/11/2025 15:11:16,0.23376623376623376
07/11/2025 15:11:16,0.23778501628664495
07/11/2025 15:11:16,0.23376623376623376
07/11/2025 15:11:17,0.21794871794871795
07/11/2025 15:11:17,0.2459016393442623
07/11/2025 15:11:17,0.21405750798722045
07/11/2025 15:11:17,0.20253164556962025
07/11/2025 15:11:17,0.18012422360248448
07/11/2025 15:11:17,0.19122257053291536
07/11/2025 15:11:18,0.23778501628664495
07/11/2025 15:11:18,0.20253164556962025
07/11/2025 15:11:18,0.22580645161290322
07/11/2025 15:11:18,0.21794871794871795
07/11/2025 15:11:18,0.21794871794871795
07/11/2025 15:11:18,0.23376623376623376
07/11/2025 15:11:19,0.19122257053291536
07/11/2025 15:11:19,0.21019108280254778
07/11/2025 15:11:19,0.23376623376623376
07/11/2025 15:11:19,0.20253164556962025
07/11/2025 15:11:19,0.23376623376623376
07/11/2025 15:11:19,0.24183006535947713
07/11/2025 15:11:19,0.24183006535947713
07/11/2025 15:11:20,0.20253164556962025
07/11/2025 15:11:20,0.21405750798722045
07/11/2025 15:11:20,0.19873817034700317
07/11/2025 15:11:20,0.24183006535947713
07/11/2025 15:11:20,0.22186495176848875
07/11/2025 15:11:20,0.26245847176079734
07/11/2025 15:11:21,0.20634920634920634
07/11/2025 15:11:21,0.22186495176848875
07/11/2025 15:11:21,0.20253164556962025
07/11/2025 15:11:21,0.22186495176848875
07/11/2025 15:11:21,0.2297734627831715
07/11/2025 15:11:21,0.24183006535947713
07/11/2025 15:11:22,0.20253164556962025
07/11/2025 15:11:22,0.21019108280254778
07/11/2025 15:11:22,0.2459016393442623
07/11/2025 15:11:22,0.2297734627831715
07/11/2025 15:11:22,0.19873817034700317
07/11/2025 15:11:22,0.2459016393442623
07/11/2025 15:11:23,0.19122257053291536
07/11/2025 15:11:23,0.23376623376623376
07/11/2025 15:11:23,0.23376623376623376
07/11/2025 15:11:23,0.22580645161290322
07/11/2025 15:11:23,0.21794871794871795
07/11/2025 15:11:23,0.26245847176079734
07/11/2025 15:11:24,0.21019108280254778
07/11/2025 15:11:24,0.21794871794871795
07/11/2025 15:11:24,0.21794871794871795
07/11/2025 15:11:24,0.22186495176848875
07/11/2025 15:11:24,0.24183006535947713
07/11/2025 15:11:24,0.19873817034700317
07/11/2025 15:11:25,0.22580645161290322
07/11/2025 15:11:25,0.25
07/11/2025 15:11:25,0.2709030100334448
07/11/2025 15:11:25,0.26245847176079734
07/11/2025 15:11:25,0.22186495176848875
07/11/2025 15:11:25,0.2459016393442623
07/11/2025 15:11:26,0.22580645161290322
07/11/2025 15:11:26,0.26666666666666666
07/11/2025 15:11:26,0.18012422360248448
07/11/2025 15:11:26,0.25412541254125415
07/11/2025 15:11:26,0.2459016393442623
07/11/2025 15:11:26,0.23376623376623376
07/11/2025 15:11:26,0.19873817034700317
07/11/2025 15:11:27,0.23376623376623376
07/11/2025 15:11:27,0.21019108280254778
07/11/2025 15:11:27,0.20634920634920634
07/11/2025 15:11:27,0.22580645161290322
07/11/2025 15:11:27,0.23376623376623376
07/11/2025 15:11:27,0.22186495176848875
07/11/2025 15:11:28,0.2297734627831715
07/11/2025 15:11:28,0.23778501628664495
07/11/2025 15:11:28,0.26245847176079734
07/11/2025 15:11:28,0.2297734627831715
07/11/2025 15:11:28,0.2582781456953642
07/11/2025 15:11:28,0.20253164556962025
07/11/2025 15:11:29,0.22580645161290322
07/11/2025 15:11:29,0.2582781456953642
07/11/2025 15:11:29,0.22580645161290322
07/11/2025 15:11:29,0.21405750798722045
07/11/2025 15:11:29,0.20634920634920634
07/11/2025 15:11:29,0.22580645161290322
07/11/2025 15:11:30,0.22186495176848875
07/11/2025 15:11:30,0.2459016393442623
07/11/2025 15:11:30,0.23376623376623376
07/11/2025 15:11:30,0.24183006535947713
07/11/2025 15:11:30,0.23778501628664495
07/11/2025 15:11:30,0.21405750798722045
07/11/2025 15:11:31,0.20253164556962025
07/11/2025 15:11:31,0.23778501628664495
07/11/2025 15:11:31,0.2297734627831715
07/11/2025 15:11:31,0.22186495176848875
07/11/2025 15:11:31,0.2297734627831715
07/11/2025 15:11:31,0.19873817034700317
07/11/2025 15:11:32,0.21794871794871795
07/11/2025 15:11:32,0.23778501628664495
07/11/2025 15:11:32,0.22186495176848875
07/11/2025 15:11:32,0.19873817034700317
07/11/2025 15:11:32,0.21794871794871795
07/11/2025 15:11:32,0.1949685534591195
07/11/2025 15:11:33,0.22580645161290322
07/11/2025 15:11:33,0.21794871794871795
07/11/2025 15:11:33,0.21019108280254778
07/11/2025 15:11:33,0.21405750798722045
07/11/2025 15:11:33,0.2297734627831715
07/11/2025 15:11:33,0.23778501628664495
07/11/2025 15:11:34,0.20634920634920634
07/11/2025 15:11:34,0.1949685534591195
07/11/2025 15:11:34,0.20634920634920634
07/11/2025 15:11:34,0.21019108280254778
07/11/2025 15:11:34,0.22186495176848875
07/11/2025 15:11:34,0.22580645161290322
07/11/2025 15:11:34,0.23778501628664495
07/11/2025 15:11:35,0.21019108280254778
07/11/2025 15:11:35,0.19122257053291536
07/11/2025 15:11:35,0.22186495176848875
07/11/2025 15:11:35,0.2582781456953642
07/11/2025 15:11:35,0.21794871794871795
07/11/2025 15:11:35,0.22186495176848875
07/11/2025 15:11:36,0.24183006535947713
07/11/2025 15:11:36,0.22186495176848875
07/11/2025 15:11:36,0.25
07/11/2025 15:11:36,0.21405750798722045
07/11/2025 15:11:36,0.21794871794871795
07/11/2025 15:11:36,0.1875
07/11/2025 15:11:37,0.19873817034700317
07/11/2025 15:11:37,0.19873817034700317
07/11/2025 15:11:37,0.23376623376623376
07/11/2025 15:11:37,0.20253164556962025
07/11/2025 15:11:37,0.21019108280254778
07/11/2025 15:11:37,0.23778501628664495
07/11/2025 15:11:38,0.1875
07/11/2025 15:11:38,0.1838006230529595
07/11/2025 15:11:38,0.2459016393442623
07/11/2025 15:11:38,0.21794871794871795
07/11/2025 15:11:38,0.20634920634920634
07/11/2025 15:11:38,0.20253164556962025
07/11/2025 15:11:38,0.25
07/11/2025 15:11:39,0.21405750798722045
07/11/2025 15:11:39,0.26245847176079734
07/11/2025 15:11:39,0.2297734627831715
07/11/2025 15:11:39,0.1949685534591195
07/11/2025 15:11:39,0.21794871794871795
07/11/2025 15:11:39,0.22186495176848875
07/11/2025 15:11:40,0.20253164556962025
07/11/2025 15:11:40,0.21019108280254778
07/11/2025 15:11:40,0.22580645161290322
07/11/2025 15:11:40,0.22580645161290322
07/11/2025 15:11:40,0.23376623376623376
07/11/2025 15:11:40,0.22186495176848875
07/11/2025 15:11:41,0.26245847176079734
07/11/2025 15:11:41,0.25
07/11/2025 15:11:41,0.2297734627831715
07/11/2025 15:11:41,0.23778501628664495
07/11/2025 15:11:41,0.1949685534591195
07/11/2025 15:11:41,0.22580645161290322
07/11/2025 15:11:42,0.20253164556962025
07/11/2025 15:11:42,0.24183006535947713
07/11/2025 15:11:42,0.20634920634920634
07/11/2025 15:11:42,0.21019108280254778
07/11/2025 15:11:42,0.18012422360248448
07/11/2025 15:11:42,0.2459016393442623
07/11/2025 15:11:43,0.21794871794871795
07/11/2025 15:11:43,0.22186495176848875
07/11/2025 15:11:43,0.23778501628664495
07/11/2025 15:11:43,0.2297734627831715
07/11/2025 15:11:43,0.2459016393442623
07/11/2025 15:11:43,0.16923076923076924
07/11/2025 15:11:43,0.20634920634920634
07/11/2025 15:11:44,0.2297734627831715
07/11/2025 15:11:44,0.21405750798722045
07/11/2025 15:11:44,0.21794871794871795
07/11/2025 15:11:44,0.25
07/11/2025 15:11:44,0.21405750798722045
07/11/2025 15:11:44,0.2459016393442623
07/11/2025 15:11:45,0.21405750798722045
07/11/2025 15:11:45,0.20634920634920634
07/11/2025 15:11:45,0.21019108280254778
07/11/2025 15:11:45,0.23778501628664495
07/11/2025 15:11:45,0.1728395061728395
07/11/2025 15:11:45,0.24183006535947713
07/11/2025 15:11:46,0.2297734627831715
07/11/2025 15:11:46,0.19873817034700317
07/11/2025 15:11:46,0.2297734627831715
07/11/2025 15:11:46,0.21794871794871795
07/11/2025 15:11:46,0.23376623376623376
07/11/2025 15:11:46,0.2459016393442623
07/11/2025 15:11:47,0.22186495176848875
07/11/2025 15:11:47,0.22186495176848875
07/11/2025 15:11:47,0.19873817034700317
07/11/2025 15:11:47,0.21019108280254778
07/11/2025 15:11:47,0.21794871794871795
07/11/2025 15:11:47,0.26666666666666666
07/11/2025 15:11:48,0.25
07/11/2025 15:11:48,0.23376623376623376
07/11/2025 15:11:48,0.22186495176848875
07/11/2025 15:11:48,0.22186495176848875
07/11/2025 15:11:48,0.2459016393442623
07/11/2025 15:11:48,0.20634920634920634
07/11/2025 15:11:49,0.22580645161290322
07/11/2025 15:11:49,0.20634920634920634
07/11/2025 15:11:49,0.24183006535947713
07/11/2025 15:11:49,0.21405750798722045
07/11/2025 15:11:49,0.21405750798722045
07/11/2025 15:11:49,0.2297734627831715
07/11/2025 15:11:50,0.19122257053291536
07/11/2025 15:11:50,0.21794871794871795
07/11/2025 15:11:50,0.22580645161290322
07/11/2025 15:11:50,0.2297734627831715
07/11/2025 15:11:50,0.21405750798722045
07/11/2025 15:11:50,0.1949685534591195
07/11/2025 15:11:51,0.2459016393442623
07/11/2025 15:11:51,0.23778501628664495
07/11/2025 15:11:51,0.20253164556962025
07/11/2025 15:11:51,0.2709030100334448
07/11/2025 15:11:51,0.22186495176848875
07/11/2025 15:11:51,0.19873817034700317
07/11/2025 15:11:52,0.2297734627831715
07/11/2025 15:11:52,0.1949685534591195
07/11/2025 15:11:52,0.20253164556962025
07/11/2025 15:11:52,0.26245847176079734
07/11/2025 15:11:52,0.22186495176848875
07/11/2025 15:11:52,0.23376623376623376
07/11/2025 15:11:53,0.23778501628664495
07/11/2025 15:11:53,0.22580645161290322
07/11/2025 15:11:53,0.24183006535947713
07/11/2025 15:11:53,0.21019108280254778
07/11/2025 15:11:53,0.2297734627831715
07/11/2025 15:11:53,0.20634920634920634
07/11/2025 15:11:53,0.20634920634920634
07/11/2025 15:11:54,0.2297734627831715
07/11/2025 15:11:54,0.22186495176848875
07/11/2025 15:11:54,0.2297734627831715
07/11/2025 15:11:54,0.20634920634920634
07/11/2025 15:11:54,0.21794871794871795
07/11/2025 15:11:54,0.22186495176848875
07/11/2025 15:11:55,0.2582781456953642
07/11/2025 15:11:55,0.21405750798722045
07/11/2025 15:11:55,0.23376623376623376
07/11/2025 15:11:55,0.21405750798722045
07/11/2025 15:11:55,0.1620795107033639
07/11/2025 15:11:55,0.20253164556962025
07/11/2025 15:11:56,0.21019108280254778
07/11/2025 15:11:56,0.21405750798722045
07/11/2025 15:11:56,0.21405750798722045
07/11/2025 15:11:56,0.25
07/11/2025 15:11:56,0.23778501628664495
07/11/2025 15:11:56,0.23376623376623376
07/11/2025 15:11:57,0.21405750798722045
07/11/2025 15:11:57,0.20634920634920634
07/11/2025 15:11:57,0.21019108280254778
07/11/2025 15:11:57,0.22186495176848875
07/11/2025 15:11:57,0.20253164556962025
07/11/2025 15:11:57,0.18012422360248448
07/11/2025 15:11:58,0.23778501628664495
07/11/2025 15:11:58,0.23376623376623376
07/11/2025 15:11:58,0.22580645161290322
07/11/2025 15:11:58,0.21019108280254778
07/11/2025 15:11:58,0.2582781456953642
07/11/2025 15:11:58,0.22186495176848875
07/11/2025 15:11:58,0.22186495176848875
07/11/2025 15:11:59,0.25
07/11/2025 15:11:59,0.2297734627831715
07/11/2025 15:11:59,0.21405750798722045
07/11/2025 15:11:59,0.22580645161290322
07/11/2025 15:11:59,0.22186495176848875
07/11/2025 15:12:00,0.2297734627831715
07/11/2025 15:12:00,0.2297734627831715
07/11/2025 15:12:00,0.24183006535947713
07/11/2025 15:12:00,0.22580645161290322
07/11/2025 15:12:00,0.23376623376623376
07/11/2025 15:12:00,0.2297734627831715
07/11/2025 15:12:00,0.2297734627831715
07/11/2025 15:12:01,0.26245847176079734
07/11/2025 15:12:01,0.25
07/11/2025 15:12:01,0.22186495176848875
07/11/2025 15:12:01,0.21019108280254778
07/11/2025 15:12:01,0.20634920634920634
07/11/2025 15:12:01,0.22186495176848875
07/11/2025 15:12:02,0.21405750798722045
07/11/2025 15:12:02,0.23376623376623376
07/11/2025 15:12:02,0.25
07/11/2025 15:12:02,0.2751677852348993
07/11/2025 15:12:02,0.23376623376623376
07/11/2025 15:12:02,0.22580645161290322
07/11/2025 15:12:03,0.21794871794871795
07/11/2025 15:12:03,0.21794871794871795
07/11/2025 15:12:03,0.21405750798722045
07/11/2025 15:12:03,0.21794871794871795
07/11/2025 15:12:03,0.20253164556962025
07/11/2025 15:12:03,0.21019108280254778
07/11/2025 15:12:03,0.23376623376623376
07/11/2025 15:12:04,0.23376623376623376
07/11/2025 15:12:04,0.21019108280254778
07/11/2025 15:12:04,0.20253164556962025
07/11/2025 15:12:04,0.1949685534591195
07/11/2025 15:12:04,0.21794871794871795
07/11/2025 15:12:05,0.22186495176848875
07/11/2025 15:12:05,0.23778501628664495
07/11/2025 15:12:05,0.18012422360248448
07/11/2025 15:12:05,0.25412541254125415
07/11/2025 15:12:05,0.2459016393442623
07/11/2025 15:12:05,0.22186495176848875
07/11/2025 15:12:05,0.21019108280254778
07/11/2025 15:12:06,0.19122257053291536
07/11/2025 15:12:06,0.2751677852348993
07/11/2025 15:12:06,0.2297734627831715
07/11/2025 15:12:06,0.2459016393442623
07/11/2025 15:12:06,0.2751677852348993
07/11/2025 15:12:06,0.20634920634920634
07/11/2025 15:12:07,0.2297734627831715
07/11/2025 15:12:07,0.22186495176848875
07/11/2025 15:12:07,0.18012422360248448
07/11/2025 15:12:07,0.22580645161290322
07/11/2025 15:12:07,0.21405750798722045
07/11/2025 15:12:07,0.23376623376623376
07/11/2025 15:12:08,0.2297734627831715
07/11/2025 15:12:08,0.19873817034700317
07/11/2025 15:12:08,0.2297734627831715
07/11/2025 15:12:08,0.19122257053291536
07/11/2025 15:12:08,0.2297734627831715
07/11/2025 15:12:08,0.21794871794871795
07/11/2025 15:12:09,0.23376623376623376
07/11/2025 15:12:09,0.22580645161290322
07/11/2025 15:12:09,0.2297734627831715
07/11/2025 15:12:09,0.21794871794871795
07/11/2025 15:12:09,0.21405750798722045
07/11/2025 15:12:09,0.23376623376623376
07/11/2025 15:12:10,0.21405750798722045
07/11/2025 15:12:10,0.2459016393442623
07/11/2025 15:12:10,0.22580645161290322
07/11/2025 15:12:10,0.21405750798722045
07/11/2025 15:12:10,0.23376623376623376
07/11/2025 15:12:10,0.20634920634920634
07/11/2025 15:12:11,0.23376623376623376
07/11/2025 15:12:11,0.19873817034700317
07/11/2025 15:12:11,0.26245847176079734
07/11/2025 15:12:11,0.24183006535947713
07/11/2025 15:12:11,0.23376623376623376
07/11/2025 15:12:11,0.21794871794871795
07/11/2025 15:12:12,0.24183006535947713
07/11/2025 15:12:12,0.22186495176848875
07/11/2025 15:12:12,0.21405750798722045
07/11/2025 15:12:12,0.21405750798722045
07/11/2025 15:12:12,0.22580645161290322
07/11/2025 15:12:12,0.19873817034700317
07/11/2025 15:12:13,0.1949685534591195
07/11/2025 15:12:13,0.23376623376623376
07/11/2025 15:12:13,0.21019108280254778
07/11/2025 15:12:13,0.21794871794871795
07/11/2025 15:12:13,0.1875
07/11/2025 15:12:13,0.23376623376623376
07/11/2025 15:12:13,0.21019108280254778
07/11/2025 15:12:14,0.2297734627831715
07/11/2025 15:12:14,0.22186495176848875
07/11/2025 15:12:14,0.19873817034700317
07/11/2025 15:12:14,0.22580645161290322
07/11/2025 15:12:14,0.2709030100334448
07/11/2025 15:12:14,0.19122257053291536
07/11/2025 15:12:15,0.2709030100334448
07/11/2025 15:12:15,0.23376623376623376
07/11/2025 15:12:15,0.2297734627831715
07/11/2025 15:12:15,0.21405750798722045
07/11/2025 15:12:15,0.21019108280254778
07/11/2025 15:12:15,0.23376623376623376
07/11/2025 15:12:16,0.25412541254125415
07/11/2025 15:12:16,0.21019108280254778
07/11/2025 15:12:16,0.22580645161290322
07/11/2025 15:12:16,0.20253164556962025
07/11/2025 15:12:16,0.2297734627831715
07/11/2025 15:12:16,0.22580645161290322
07/11/2025 15:12:17,0.21405750798722045
07/11/2025 15:12:17,0.25412541254125415
07/11/2025 15:12:17,0.20253164556962025
07/11/2025 15:12:17,0.21405750798722045
07/11/2025 15:12:17,0.21405750798722045
07/11/2025 15:12:17,0.21405750798722045
07/11/2025 15:12:18,0.21405750798722045
07/11/2025 15:12:18,0.19122257053291536
07/11/2025 15:12:18,0.22186495176848875
07/11/2025 15:12:18,0.18012422360248448
07/11/2025 15:12:18,0.23376623376623376
07/11/2025 15:12:18,0.23778501628664495
07/11/2025 15:12:19,0.21405750798722045
07/11/2025 15:12:19,0.20634920634920634
07/11/2025 15:12:19,0.26245847176079734
07/11/2025 15:12:19,0.21794871794871795
07/11/2025 15:12:19,0.19122257053291536
07/11/2025 15:12:19,0.23376623376623376
07/11/2025 15:12:20,0.25
07/11/2025 15:12:20,0.21019108280254778
07/11/2025 15:12:20,0.22186495176848875
07/11/2025 15:12:20,0.21019108280254778
07/11/2025 15:12:20,0.1875
07/11/2025 15:12:20,0.22186495176848875
07/11/2025 15:12:20,0.22186495176848875
07/11/2025 15:12:21,0.20634920634920634
07/11/2025 15:12:21,0.1949685534591195
07/11/2025 15:12:21,0.21019108280254778
07/11/2025 15:12:21,0.22580645161290322
07/11/2025 15:12:21,0.23376623376623376
07/11/2025 15:12:22,0.20634920634920634
07/11/2025 15:12:22,0.25412541254125415
07/11/2025 15:12:22,0.22580645161290322
07/11/2025 15:12:22,0.21794871794871795
07/11/2025 15:12:22,0.21405750798722045
07/11/2025 15:12:22,0.20634920634920634
07/11/2025 15:12:23,0.25412541254125415
07/11/2025 15:12:23,0.20634920634920634
07/11/2025 15:12:23,0.24183006535947713
07/11/2025 15:12:23,0.21794871794871795
07/11/2025 15:12:23,0.23376623376623376
07/11/2025 15:12:23,0.22186495176848875
07/11/2025 15:12:24,0.22580645161290322
07/11/2025 15:12:24,0.19873817034700317
07/11/2025 15:12:24,0.2297734627831715
07/11/2025 15:12:24,0.20634920634920634
07/11/2025 15:12:24,0.23778501628664495
07/11/2025 15:12:24,0.2582781456953642
07/11/2025 15:12:25,0.21019108280254778
07/11/2025 15:12:25,0.21405750798722045
07/11/2025 15:12:25,0.23376623376623376
07/11/2025 15:12:25,0.20253164556962025
07/11/2025 15:12:25,0.21405750798722045
07/11/2025 15:12:25,0.21405750798722045
07/11/2025 15:12:26,0.22186495176848875
07/11/2025 15:12:26,0.21794871794871795
07/11/2025 15:12:26,0.21405750798722045
07/11/2025 15:12:26,0.26245847176079734
07/11/2025 15:12:26,0.22580645161290322
07/11/2025 15:12:26,0.23376623376623376
07/11/2025 15:12:27,0.24183006535947713
07/11/2025 15:12:27,0.22186495176848875
07/11/2025 15:12:27,0.1949685534591195
07/11/2025 15:12:27,0.2297734627831715
07/11/2025 15:12:27,0.21019108280254778
07/11/2025 15:12:27,0.24183006535947713
07/11/2025 15:12:27,0.20634920634920634
07/11/2025 15:12:28,0.1949685534591195
07/11/2025 15:12:28,0.20634920634920634
07/11/2025 15:12:28,0.21019108280254778
07/11/2025 15:12:28,0.21794871794871795
07/11/2025 15:12:28,0.22580645161290322
07/11/2025 15:12:28,0.20634920634920634
07/11/2025 15:12:29,0.20253164556962025
07/11/2025 15:12:29,0.23778501628664495
07/11/2025 15:12:29,0.23376623376623376
07/11/2025 15:12:29,0.22580645161290322
07/11/2025 15:12:29,0.1838006230529595
07/11/2025 15:12:29,0.20253164556962025
07/11/2025 15:12:30,0.1875
07/11/2025 15:12:30,0.25412541254125415
07/11/2025 15:12:30,0.22186495176848875
07/11/2025 15:12:30,0.2459016393442623
07/11/2025 15:12:30,0.23778501628664495
07/11/2025 15:12:30,0.23778501628664495
07/11/2025 15:12:31,0.2459016393442623
07/11/2025 15:12:31,0.2297734627831715
07/11/2025 15:12:31,0.21405750798722045
07/11/2025 15:12:31,0.24183006535947713
07/11/2025 15:12:31,0.20253164556962025
07/11/2025 15:12:31,0.20634920634920634
07/11/2025 15:12:32,0.21405750798722045
07/11/2025 15:12:32,0.22580645161290322
07/11/2025 15:12:32,0.22186495176848875
07/11/2025 15:12:32,0.23376623376623376
07/11/2025 15:12:32,0.23376623376623376
07/11/2025 15:12:32,0.20634920634920634
07/11/2025 15:12:33,0.22186495176848875
07/11/2025 15:12:33,0.25412541254125415
07/11/2025 15:12:33,0.2297734627831715
07/11/2025 15:12:33,0.21405750798722045
07/11/2025 15:12:33,0.24183006535947713
07/11/2025 15:12:33,0.21019108280254778
07/11/2025 15:12:34,0.21794871794871795
07/11/2025 15:12:34,0.21405750798722045
07/11/2025 15:12:34,0.20634920634920634
07/11/2025 15:12:34,0.23778501628664495
07/11/2025 15:12:34,0.20253164556962025
07/11/2025 15:12:34,0.25412541254125415
07/11/2025 15:12:35,0.18012422360248448
07/11/2025 15:12:35,0.22186495176848875
07/11/2025 15:12:35,0.21405750798722045
07/11/2025 15:12:35,0.23376623376623376
07/11/2025 15:12:35,0.23778501628664495
07/11/2025 15:12:35,0.23778501628664495
07/11/2025 15:12:36,0.19122257053291536
07/11/2025 15:12:36,0.22186495176848875
07/11/2025 15:12:36,0.20253164556962025
07/11/2025 15:12:36,0.2582781456953642
07/11/2025 15:12:36,0.27946127946127947
07/11/2025 15:12:36,0.23778501628664495
07/11/2025 15:12:36,0.20634920634920634
07/11/2025 15:12:37,0.25412541254125415
07/11/2025 15:12:37,0.23778501628664495
07/11/2025 15:12:37,0.21794871794871795
07/11/2025 15:12:37,0.22186495176848875
07/11/2025 15:12:37,0.2297734627831715
07/11/2025 15:12:37,0.23778501628664495
07/11/2025 15:12:38,0.23376623376623376
07/11/2025 15:12:38,0.2297734627831715
07/11/2025 15:12:38,0.23778501628664495
07/11/2025 15:12:38,0.20634920634920634
07/11/2025 15:12:38,0.20253164556962025
07/11/2025 15:12:38,0.21019108280254778
07/11/2025 15:12:39,0.24183006535947713
07/11/2025 15:12:39,0.22186495176848875
07/11/2025 15:12:39,0.21405750798722045
07/11/2025 15:12:39,0.23376623376623376
07/11/2025 15:12:39,0.25412541254125415
07/11/2025 15:12:39,0.20253164556962025
07/11/2025 15:12:40,0.19873817034700317
07/11/2025 15:12:40,0.26666666666666666
07/11/2025 15:12:40,0.22186495176848875
07/11/2025 15:12:40,0.21019108280254778
07/11/2025 15:12:40,0.2297734627831715
07/11/2025 15:12:40,0.1728395061728395
07/11/2025 15:12:41,0.21405750798722045
07/11/2025 15:12:41,0.2582781456953642
07/11/2025 15:12:41,0.22580645161290322
07/11/2025 15:12:41,0.22186495176848875
07/11/2025 15:12:41,0.23376623376623376
07/11/2025 15:12:42,0.2582781456953642
07/11/2025 15:12:42,0.2582781456953642
07/11/2025 15:12:42,0.19873817034700317
07/11/2025 15:12:42,0.25412541254125415
07/11/2025 15:12:42,0.21794871794871795
07/11/2025 15:12:42,0.22580645161290322
07/11/2025 15:12:42,0.23778501628664495
07/11/2025 15:12:43,0.21794871794871795
07/11/2025 15:12:43,0.20634920634920634
07/11/2025 15:12:43,0.19873817034700317
07/11/2025 15:12:43,0.23376623376623376
07/11/2025 15:12:43,0.19873817034700317
07/11/2025 15:12:43,0.24183006535947713
07/11/2025 15:12:44,0.2297734627831715
07/11/2025 15:12:44,0.20253164556962025
07/11/2025 15:12:44,0.18012422360248448
07/11/2025 15:12:44,0.23778501628664495
07/11/2025 15:12:44,0.22580645161290322
07/11/2025 15:12:44,0.1949685534591195
07/11/2025 15:12:45,0.22580645161290322
07/11/2025 15:12:45,0.22186495176848875
07/11/2025 15:12:45,0.23376623376623376
07/11/2025 15:12:45,0.2297734627831715
07/11/2025 15:12:45,0.2297734627831715
07/11/2025 15:12:45,0.25412541254125415
07/11/2025 15:12:46,0.22580645161290322
07/11/2025 15:12:46,0.27946127946127947
07/11/2025 15:12:46,0.1949685534591195
07/11/2025 15:12:46,0.21794871794871795
07/11/2025 15:12:46,0.23376623376623376
07/11/2025 15:12:46,0.23376623376623376
07/11/2025 15:12:47,0.23376623376623376
07/11/2025 15:12:47,0.21405750798722045
07/11/2025 15:12:47,0.23376623376623376
07/11/2025 15:12:47,0.21019108280254778
07/11/2025 15:12:47,0.1949685534591195
07/11/2025 15:12:47,0.21019108280254778
07/11/2025 15:12:48,0.23778501628664495
07/11/2025 15:12:48,0.2459016393442623
07/11/2025 15:12:48,0.23778501628664495
07/11/2025 15:12:48,0.23376623376623376
07/11/2025 15:12:48,0.24183006535947713
07/11/2025 15:12:48,0.23376623376623376
07/11/2025 15:12:49,0.1875
07/11/2025 15:12:49,0.1949685534591195
07/11/2025 15:12:49,0.23778501628664495
07/11/2025 15:12:49,0.20634920634920634
07/11/2025 15:12:49,0.22580645161290322
07/11/2025 15:12:49,0.20253164556962025
07/11/2025 15:12:49,0.2582781456953642
07/11/2025 15:12:50,0.22186495176848875
07/11/2025 15:12:50,0.2297734627831715
07/11/2025 15:12:50,0.22186495176848875
07/11/2025 15:12:50,0.25412541254125415
07/11/2025 15:12:50,0.19873817034700317
07/11/2025 15:12:50,0.22186495176848875
07/11/2025 15:12:51,0.20253164556962025
07/11/2025 15:12:51,0.2297734627831715
07/11/2025 15:12:51,0.2297734627831715
07/11/2025 15:12:51,0.2297734627831715
07/11/2025 15:12:51,0.1949685534591195
07/11/2025 15:12:51,0.22580645161290322
07/11/2025 15:12:52,0.24183006535947713
07/11/2025 15:12:52,0.21405750798722045
07/11/2025 15:12:52,0.21405750798722045
07/11/2025 15:12:52,0.23376623376623376
07/11/2025 15:12:52,0.22186495176848875
07/11/2025 15:12:52,0.23376623376623376
07/11/2025 15:12:53,0.21794871794871795
07/11/2025 15:12:53,0.21794871794871795
07/11/2025 15:12:53,0.22186495176848875
07/11/2025 15:12:53,0.23778501628664495
07/11/2025 15:12:53,0.25
07/11/2025 15:12:53,0.23778501628664495
07/11/2025 15:12:53,0.22580645161290322
07/11/2025 15:12:54,0.19122257053291536
07/11/2025 15:12:54,0.26666666666666666
07/11/2025 15:12:54,0.22580645161290322
07/11/2025 15:12:54,0.21019108280254778
07/11/2025 15:12:54,0.24183006535947713
07/11/2025 15:12:54,0.22186495176848875
07/11/2025 15:12:55,0.22580645161290322
07/11/2025 15:12:55,0.19873817034700317
07/11/2025 15:12:55,0.19122257053291536
07/11/2025 15:12:55,0.25412541254125415
07/11/2025 15:12:55,0.21405750798722045
07/11/2025 15:12:55,0.21405750798722045
07/11/2025 15:12:56,0.21019108280254778
07/11/2025 15:12:56,0.22580645161290322
07/11/2025 15:12:56,0.20634920634920634
07/11/2025 15:12:56,0.20634920634920634
07/11/2025 15:12:56,0.20253164556962025
07/11/2025 15:12:56,0.22186495176848875
07/11/2025 15:12:57,0.2297734627831715
07/11/2025 15:12:57,0.2297734627831715
07/11/2025 15:12:57,0.23778501628664495
07/11/2025 15:12:57,0.21405750798722045
07/11/2025 15:12:57,0.1949685534591195
07/11/2025 15:12:57,0.19873817034700317
07/11/2025 15:12:58,0.21794871794871795
07/11/2025 15:12:58,0.21019108280254778
07/11/2025 15:12:58,0.23778501628664495
07/11/2025 15:12:58,0.22186495176848875
07/11/2025 15:12:58,0.2297734627831715
07/11/2025 15:12:58,0.2459016393442623
07/11/2025 15:12:59,0.22186495176848875
07/11/2025 15:12:59,0.19122257053291536
07/11/2025 15:12:59,0.23778501628664495
07/11/2025 15:12:59,0.20253164556962025
07/11/2025 15:12:59,0.24183006535947713
07/11/2025 15:12:59,0.20634920634920634
07/11/2025 15:13:00,0.23376623376623376
07/11/2025 15:13:00,0.22186495176848875
07/11/2025 15:13:00,0.22186495176848875
07/11/2025 15:13:00,0.21794871794871795
07/11/2025 15:13:00,0.21405750798722045
07/11/2025 15:13:00,0.1838006230529595
07/11/2025 15:13:00,0.1656441717791411
07/11/2025 15:13:01,0.2297734627831715
07/11/2025 15:13:01,0.22186495176848875
07/11/2025 15:13:01,0.22580645161290322
07/11/2025 15:13:01,0.23376623376623376
07/11/2025 15:13:01,0.21794871794871795
07/11/2025 15:13:01,0.20253164556962025
07/11/2025 15:13:02,0.25412541254125415
07/11/2025 15:13:02,0.1949685534591195
07/11/2025 15:13:02,0.20253164556962025
07/11/2025 15:13:02,0.2297734627831715
07/11/2025 15:13:02,0.23778501628664495
07/11/2025 15:13:02,0.23778501628664495
07/11/2025 15:13:03,0.2582781456953642
07/11/2025 15:13:03,0.21794871794871795
07/11/2025 15:13:03,0.25
07/11/2025 15:13:03,0.2459016393442623
07/11/2025 15:13:03,0.24183006535947713
07/11/2025 15:13:03,0.22186495176848875
07/11/2025 15:13:04,0.2297734627831715
07/11/2025 15:13:04,0.23778501628664495
07/11/2025 15:13:04,0.2297734627831715
07/11/2025 15:13:04,0.21794871794871795
07/11/2025 15:13:04,0.21794871794871795
07/11/2025 15:13:04,0.1949685534591195
07/11/2025 15:13:05,0.2582781456953642
07/11/2025 15:13:05,0.22186495176848875
07/11/2025 15:13:05,0.24183006535947713
07/11/2025 15:13:05,0.20253164556962025
07/11/2025 15:13:05,0.21794871794871795
07/11/2025 15:13:05,0.21019108280254778
07/11/2025 15:13:05,0.23778501628664495
07/11/2025 15:13:06,0.21405750798722045
07/11/2025 15:13:06,0.1949685534591195
07/11/2025 15:13:06,0.21019108280254778
07/11/2025 15:13:06,0.2297734627831715
07/11/2025 15:13:06,0.20253164556962025
07/11/2025 15:13:07,0.2459016393442623
07/11/2025 15:13:07,0.25
07/11/2025 15:13:07,0.22186495176848875
07/11/2025 15:13:07,0.23778501628664495
07/11/2025 15:13:07,0.2297734627831715
07/11/2025 15:13:07,0.24183006535947713
07/11/2025 15:13:08,0.23376623376623376
07/11/2025 15:13:08,0.25412541254125415
07/11/2025 15:13:08,0.22580645161290322
07/11/2025 15:13:08,0.20253164556962025
07/11/2025 15:13:08,0.23376623376623376
07/11/2025 15:13:08,0.19873817034700317
07/11/2025 15:13:08,0.23778501628664495
07/11/2025 15:13:09,0.21019108280254778
07/11/2025 15:13:09,0.21019108280254778
07/11/2025 15:13:09,0.26245847176079734
07/11/2025 15:13:09,0.23376623376623376
07/11/2025 15:13:09,0.22186495176848875
07/11/2025 15:13:09,0.21019108280254778
07/11/2025 15:13:10,0.22580645161290322
07/11/2025 15:13:10,0.20634920634920634
07/11/2025 15:13:10,0.24183006535947713
07/11/2025 15:13:10,0.1838006230529595
07/11/2025 15:13:10,0.1949685534591195
07/11/2025 15:13:10,0.25
07/11/2025 15:13:11,0.23376623376623376
07/11/2025 15:13:11,0.21794871794871795
07/11/2025 15:13:11,0.2459016393442623
07/11/2025 15:13:11,0.20634920634920634
07/11/2025 15:13:11,0.18012422360248448
07/11/2025 15:13:11,0.26245847176079734
07/11/2025 15:13:12,0.20634920634920634
07/11/2025 15:13:12,0.24183006535947713
07/11/2025 15:13:12,0.20253164556962025
07/11/2025 15:13:12,0.23778501628664495
07/11/2025 15:13:12,0.21019108280254778
07/11/2025 15:13:12,0.23376623376623376
07/11/2025 15:13:13,0.2297734627831715
07/11/2025 15:13:13,0.23376623376623376
07/11/2025 15:13:13,0.23376623376623376
07/11/2025 15:13:13,0.2297734627831715
07/11/2025 15:13:13,0.22580645161290322
07/11/2025 15:13:13,0.21794871794871795
07/11/2025 15:13:14,0.19873817034700317
07/11/2025 15:13:14,0.23376623376623376
07/11/2025 15:13:14,0.23778501628664495
07/11/2025 15:13:14,0.21019108280254778
07/11/2025 15:13:14,0.22186495176848875
07/11/2025 15:13:14,0.22580645161290322
07/11/2025 15:13:15,0.22580645161290322
07/11/2025 15:13:15,0.2582781456953642
07/11/2025 15:13:15,0.2459016393442623
07/11/2025 15:13:15,0.22580645161290322
07/11/2025 15:13:15,0.2459016393442623
07/11/2025 15:13:15,0.19873817034700317
07/11/2025 15:13:16,0.23376623376623376
07/11/2025 15:13:16,0.23778501628664495
07/11/2025 15:13:16,0.22580645161290322
07/11/2025 15:13:16,0.23778501628664495
07/11/2025 15:13:16,0.23376623376623376
07/11/2025 15:13:16,0.19873817034700317
07/11/2025 15:13:17,0.24183006535947713
07/11/2025 15:13:17,0.22186495176848875
07/11/2025 15:13:17,0.22186495176848875
07/11/2025 15:13:17,0.20253164556962025
07/11/2025 15:13:17,0.21794871794871795
07/11/2025 15:13:17,0.23778501628664495
07/11/2025 15:13:18,0.23376623376623376
07/11/2025 15:13:18,0.1838006230529595
07/11/2025 15:13:18,0.21019108280254778
07/11/2025 15:13:18,0.1949685534591195
07/11/2025 15:13:18,0.2297734627831715
07/11/2025 15:13:18,0.2297734627831715
07/11/2025 15:13:18,0.21019108280254778
07/11/2025 15:13:19,0.22186495176848875
07/11/2025 15:13:19,0.22580645161290322
07/11/2025 15:13:19,0.24183006535947713
07/11/2025 15:13:19,0.24183006535947713
07/11/2025 15:13:19,0.21019108280254778
07/11/2025 15:13:19,0.2459016393442623
07/11/2025 15:13:20,0.24183006535947713
07/11/2025 15:13:20,0.24183006535947713
07/11/2025 15:13:20,0.21405750798722045
07/11/2025 15:13:20,0.21794871794871795
07/11/2025 15:13:20,0.21794871794871795
07/11/2025 15:13:20,0.21405750798722045
07/11/2025 15:13:21,0.20253164556962025
07/11/2025 15:13:21,0.23778501628664495
07/11/2025 15:13:21,0.24183006535947713
07/11/2025 15:13:21,0.22186495176848875
07/11/2025 15:13:21,0.21405750798722045
07/11/2025 15:13:21,0.23778501628664495
07/11/2025 15:13:22,0.21019108280254778
07/11/2025 15:13:22,0.25
07/11/2025 15:13:22,0.2297734627831715
07/11/2025 15:13:22,0.25412541254125415
07/11/2025 15:13:22,0.20253164556962025
07/11/2025 15:13:22,0.21794871794871795
07/11/2025 15:13:23,0.1838006230529595
07/11/2025 15:13:23,0.21794871794871795
07/11/2025 15:13:23,0.22580645161290322
07/11/2025 15:13:23,0.1949685534591195
07/11/2025 15:13:23,0.22186495176848875
07/11/2025 15:13:23,0.22186495176848875
07/11/2025 15:13:23,0.22580645161290322
07/11/2025 15:13:24,0.24183006535947713
07/11/2025 15:13:24,0.22186495176848875
07/11/2025 15:13:24,0.21405750798722045
07/11/2025 15:13:24,0.23778501628664495
07/11/2025 15:13:24,0.23376623376623376
07/11/2025 15:13:24,0.2297734627831715
07/11/2025 15:13:25,0.19873817034700317
07/11/2025 15:13:25,0.19873817034700317
07/11/2025 15:13:25,0.23778501628664495
07/11/2025 15:13:25,0.26666666666666666
07/11/2025 15:13:25,0.21405750798722045
07/11/2025 15:13:25,0.22580645161290322
07/11/2025 15:13:26,0.16923076923076924
07/11/2025 15:13:26,0.1949685534591195
07/11/2025 15:13:26,0.22186495176848875
07/11/2025 15:13:26,0.25412541254125415
07/11/2025 15:13:26,0.1838006230529595
07/11/2025 15:13:27,0.1949685534591195
07/11/2025 15:13:27,0.21405750798722045
07/11/2025 15:13:27,0.2459016393442623
07/11/2025 15:13:27,0.22580645161290322
07/11/2025 15:13:27,0.25
07/11/2025 15:13:27,0.22186495176848875
07/11/2025 15:13:28,0.2297734627831715
07/11/2025 15:13:28,0.1949685534591195
07/11/2025 15:13:28,0.21794871794871795
07/11/2025 15:13:28,0.2297734627831715
07/11/2025 15:13:28,0.21794871794871795
07/11/2025 15:13:28,0.20253164556962025
07/11/2025 15:13:29,0.22186495176848875
07/11/2025 15:13:29,0.22580645161290322
07/11/2025 15:13:29,0.1949685534591195
07/11/2025 15:13:29,0.19873817034700317
07/11/2025 15:13:29,0.23778501628664495
07/11/2025 15:13:29,0.26245847176079734
07/11/2025 15:13:29,0.22580645161290322
07/11/2025 15:13:30,0.20253164556962025
07/11/2025 15:13:30,0.26666666666666666
07/11/2025 15:13:30,0.2582781456953642
07/11/2025 15:13:30,0.23778501628664495
07/11/2025 15:13:30,0.21794871794871795
07/11/2025 15:13:30,0.20634920634920634
07/11/2025 15:13:31,0.22580645161290322
07/11/2025 15:13:31,0.22186495176848875
07/11/2025 15:13:31,0.22186495176848875
07/11/2025 15:13:31,0.25
07/11/2025 15:13:31,0.21405750798722045
07/11/2025 15:13:31,0.23376623376623376
07/11/2025 15:13:32,0.1949685534591195
07/11/2025 15:13:32,0.26245847176079734
07/11/2025 15:13:32,0.21405750798722045
07/11/2025 15:13:32,0.20253164556962025
07/11/2025 15:13:32,0.23778501628664495
07/11/2025 15:13:32,0.22186495176848875
07/11/2025 15:13:33,0.21405750798722045
07/11/2025 15:13:33,0.22186495176848875
07/11/2025 15:13:33,0.21019108280254778
07/11/2025 15:13:33,0.23778501628664495
07/11/2025 15:13:33,0.2297734627831715
07/11/2025 15:13:33,0.20634920634920634
07/11/2025 15:13:34,0.26245847176079734
07/11/2025 15:13:34,0.21794871794871795
07/11/2025 15:13:34,0.21405750798722045
07/11/2025 15:13:34,0.2582781456953642
07/11/2025 15:13:34,0.26666666666666666
07/11/2025 15:13:34,0.2459016393442623
07/11/2025 15:13:35,0.22580645161290322
07/11/2025 15:13:35,0.25
07/11/2025 15:13:35,0.23376623376623376
07/11/2025 15:13:35,0.22580645161290322
07/11/2025 15:13:35,0.23376623376623376
07/11/2025 15:13:35,0.25
07/11/2025 15:13:36,0.1949685534591195
07/11/2025 15:13:36,0.23778501628664495
07/11/2025 15:13:36,0.1875
07/11/2025 15:13:36,0.2459016393442623
07/11/2025 15:13:36,0.23376623376623376
07/11/2025 15:13:36,0.21794871794871795
07/11/2025 15:13:36,0.2297734627831715
07/11/2025 15:13:37,0.20253164556962025
07/11/2025 15:13:37,0.25
07/11/2025 15:13:37,0.25
07/11/2025 15:13:37,0.21405750798722045
07/11/2025 15:13:37,0.23778501628664495
07/11/2025 15:13:37,0.21405750798722045
07/11/2025 15:13:38,0.23376623376623376
07/11/2025 15:13:38,0.24183006535947713
07/11/2025 15:13:38,0.23778501628664495
07/11/2025 15:13:38,0.23778501628664495
07/11/2025 15:13:38,0.20634920634920634
07/11/2025 15:13:38,0.20634920634920634
07/11/2025 15:13:39,0.21405750798722045
07/11/2025 15:13:39,0.20634920634920634
07/11/2025 15:13:39,0.23376623376623376
07/11/2025 15:13:39,0.2297734627831715
07/11/2025 15:13:39,0.18012422360248448
07/11/2025 15:13:39,0.23778501628664495
07/11/2025 15:13:40,0.21794871794871795
07/11/2025 15:13:40,0.22186495176848875
07/11/2025 15:13:40,0.1875
07/11/2025 15:13:40,0.22580645161290322
07/11/2025 15:13:40,0.25
07/11/2025 15:13:40,0.25
07/11/2025 15:13:41,0.19122257053291536
07/11/2025 15:13:41,0.23376623376623376
07/11/2025 15:13:41,0.22186495176848875
07/11/2025 15:13:41,0.19873817034700317
07/11/2025 15:13:41,0.21794871794871795
07/11/2025 15:13:41,0.22580645161290322
07/11/2025 15:13:42,0.20634920634920634
07/11/2025 15:13:42,0.2297734627831715
07/11/2025 15:13:42,0.2459016393442623
07/11/2025 15:13:42,0.23778501628664495
07/11/2025 15:13:42,0.21019108280254778
07/11/2025 15:13:42,0.21019108280254778
07/11/2025 15:13:43,0.21405750798722045
07/11/2025 15:13:43,0.22580645161290322
07/11/2025 15:13:43,0.26666666666666666
07/11/2025 15:13:43,0.22580645161290322
07/11/2025 15:13:43,0.20634920634920634
07/11/2025 15:13:43,0.20253164556962025
07/11/2025 15:13:44,0.18012422360248448
07/11/2025 15:13:44,0.24183006535947713
07/11/2025 15:13:44,0.20634920634920634
07/11/2025 15:13:44,0.23778501628664495
07/11/2025 15:13:44,0.22186495176848875
07/11/2025 15:13:44,0.25412541254125415
07/11/2025 15:13:44,0.18012422360248448
07/11/2025 15:13:45,0.1875
07/11/2025 15:13:45,0.21405750798722045
07/11/2025 15:13:45,0.21794871794871795
07/11/2025 15:13:45,0.25412541254125415
07/11/2025 15:13:45,0.20634920634920634
07/11/2025 15:13:45,0.2459016393442623
07/11/2025 15:13:46,0.2297734627831715
07/11/2025 15:13:46,0.23778501628664495
07/11/2025 15:13:46,0.21794871794871795
07/11/2025 15:13:46,0.23778501628664495
07/11/2025 15:13:46,0.22580645161290322
07/11/2025 15:13:46,0.20253164556962025
07/11/2025 15:13:47,0.25412541254125415
07/11/2025 15:13:47,0.22580645161290322
07/11/2025 15:13:47,0.21405750798722045
07/11/2025 15:13:47,0.20634920634920634
07/11/2025 15:13:47,0.1875
07/11/2025 15:13:47,0.20253164556962025
07/11/2025 15:13:47,0.19873817034700317
07/11/2025 15:13:48,0.20253164556962025
07/11/2025 15:13:48,0.25
07/11/2025 15:13:48,0.22580645161290322
07/11/2025 15:13:48,0.21794871794871795
07/11/2025 15:13:48,0.22186495176848875
07/11/2025 15:13:48,0.21405750798722045
07/11/2025 15:13:49,0.26245847176079734
07/11/2025 15:13:49,0.23778501628664495
07/11/2025 15:13:49,0.1949685534591195
07/11/2025 15:13:49,0.21405750798722045
07/11/2025 15:13:49,0.2459016393442623
07/11/2025 15:13:49,0.24183006535947713
07/11/2025 15:13:50,0.22186495176848875
07/11/2025 15:13:50,0.24183006535947713
07/11/2025 15:13:50,0.25
07/11/2025 15:13:50,0.25
07/11/2025 15:13:50,0.22186495176848875
07/11/2025 15:13:50,0.20634920634920634
07/11/2025 15:13:51,0.22580645161290322
07/11/2025 15:13:51,0.23778501628664495
07/11/2025 15:13:51,0.20634920634920634
07/11/2025 15:13:51,0.20253164556962025
07/11/2025 15:13:51,0.19122257053291536
07/11/2025 15:13:51,0.21405750798722045
07/11/2025 15:13:52,0.22580645161290322
07/11/2025 15:13:52,0.21794871794871795
07/11/2025 15:13:52,0.1949685534591195
07/11/2025 15:13:52,0.21794871794871795
07/11/2025 15:13:52,0.21794871794871795
07/11/2025 15:13:52,0.21019108280254778
07/11/2025 15:13:53,0.23376623376623376
07/11/2025 15:13:53,0.21794871794871795
07/11/2025 15:13:53,0.24183006535947713
07/11/2025 15:13:53,0.24183006535947713
07/11/2025 15:13:53,0.22186495176848875
07/11/2025 15:13:53,0.21405750798722045
07/11/2025 15:13:54,0.19873817034700317
07/11/2025 15:13:54,0.20253164556962025
07/11/2025 15:13:54,0.22580645161290322
07/11/2025 15:13:54,0.24183006535947713
07/11/2025 15:13:54,0.2297734627831715
07/11/2025 15:13:54,0.21405750798722045
07/11/2025 15:13:55,0.22580645161290322
07/11/2025 15:13:55,0.20634920634920634
07/11/2025 15:13:55,0.18012422360248448
07/11/2025 15:13:55,0.2459016393442623
07/11/2025 15:13:55,0.25
07/11/2025 15:13:55,0.19873817034700317
07/11/2025 15:13:56,0.20634920634920634
07/11/2025 15:13:56,0.21405750798722045
07/11/2025 15:13:56,0.21405750798722045
07/11/2025 15:13:56,0.19122257053291536
07/11/2025 15:13:56,0.24183006535947713
07/11/2025 15:13:56,0.21794871794871795
07/11/2025 15:13:57,0.22580645161290322
07/11/2025 15:13:57,0.23376623376623376
07/11/2025 15:13:57,0.25412541254125415
07/11/2025 15:13:57,0.23778501628664495
07/11/2025 15:13:57,0.25
07/11/2025 15:13:57,0.17647058823529413
07/11/2025 15:13:58,0.21794871794871795
07/11/2025 15:13:58,0.23778501628664495
07/11/2025 15:13:58,0.2582781456953642
07/11/2025 15:13:58,0.21019108280254778
07/11/2025 15:13:58,0.20253164556962025
07/11/2025 15:13:58,0.22186495176848875
07/11/2025 15:13:59,0.20253164556962025
07/11/2025 15:13:59,0.23778501628664495
07/11/2025 15:13:59,0.25
07/11/2025 15:13:59,0.23376623376623376
07/11/2025 15:13:59,0.21794871794871795
07/11/2025 15:13:59,0.21794871794871795
07/11/2025 15:13:59,0.1949685534591195
07/11/2025 15:14:00,0.23778501628664495
07/11/2025 15:14:00,0.2459016393442623
07/11/2025 15:14:00,0.22580645161290322
07/11/2025 15:14:00,0.19873817034700317
07/11/2025 15:14:00,0.22186495176848875
07/11/2025 15:14:00,0.19122257053291536
07/11/2025 15:14:01,0.21019108280254778
07/11/2025 15:14:01,0.1875
07/11/2025 15:14:01,0.25412541254125415
07/11/2025 15:14:01,0.21405750798722045
07/11/2025 15:14:01,0.22186495176848875
07/11/2025 15:14:01,0.1949685534591195
07/11/2025 15:14:01,0.22186495176848875
07/11/2025 15:14:02,0.20634920634920634
07/11/2025 15:14:02,0.20634920634920634
07/11/2025 15:14:02,0.22186495176848875
07/11/2025 15:14:02,0.2459016393442623
07/11/2025 15:14:02,0.21794871794871795
07/11/2025 15:14:03,0.21794871794871795
07/11/2025 15:14:03,0.24183006535947713
07/11/2025 15:14:03,0.25
07/11/2025 15:14:03,0.1949685534591195
07/11/2025 15:14:03,0.23376623376623376
07/11/2025 15:14:03,0.2459016393442623
07/11/2025 15:14:03,0.2297734627831715
07/11/2025 15:14:04,0.25412541254125415
07/11/2025 15:14:04,0.23376623376623376
07/11/2025 15:14:04,0.1949685534591195
07/11/2025 15:14:04,0.22186495176848875
07/11/2025 15:14:04,0.23376623376623376
07/11/2025 15:14:04,0.25412541254125415
07/11/2025 15:14:05,0.22580645161290322
07/11/2025 15:14:05,0.26666666666666666
07/11/2025 15:14:05,0.1875
07/11/2025 15:14:05,0.25412541254125415
07/11/2025 15:14:05,0.20634920634920634
07/11/2025 15:14:06,0.21405750798722045
07/11/2025 15:14:06,0.1949685534591195
07/11/2025 15:14:06,0.1838006230529595
07/11/2025 15:14:06,0.23778501628664495
07/11/2025 15:14:06,0.23376623376623376
07/11/2025 15:14:06,0.25
07/11/2025 15:14:06,0.21405750798722045
07/11/2025 15:14:07,0.2582781456953642
07/11/2025 15:14:07,0.21794871794871795
07/11/2025 15:14:07,0.24183006535947713
07/11/2025 15:14:07,0.20253164556962025
07/11/2025 15:14:07,0.21405750798722045
07/11/2025 15:14:07,0.19873817034700317
07/11/2025 15:14:08,0.19122257053291536
07/11/2025 15:14:08,0.25
07/11/2025 15:14:08,0.21794871794871795
07/11/2025 15:14:08,0.27946127946127947
07/11/2025 15:14:08,0.21794871794871795
07/11/2025 15:14:08,0.21019108280254778
07/11/2025 15:14:09,0.1875
07/11/2025 15:14:09,0.21405750798722045
07/11/2025 15:14:09,0.2297734627831715
07/11/2025 15:14:09,0.20253164556962025
07/11/2025 15:14:09,0.20634920634920634
07/11/2025 15:14:09,0.21794871794871795
07/11/2025 15:14:10,0.25
07/11/2025 15:14:10,0.21794871794871795
07/11/2025 15:14:10,0.2297734627831715
07/11/2025 15:14:10,0.21019108280254778
07/11/2025 15:14:10,0.20634920634920634
07/11/2025 15:14:10,0.20634920634920634
07/11/2025 15:14:11,0.2297734627831715
07/11/2025 15:14:11,0.21019108280254778
07/11/2025 15:14:11,0.22186495176848875
07/11/2025 15:14:11,0.22580645161290322
07/11/2025 15:14:11,0.21794871794871795
07/11/2025 15:14:11,0.23778501628664495
07/11/2025 15:14:11,0.21794871794871795
07/11/2025 15:14:12,0.19122257053291536
07/11/2025 15:14:12,0.20634920634920634
07/11/2025 15:14:12,0.21794871794871795
07/11/2025 15:14:12,0.16923076923076924
07/11/2025 15:14:12,0.21019108280254778
07/11/2025 15:14:12,0.25
07/11/2025 15:14:13,0.19873817034700317
07/11/2025 15:14:13,0.23376623376623376
07/11/2025 15:14:13,0.1838006230529595
07/11/2025 15:14:13,0.27946127946127947
07/11/2025 15:14:13,0.23376623376623376
07/11/2025 15:14:13,0.19873817034700317
07/11/2025 15:14:14,0.26245847176079734
07/11/2025 15:14:14,0.19122257053291536
07/11/2025 15:14:14,0.19122257053291536
07/11/2025 15:14:14,0.22580645161290322
07/11/2025 15:14:14,0.2297734627831715
07/11/2025 15:14:14,0.22186495176848875
07/11/2025 15:14:15,0.20253164556962025
07/11/2025 15:14:15,0.25412541254125415
07/11/2025 15:14:15,0.20253164556962025
07/11/2025 15:14:15,0.1949685534591195
07/11/2025 15:14:15,0.22580645161290322
07/11/2025 15:14:15,0.21019108280254778
07/11/2025 15:14:16,0.23376623376623376
07/11/2025 15:14:16,0.19873817034700317
07/11/2025 15:14:16,0.26245847176079734
07/11/2025 15:14:16,0.23376623376623376
07/11/2025 15:14:16,0.22580645161290322
07/11/2025 15:14:16,0.24183006535947713
07/11/2025 15:14:17,0.21794871794871795
07/11/2025 15:14:17,0.19873817034700317
07/11/2025 15:14:17,0.1838006230529595
07/11/2025 15:14:17,0.2297734627831715
07/11/2025 15:14:17,0.22186495176848875
07/11/2025 15:14:17,0.23376623376623376
07/11/2025 15:14:17,0.23778501628664495
07/11/2025 15:14:18,0.21405750798722045
07/11/2025 15:14:18,0.23376623376623376
07/11/2025 15:14:18,0.19122257053291536
07/11/2025 15:14:18,0.22580645161290322
07/11/2025 15:14:18,0.21405750798722045
07/11/2025 15:14:18,0.23376623376623376
07/11/2025 15:14:19,0.19873817034700317
07/11/2025 15:14:19,0.24183006535947713
07/11/2025 15:14:19,0.23778501628664495
07/11/2025 15:14:19,0.21019108280254778
07/11/2025 15:14:19,0.21019108280254778
07/11/2025 15:14:19,0.19122257053291536
07/11/2025 15:14:20,0.2297734627831715
07/11/2025 15:14:20,0.20634920634920634
07/11/2025 15:14:20,0.20634920634920634
07/11/2025 15:14:20,0.22580645161290322
07/11/2025 15:14:20,0.21019108280254778
07/11/2025 15:14:20,0.20634920634920634
07/11/2025 15:14:21,0.24183006535947713
07/11/2025 15:14:21,0.1728395061728395
07/11/2025 15:14:21,0.25412541254125415
07/11/2025 15:14:21,0.21794871794871795
07/11/2025 15:14:21,0.22580645161290322
07/11/2025 15:14:21,0.21794871794871795
07/11/2025 15:14:22,0.23376623376623376
07/11/2025 15:14:22,0.22186495176848875
07/11/2025 15:14:22,0.2582781456953642
07/11/2025 15:14:22,0.21794871794871795
07/11/2025 15:14:22,0.25
07/11/2025 15:14:22,0.22186495176848875
07/11/2025 15:14:23,0.20253164556962025
07/11/2025 15:14:23,0.2297734627831715
07/11/2025 15:14:23,0.21019108280254778
07/11/2025 15:14:23,0.19873817034700317
07/11/2025 15:14:23,0.2297734627831715
07/11/2025 15:14:23,0.23376623376623376
07/11/2025 15:14:23,0.2297734627831715
07/11/2025 15:14:24,0.20634920634920634
07/11/2025 15:14:24,0.22580645161290322
07/11/2025 15:14:24,0.23376623376623376
07/11/2025 15:14:24,0.23376623376623376
07/11/2025 15:14:24,0.21019108280254778
07/11/2025 15:14:24,0.19122257053291536
07/11/2025 15:14:25,0.24183006535947713
07/11/2025 15:14:25,0.23376623376623376
07/11/2025 15:14:25,0.23376623376623376
07/11/2025 15:14:25,0.22580645161290322
07/11/2025 15:14:25,0.19873817034700317
07/11/2025 15:14:25,0.1949685534591195
07/11/2025 15:14:26,0.21019108280254778
07/11/2025 15:14:26,0.23778501628664495
07/11/2025 15:14:26,0.21019108280254778
07/11/2025 15:14:26,0.23376623376623376
07/11/2025 15:14:26,0.20253164556962025
07/11/2025 15:14:26,0.21019108280254778
07/11/2025 15:14:27,0.25
07/11/2025 15:14:27,0.23778501628664495
07/11/2025 15:14:27,0.19873817034700317
07/11/2025 15:14:27,0.25412541254125415
07/11/2025 15:14:27,0.21019108280254778
07/11/2025 15:14:27,0.20253164556962025
07/11/2025 15:14:28,0.22186495176848875
07/11/2025 15:14:28,0.20253164556962025
07/11/2025 15:14:28,0.24183006535947713
07/11/2025 15:14:28,0.25412541254125415
07/11/2025 15:14:28,0.19873817034700317
07/11/2025 15:14:28,0.2297734627831715
07/11/2025 15:14:29,0.20634920634920634
07/11/2025 15:14:29,0.20634920634920634
07/11/2025 15:14:29,0.25
07/11/2025 15:14:29,0.22186495176848875
07/11/2025 15:14:29,0.2459016393442623
07/11/2025 15:14:29,0.2297734627831715
07/11/2025 15:14:29,0.288135593220339
07/11/2025 15:14:30,0.2459016393442623
07/11/2025 15:14:30,0.2582781456953642
07/11/2025 15:14:30,0.22186495176848875
07/11/2025 15:14:30,0.22186495176848875
07/11/2025 15:14:30,0.21019108280254778
07/11/2025 15:14:30,0.1949685534591195
07/11/2025 15:14:31,0.2297734627831715
07/11/2025 15:14:31,0.22580645161290322
07/11/2025 15:14:31,0.22580645161290322
07/11/2025 15:14:31,0.22186495176848875
07/11/2025 15:14:31,0.20253164556962025
07/11/2025 15:14:31,0.23376623376623376
07/11/2025 15:14:32,0.24183006535947713
07/11/2025 15:14:32,0.23376623376623376
07/11/2025 15:14:32,0.25
07/11/2025 15:14:32,0.23778501628664495
07/11/2025 15:14:32,0.23778501628664495
07/11/2025 15:14:32,0.20634920634920634
07/11/2025 15:14:33,0.20634920634920634
07/11/2025 15:14:33,0.24183006535947713
07/11/2025 15:14:33,0.22186495176848875
07/11/2025 15:14:33,0.29692832764505117
07/11/2025 15:14:33,0.20634920634920634
07/11/2025 15:14:33,0.23376623376623376
07/11/2025 15:14:34,0.1838006230529595
07/11/2025 15:14:34,0.23778501628664495
07/11/2025 15:14:34,0.25
07/11/2025 15:14:34,0.23376623376623376
07/11/2025 15:14:34,0.24183006535947713
07/11/2025 15:14:34,0.21019108280254778
07/11/2025 15:14:34,0.22186495176848875
07/11/2025 15:14:35,0.25
07/11/2025 15:14:35,0.23376623376623376
07/11/2025 15:14:35,0.2459016393442623
07/11/2025 15:14:35,0.2297734627831715
07/11/2025 15:14:35,0.2297734627831715
07/11/2025 15:14:35,0.21405750798722045
07/11/2025 15:14:36,0.21405750798722045
07/11/2025 15:14:36,0.24183006535947713
07/11/2025 15:14:36,0.21794871794871795
07/11/2025 15:14:36,0.25412541254125415
07/11/2025 15:14:36,0.1620795107033639
07/11/2025 15:14:36,0.20634920634920634
07/11/2025 15:14:37,0.22186495176848875
07/11/2025 15:14:37,0.2459016393442623
07/11/2025 15:14:37,0.21405750798722045
07/11/2025 15:14:37,0.19873817034700317
07/11/2025 15:14:37,0.24183006535947713
07/11/2025 15:14:37,0.21405750798722045
07/11/2025 15:14:38,0.21794871794871795
07/11/2025 15:14:38,0.21794871794871795
07/11/2025 15:14:38,0.23376623376623376
07/11/2025 15:14:38,0.21794871794871795
07/11/2025 15:14:38,0.21794871794871795
07/11/2025 15:14:38,0.21405750798722045
07/11/2025 15:14:39,0.24183006535947713
07/11/2025 15:14:39,0.23778501628664495
07/11/2025 15:14:39,0.21019108280254778
07/11/2025 15:14:39,0.19122257053291536
07/11/2025 15:14:39,0.21794871794871795
07/11/2025 15:14:39,0.1656441717791411
07/11/2025 15:14:39,0.22186495176848875
07/11/2025 15:14:40,0.22580645161290322
07/11/2025 15:14:40,0.22580645161290322
07/11/2025 15:14:40,0.2297734627831715
07/11/2025 15:14:40,0.2459016393442623
07/11/2025 15:14:40,0.21405750798722045
07/11/2025 15:14:40,0.2297734627831715
07/11/2025 15:14:41,0.2297734627831715
07/11/2025 15:14:41,0.21794871794871795
07/11/2025 15:14:41,0.20634920634920634
07/11/2025 15:14:41,0.20253164556962025
07/11/2025 15:14:41,0.2297734627831715
07/11/2025 15:14:41,0.2459016393442623
07/11/2025 15:14:42,0.2297734627831715
07/11/2025 15:14:42,0.22580645161290322
07/11/2025 15:14:42,0.23376623376623376
07/11/2025 15:14:42,0.2459016393442623
07/11/2025 15:14:42,0.26245847176079734
07/11/2025 15:14:42,0.2297734627831715
07/11/2025 15:14:43,0.2582781456953642
07/11/2025 15:14:43,0.21019108280254778
07/11/2025 15:14:43,0.21405750798722045
07/11/2025 15:14:43,0.20634920634920634
07/11/2025 15:14:43,0.20634920634920634
07/11/2025 15:14:43,0.21019108280254778
07/11/2025 15:14:44,0.23778501628664495
07/11/2025 15:14:44,0.21794871794871795
07/11/2025 15:14:44,0.21405750798722045
07/11/2025 15:14:44,0.23376623376623376
07/11/2025 15:14:44,0.288135593220339
07/11/2025 15:14:44,0.20634920634920634
07/11/2025 15:14:45,0.20253164556962025
07/11/2025 15:14:45,0.21405750798722045
07/11/2025 15:14:45,0.21405750798722045
07/11/2025 15:14:45,0.18012422360248448
07/11/2025 15:14:45,0.25
07/11/2025 15:14:45,0.21019108280254778
07/11/2025 15:14:46,0.22580645161290322
07/11/2025 15:14:46,0.2459016393442623
07/11/2025 15:14:46,0.20634920634920634
07/11/2025 15:14:46,0.21794871794871795
07/11/2025 15:14:46,0.19873817034700317
07/11/2025 15:14:46,0.22580645161290322
07/11/2025 15:14:47,0.25412541254125415
07/11/2025 15:14:47,0.26666666666666666
07/11/2025 15:14:47,0.23778501628664495
07/11/2025 15:14:47,0.22186495176848875
07/11/2025 15:14:47,0.23778501628664495
07/11/2025 15:14:47,0.20634920634920634
07/11/2025 15:14:48,0.21019108280254778
07/11/2025 15:14:48,0.22186495176848875
07/11/2025 15:14:48,0.20634920634920634
07/11/2025 15:14:48,0.21405750798722045
07/11/2025 15:14:48,0.1875
07/11/2025 15:14:48,0.2459016393442623
07/11/2025 15:14:49,0.20634920634920634
07/11/2025 15:14:49,0.21794871794871795
07/11/2025 15:14:49,0.23376623376623376
07/11/2025 15:14:49,0.22580645161290322
07/11/2025 15:14:49,0.1838006230529595
07/11/2025 15:14:49,0.22186495176848875
07/11/2025 15:14:50,0.1838006230529595
07/11/2025 15:14:50,0.22186495176848875
07/11/2025 15:14:50,0.21794871794871795
07/11/2025 15:14:50,0.23778501628664495
07/11/2025 15:14:50,0.23376623376623376
07/11/2025 15:14:50,0.26245847176079734
07/11/2025 15:14:50,0.19873817034700317
07/11/2025 15:14:51,0.2459016393442623
07/11/2025 15:14:51,0.19122257053291536
07/11/2025 15:14:51,0.20634920634920634
07/11/2025 15:14:51,0.21019108280254778
07/11/2025 15:14:51,0.21405750798722045
07/11/2025 15:14:51,0.23778501628664495
07/11/2025 15:14:52,0.19122257053291536
07/11/2025 15:14:52,0.22186495176848875
07/11/2025 15:14:52,0.2297734627831715
07/11/2025 15:14:52,0.22580645161290322
07/11/2025 15:14:52,0.21794871794871795
07/11/2025 15:14:52,0.21405750798722045
07/11/2025 15:14:53,0.20253164556962025
07/11/2025 15:14:53,0.21405750798722045
07/11/2025 15:14:53,0.2297734627831715
07/11/2025 15:14:53,0.2709030100334448
07/11/2025 15:14:53,0.25
07/11/2025 15:14:53,0.2297734627831715
07/11/2025 15:14:54,0.24183006535947713
07/11/2025 15:14:54,0.22580645161290322
07/11/2025 15:14:54,0.1838006230529595
07/11/2025 15:14:54,0.23376623376623376
07/11/2025 15:14:54,0.23376623376623376
07/11/2025 15:14:54,0.21019108280254778
07/11/2025 15:14:55,0.22186495176848875
07/11/2025 15:14:55,0.2459016393442623
07/11/2025 15:14:55,0.23778501628664495
07/11/2025 15:14:55,0.20634920634920634
07/11/2025 15:14:55,0.20634920634920634
07/11/2025 15:14:55,0.24183006535947713
07/11/2025 15:14:56,0.20253164556962025
07/11/2025 15:14:56,0.23376623376623376
07/11/2025 15:14:56,0.21405750798722045
07/11/2025 15:14:56,0.19873817034700317
07/11/2025 15:14:56,0.20253164556962025
07/11/2025 15:14:56,0.21794871794871795
07/11/2025 15:14:56,0.25
07/11/2025 15:14:57,0.21794871794871795
07/11/2025 15:14:57,0.19122257053291536
07/11/2025 15:14:57,0.22186495176848875
07/11/2025 15:14:57,0.23376623376623376
07/11/2025 15:14:57,0.22186495176848875
07/11/2025 15:14:57,0.24183006535947713
07/11/2025 15:14:58,0.23376623376623376
07/11/2025 15:14:58,0.24183006535947713
07/11/2025 15:14:58,0.21019108280254778
07/11/2025 15:14:58,0.21794871794871795
07/11/2025 15:14:58,0.19122257053291536
07/11/2025 15:14:58,0.23778501628664495
07/11/2025 15:14:59,0.26666666666666666
07/11/2025 15:14:59,0.21794871794871795
07/11/2025 15:14:59,0.21405750798722045
07/11/2025 15:14:59,0.22580645161290322
07/11/2025 15:14:59,0.23778501628664495
07/11/2025 15:14:59,0.21019108280254778
07/11/2025 15:15:00,0.23376623376623376
07/11/2025 15:15:00,0.21019108280254778
07/11/2025 15:15:00,0.20253164556962025
07/11/2025 15:15:00,0.21405750798722045
07/11/2025 15:15:00,0.20253164556962025
07/11/2025 15:15:00,0.25412541254125415
07/11/2025 15:15:01,0.20253164556962025
07/11/2025 15:15:01,0.21794871794871795
07/11/2025 15:15:01,0.21405750798722045
07/11/2025 15:15:01,0.19873817034700317
07/11/2025 15:15:01,0.21794871794871795
07/11/2025 15:15:01,0.24183006535947713
07/11/2025 15:15:02,0.23778501628664495
07/11/2025 15:15:02,0.21405750798722045
07/11/2025 15:15:02,0.21794871794871795
07/11/2025 15:15:02,0.21405750798722045
07/11/2025 15:15:02,0.22580645161290322
07/11/2025 15:15:02,0.24183006535947713
07/11/2025 15:15:03,0.21794871794871795
07/11/2025 15:15:03,0.23778501628664495
07/11/2025 15:15:03,0.22580645161290322
07/11/2025 15:15:03,0.24183006535947713
07/11/2025 15:15:03,0.2297734627831715
07/11/2025 15:15:03,0.1875
07/11/2025 15:15:04,0.1949685534591195
07/11/2025 15:15:04,0.21794871794871795
07/11/2025 15:15:04,0.25412541254125415
07/11/2025 15:15:04,0.20253164556962025
07/11/2025 15:15:04,0.22580645161290322
07/11/2025 15:15:04,0.26666666666666666
07/11/2025 15:15:05,0.19873817034700317
07/11/2025 15:15:05,0.22186495176848875
07/11/2025 15:15:05,0.23376623376623376
07/11/2025 15:15:05,0.21405750798722045
07/11/2025 15:15:05,0.25
07/11/2025 15:15:05,0.21019108280254778
07/11/2025 15:15:06,0.26245847176079734
07/11/2025 15:15:06,0.25
07/11/2025 15:15:06,0.20634920634920634
07/11/2025 15:15:06,0.25
07/11/2025 15:15:06,0.17647058823529413
07/11/2025 15:15:06,0.21405750798722045
07/11/2025 15:15:07,0.20253164556962025
07/11/2025 15:15:07,0.22186495176848875
07/11/2025 15:15:07,0.22580645161290322
07/11/2025 15:15:07,0.20634920634920634
07/11/2025 15:15:07,0.21794871794871795
07/11/2025 15:15:07,0.21794871794871795
07/11/2025 15:15:08,0.21019108280254778
07/11/2025 15:15:08,0.2297734627831715
07/11/2025 15:15:08,0.22580645161290322
07/11/2025 15:15:08,0.26245847176079734
07/11/2025 15:15:08,0.2297734627831715
07/11/2025 15:15:08,0.23376623376623376
07/11/2025 15:15:09,0.21405750798722045
07/11/2025 15:15:09,0.2582781456953642
07/11/2025 15:15:09,0.21794871794871795
07/11/2025 15:15:09,0.1949685534591195
07/11/2025 15:15:09,0.26666666666666666
07/11/2025 15:15:09,0.24183006535947713
07/11/2025 15:15:09,0.23376623376623376
07/11/2025 15:15:10,0.18012422360248448
07/11/2025 15:15:10,0.21794871794871795
07/11/2025 15:15:10,0.21019108280254778
07/11/2025 15:15:10,0.25412541254125415
07/11/2025 15:15:10,0.20634920634920634
07/11/2025 15:15:10,0.20253164556962025
07/11/2025 15:15:11,0.23376623376623376
07/11/2025 15:15:11,0.21794871794871795
07/11/2025 15:15:11,0.21405750798722045
07/11/2025 15:15:11,0.25412541254125415
07/11/2025 15:15:11,0.22186495176848875
07/11/2025 15:15:11,0.21405750798722045
07/11/2025 15:15:12,0.2459016393442623
07/11/2025 15:15:12,0.22186495176848875
07/11/2025 15:15:12,0.23376623376623376
07/11/2025 15:15:12,0.21405750798722045
07/11/2025 15:15:12,0.22186495176848875
07/11/2025 15:15:12,0.23376623376623376
07/11/2025 15:15:13,0.2297734627831715
07/11/2025 15:15:13,0.19873817034700317
07/11/2025 15:15:13,0.22186495176848875
07/11/2025 15:15:13,0.22186495176848875
07/11/2025 15:15:13,0.23778501628664495
07/11/2025 15:15:13,0.22186495176848875
07/11/2025 15:15:14,0.21019108280254778
07/11/2025 15:15:14,0.20634920634920634
07/11/2025 15:15:14,0.22186495176848875
07/11/2025 15:15:14,0.22186495176848875
07/11/2025 15:15:14,0.21794871794871795
07/11/2025 15:15:14,0.24183006535947713
07/11/2025 15:15:15,0.1875
07/11/2025 15:15:15,0.23376623376623376
07/11/2025 15:15:15,0.2297734627831715
07/11/2025 15:15:15,0.21405750798722045
07/11/2025 15:15:15,0.22186495176848875
07/11/2025 15:15:15,0.22580645161290322
07/11/2025 15:15:15,0.24183006535947713
07/11/2025 15:15:16,0.20634920634920634
07/11/2025 15:15:16,0.2459016393442623
07/11/2025 15:15:16,0.25412541254125415
07/11/2025 15:15:16,0.25412541254125415
07/11/2025 15:15:16,0.23778501628664495
07/11/2025 15:15:16,0.21794871794871795
07/11/2025 15:15:17,0.23376623376623376
07/11/2025 15:15:17,0.21794871794871795
07/11/2025 15:15:17,0.1875
07/11/2025 15:15:17,0.2582781456953642
07/11/2025 15:15:17,0.20634920634920634
07/11/2025 15:15:17,0.20253164556962025
07/11/2025 15:15:18,0.22580645161290322
07/11/2025 15:15:18,0.1949685534591195
07/11/2025 15:15:18,0.2297734627831715
07/11/2025 15:15:18,0.2582781456953642
07/11/2025 15:15:18,0.22186495176848875
07/11/2025 15:15:18,0.2297734627831715
07/11/2025 15:15:19,0.1875
07/11/2025 15:15:19,0.22186495176848875
07/11/2025 15:15:19,0.20634920634920634
07/11/2025 15:15:19,0.22580645161290322
07/11/2025 15:15:19,0.25
07/11/2025 15:15:19,0.23376623376623376
07/11/2025 15:15:20,0.21794871794871795
07/11/2025 15:15:20,0.21019108280254778
07/11/2025 15:15:20,0.21019108280254778
07/11/2025 15:15:20,0.19873817034700317
07/11/2025 15:15:20,0.25
07/11/2025 15:15:20,0.24183006535947713
07/11/2025 15:15:21,0.22186495176848875
07/11/2025 15:15:21,0.22186495176848875
07/11/2025 15:15:21,0.24183006535947713
07/11/2025 15:15:21,0.2459016393442623
07/11/2025 15:15:21,0.21019108280254778
07/11/2025 15:15:21,0.22186495176848875
07/11/2025 15:15:22,0.23778501628664495
07/11/2025 15:15:22,0.1949685534591195
07/11/2025 15:15:22,0.2297734627831715
07/11/2025 15:15:22,0.23376623376623376
07/11/2025 15:15:22,0.21794871794871795
07/11/2025 15:15:22,0.23778501628664495
07/11/2025 15:15:23,0.22186495176848875
07/11/2025 15:15:23,0.22186495176848875
07/11/2025 15:15:23,0.23376623376623376
07/11/2025 15:15:23,0.25412541254125415
07/11/2025 15:15:23,0.24183006535947713
07/11/2025 15:15:23,0.19873817034700317
07/11/2025 15:15:24,0.26245847176079734
07/11/2025 15:15:24,0.21405750798722045
07/11/2025 15:15:24,0.21405750798722045
07/11/2025 15:15:24,0.20634920634920634
07/11/2025 15:15:24,0.1949685534591195
07/11/2025 15:15:24,0.2582781456953642
07/11/2025 15:15:25,0.23376623376623376
07/11/2025 15:15:25,0.19873817034700317
07/11/2025 15:15:25,0.20634920634920634
07/11/2025 15:15:25,0.2459016393442623
07/11/2025 15:15:25,0.23376623376623376
07/11/2025 15:15:25,0.1949685534591195
07/11/2025 15:15:26,0.2459016393442623
07/11/2025 15:15:26,0.2459016393442623
07/11/2025 15:15:26,0.21019108280254778
07/11/2025 15:15:26,0.21405750798722045
07/11/2025 15:15:26,0.24183006535947713
07/11/2025 15:15:26,0.20253164556962025
07/11/2025 15:15:26,0.2459016393442623
07/11/2025 15:15:27,0.23778501628664495
07/11/2025 15:15:27,0.23778501628664495
07/11/2025 15:15:27,0.20634920634920634
07/11/2025 15:15:27,0.21019108280254778
07/11/2025 15:15:27,0.1875
07/11/2025 15:15:28,0.1875
07/11/2025 15:15:28,0.21794871794871795
07/11/2025 15:15:28,0.25412541254125415
07/11/2025 15:15:28,0.21019108280254778
07/11/2025 15:15:28,0.20634920634920634
07/11/2025 15:15:28,0.1620795107033639
07/11/2025 15:15:28,0.21019108280254778
07/11/2025 15:15:29,0.21405750798722045
07/11/2025 15:15:29,0.23778501628664495
07/11/2025 15:15:29,0.20634920634920634
07/11/2025 15:15:29,0.22580645161290322
07/11/2025 15:15:29,0.2297734627831715
07/11/2025 15:15:29,0.20634920634920634
07/11/2025 15:15:30,0.2459016393442623
07/11/2025 15:15:30,0.23778501628664495
07/11/2025 15:15:30,0.22186495176848875
07/11/2025 15:15:30,0.2582781456953642
07/11/2025 15:15:30,0.2297734627831715
07/11/2025 15:15:30,0.19873817034700317
07/11/2025 15:15:31,0.20634920634920634
07/11/2025 15:15:31,0.21794871794871795
07/11/2025 15:15:31,0.21405750798722045
07/11/2025 15:15:31,0.1875
07/11/2025 15:15:31,0.22186495176848875
07/11/2025 15:15:31,0.20634920634920634
07/11/2025 15:15:32,0.20634920634920634
07/11/2025 15:15:32,0.1838006230529595
07/11/2025 15:15:32,0.26245847176079734
07/11/2025 15:15:32,0.19873817034700317
07/11/2025 15:15:32,0.24183006535947713
07/11/2025 15:15:32,0.1875
07/11/2025 15:15:33,0.2297734627831715
07/11/2025 15:15:33,0.25
07/11/2025 15:15:33,0.21794871794871795
07/11/2025 15:15:33,0.21794871794871795
07/11/2025 15:15:33,0.23778501628664495
07/11/2025 15:15:33,0.26666666666666666
07/11/2025 15:15:34,0.24183006535947713
07/11/2025 15:15:34,0.21019108280254778
07/11/2025 15:15:34,0.21405750798722045
07/11/2025 15:15:34,0.2459016393442623
07/11/2025 15:15:34,0.20634920634920634
07/11/2025 15:15:34,0.22580645161290322
07/11/2025 15:15:34,0.2297734627831715
07/11/2025 15:15:35,0.23376623376623376
07/11/2025 15:15:35,0.23778501628664495
07/11/2025 15:15:35,0.2582781456953642
07/11/2025 15:15:35,0.20253164556962025
07/11/2025 15:15:35,0.23376623376623376
07/11/2025 15:15:35,0.21794871794871795
07/11/2025 15:15:36,0.23778501628664495
07/11/2025 15:15:36,0.20253164556962025
07/11/2025 15:15:36,0.2297734627831715
07/11/2025 15:15:36,0.24183006535947713
07/11/2025 15:15:36,0.21794871794871795
07/11/2025 15:15:36,0.1949685534591195
07/11/2025 15:15:37,0.22186495176848875
07/11/2025 15:15:37,0.21794871794871795
07/11/2025 15:15:37,0.20634920634920634
07/11/2025 15:15:37,0.21019108280254778
07/11/2025 15:15:37,0.2582781456953642
07/11/2025 15:15:37,0.26666666666666666
07/11/2025 15:15:38,0.21794871794871795
07/11/2025 15:15:38,0.18012422360248448
07/11/2025 15:15:38,0.22186495176848875
07/11/2025 15:15:38,0.22186495176848875
07/11/2025 15:15:38,0.21794871794871795
07/11/2025 15:15:38,0.21405750798722045
07/11/2025 15:15:39,0.25412541254125415
07/11/2025 15:15:39,0.2582781456953642
07/11/2025 15:15:39,0.2297734627831715
07/11/2025 15:15:39,0.1949685534591195
07/11/2025 15:15:39,0.25412541254125415
07/11/2025 15:15:39,0.25412541254125415
07/11/2025 15:15:40,0.25412541254125415
07/11/2025 15:15:40,0.23376623376623376
07/11/2025 15:15:40,0.22580645161290322
07/11/2025 15:15:40,0.21405750798722045
07/11/2025 15:15:40,0.1949685534591195
07/11/2025 15:15:40,0.22186495176848875
07/11/2025 15:15:41,0.24183006535947713
07/11/2025 15:15:41,0.22186495176848875
07/11/2025 15:15:41,0.22580645161290322
07/11/2025 15:15:41,0.1838006230529595
07/11/2025 15:15:41,0.22186495176848875
07/11/2025 15:15:42,0.23778501628664495
07/11/2025 15:15:42,0.23376623376623376
07/11/2025 15:15:42,0.21019108280254778
07/11/2025 15:15:42,0.21794871794871795
07/11/2025 15:15:42,0.25412541254125415
07/11/2025 15:15:42,0.25
07/11/2025 15:15:43,0.2297734627831715
07/11/2025 15:15:43,0.26245847176079734
07/11/2025 15:15:43,0.22580645161290322
07/11/2025 15:15:43,0.21405750798722045
07/11/2025 15:15:43,0.25
07/11/2025 15:15:43,0.21405750798722045
07/11/2025 15:15:44,0.21405750798722045
07/11/2025 15:15:44,0.20634920634920634
07/11/2025 15:15:44,0.23376623376623376
07/11/2025 15:15:44,0.25
07/11/2025 15:15:44,0.23376623376623376
07/11/2025 15:15:44,0.2297734627831715
07/11/2025 15:15:45,0.2297734627831715
07/11/2025 15:15:45,0.23376623376623376
07/11/2025 15:15:45,0.21794871794871795
07/11/2025 15:15:45,0.20253164556962025
07/11/2025 15:15:45,0.2297734627831715
07/11/2025 15:15:45,0.2297734627831715
07/11/2025 15:15:45,0.2459016393442623
07/11/2025 15:15:46,0.2459016393442623
07/11/2025 15:15:46,0.22186495176848875
07/11/2025 15:15:46,0.19122257053291536
07/11/2025 15:15:46,0.16923076923076924
07/11/2025 15:15:46,0.21019108280254778
07/11/2025 15:15:46,0.19873817034700317
07/11/2025 15:15:47,0.2297734627831715
07/11/2025 15:15:47,0.22580645161290322
07/11/2025 15:15:47,0.2582781456953642
07/11/2025 15:15:47,0.21019108280254778
07/11/2025 15:15:47,0.23778501628664495
07/11/2025 15:15:47,0.21405750798722045
07/11/2025 15:15:47,0.22186495176848875
07/11/2025 15:15:48,0.20634920634920634
07/11/2025 15:15:48,0.22186495176848875
07/11/2025 15:15:48,0.23376623376623376
07/11/2025 15:15:48,0.19873817034700317
07/11/2025 15:15:48,0.21019108280254778
07/11/2025 15:15:48,0.26666666666666666
07/11/2025 15:15:49,0.24183006535947713
07/11/2025 15:15:49,0.21019108280254778
07/11/2025 15:15:49,0.25412541254125415
07/11/2025 15:15:49,0.22186495176848875
07/11/2025 15:15:49,0.21405750798722045
07/11/2025 15:15:49,0.21019108280254778
07/11/2025 15:15:50,0.23376623376623376
07/11/2025 15:15:50,0.23376623376623376
07/11/2025 15:15:50,0.2459016393442623
07/11/2025 15:15:50,0.22186495176848875
07/11/2025 15:15:50,0.23376623376623376
07/11/2025 15:15:50,0.2297734627831715
07/11/2025 15:15:50,0.2459016393442623
07/11/2025 15:15:51,0.1875
07/11/2025 15:15:51,0.23376623376623376
07/11/2025 15:15:51,0.21019108280254778
07/11/2025 15:15:51,0.21405750798722045
07/11/2025 15:15:51,0.23376623376623376
07/11/2025 15:15:51,0.2297734627831715
07/11/2025 15:15:52,0.20634920634920634
07/11/2025 15:15:52,0.19873817034700317
07/11/2025 15:15:52,0.24183006535947713
07/11/2025 15:15:52,0.2459016393442623
07/11/2025 15:15:52,0.19873817034700317
07/11/2025 15:15:52,0.25412541254125415
07/11/2025 15:15:53,0.23778501628664495
07/11/2025 15:15:53,0.22186495176848875
07/11/2025 15:15:53,0.25
07/11/2025 15:15:53,0.20634920634920634
07/11/2025 15:15:53,0.22186495176848875
07/11/2025 15:15:53,0.21794871794871795
07/11/2025 15:15:54,0.19873817034700317
07/11/2025 15:15:54,0.19873817034700317
07/11/2025 15:15:54,0.2297734627831715
07/11/2025 15:15:54,0.2297734627831715
07/11/2025 15:15:54,0.22580645161290322
07/11/2025 15:15:54,0.21019108280254778
07/11/2025 15:15:55,0.16923076923076924
07/11/2025 15:15:55,0.21405750798722045
07/11/2025 15:15:55,0.19873817034700317
07/11/2025 15:15:55,0.2297734627831715
07/11/2025 15:15:55,0.2297734627831715
07/11/2025 15:15:55,0.21019108280254778
07/11/2025 15:15:56,0.21405750798722045
07/11/2025 15:15:56,0.20634920634920634
07/11/2025 15:15:56,0.2297734627831715
07/11/2025 15:15:56,0.21794871794871795
07/11/2025 15:15:56,0.21794871794871795
07/11/2025 15:15:56,0.1838006230529595
07/11/2025 15:15:56,0.20253164556962025
07/11/2025 15:15:57,0.19873817034700317
07/11/2025 15:15:57,0.23376623376623376
07/11/2025 15:15:57,0.20634920634920634
07/11/2025 15:15:57,0.20634920634920634
07/11/2025 15:15:57,0.22580645161290322
07/11/2025 15:15:57,0.20634920634920634
07/11/2025 15:15:58,0.1949685534591195
07/11/2025 15:15:58,0.21794871794871795
07/11/2025 15:15:58,0.19873817034700317
07/11/2025 15:15:58,0.22186495176848875
07/11/2025 15:15:58,0.22186495176848875
07/11/2025 15:15:58,0.2297734627831715
07/11/2025 15:15:59,0.2459016393442623
07/11/2025 15:15:59,0.20634920634920634
07/11/2025 15:15:59,0.21019108280254778
07/11/2025 15:15:59,0.21794871794871795
07/11/2025 15:15:59,0.20634920634920634
07/11/2025 15:15:59,0.22580645161290322
07/11/2025 15:16:00,0.1838006230529595
07/11/2025 15:16:00,0.19122257053291536
07/11/2025 15:16:00,0.2297734627831715
07/11/2025 15:16:00,0.21019108280254778
07/11/2025 15:16:00,0.2297734627831715
07/11/2025 15:16:00,0.23778501628664495
07/11/2025 15:16:01,0.19122257053291536
07/11/2025 15:16:01,0.22580645161290322
07/11/2025 15:16:01,0.22186495176848875
07/11/2025 15:16:01,0.19122257053291536
07/11/2025 15:16:01,0.20634920634920634
07/11/2025 15:16:01,0.21019108280254778
07/11/2025 15:16:01,0.24183006535947713
07/11/2025 15:16:02,0.20634920634920634
07/11/2025 15:16:02,0.21794871794871795
07/11/2025 15:16:02,0.21405750798722045
07/11/2025 15:16:02,0.20253164556962025
07/11/2025 15:16:02,0.27946127946127947
07/11/2025 15:16:02,0.26245847176079734
07/11/2025 15:16:03,0.21794871794871795
07/11/2025 15:16:03,0.23778501628664495
07/11/2025 15:16:03,0.20634920634920634
07/11/2025 15:16:03,0.24183006535947713
07/11/2025 15:16:03,0.21019108280254778
07/11/2025 15:16:03,0.19873817034700317
07/11/2025 15:16:04,0.23376623376623376
07/11/2025 15:16:04,0.22580645161290322
07/11/2025 15:16:04,0.22580645161290322
07/11/2025 15:16:04,0.21019108280254778
07/11/2025 15:16:04,0.19122257053291536
07/11/2025 15:16:04,0.20253164556962025
07/11/2025 15:16:05,0.1875
07/11/2025 15:16:05,0.20253164556962025
07/11/2025 15:16:05,0.2459016393442623
07/11/2025 15:16:05,0.21794871794871795
07/11/2025 15:16:05,0.1838006230529595
07/11/2025 15:16:05,0.21019108280254778
07/11/2025 15:16:06,0.2297734627831715
07/11/2025 15:16:06,0.22580645161290322
07/11/2025 15:16:06,0.20634920634920634
07/11/2025 15:16:06,0.25
07/11/2025 15:16:06,0.21405750798722045
07/11/2025 15:16:06,0.2751677852348993
07/11/2025 15:16:06,0.22186495176848875
07/11/2025 15:16:07,0.21405750798722045
07/11/2025 15:16:07,0.25412541254125415
07/11/2025 15:16:07,0.25
07/11/2025 15:16:07,0.2297734627831715
07/11/2025 15:16:07,0.19873817034700317
07/11/2025 15:16:07,0.25412541254125415
07/11/2025 15:16:08,0.24183006535947713
07/11/2025 15:16:08,0.2582781456953642
07/11/2025 15:16:08,0.22580645161290322
07/11/2025 15:16:08,0.21405750798722045
07/11/2025 15:16:08,0.24183006535947713
07/11/2025 15:16:08,0.19122257053291536
07/11/2025 15:16:09,0.2297734627831715
07/11/2025 15:16:09,0.22580645161290322
07/11/2025 15:16:09,0.25
07/11/2025 15:16:09,0.23778501628664495
07/11/2025 15:16:09,0.26245847176079734
07/11/2025 15:16:09,0.22186495176848875
07/11/2025 15:16:10,0.21794871794871795
07/11/2025 15:16:10,0.21794871794871795
07/11/2025 15:16:10,0.2297734627831715
07/11/2025 15:16:10,0.23376623376623376
07/11/2025 15:16:10,0.21405750798722045
07/11/2025 15:16:10,0.2459016393442623
07/11/2025 15:16:11,0.27946127946127947
07/11/2025 15:16:11,0.25412541254125415
07/11/2025 15:16:11,0.22580645161290322
07/11/2025 15:16:11,0.21019108280254778
07/11/2025 15:16:11,0.20634920634920634
07/11/2025 15:16:11,0.21405750798722045
07/11/2025 15:16:12,0.23376623376623376
07/11/2025 15:16:12,0.22186495176848875
07/11/2025 15:16:12,0.2582781456953642
07/11/2025 15:16:12,0.1875
07/11/2025 15:16:12,0.21794871794871795
07/11/2025 15:16:12,0.20634920634920634
07/11/2025 15:16:12,0.22580645161290322
07/11/2025 15:16:13,0.22186495176848875
07/11/2025 15:16:13,0.21794871794871795
07/11/2025 15:16:13,0.21794871794871795
07/11/2025 15:16:13,0.23778501628664495
07/11/2025 15:16:13,0.20634920634920634
07/11/2025 15:16:13,0.21794871794871795
07/11/2025 15:16:14,0.23778501628664495
07/11/2025 15:16:14,0.23376623376623376
07/11/2025 15:16:14,0.22580645161290322
07/11/2025 15:16:14,0.23376623376623376
07/11/2025 15:16:14,0.2297734627831715
07/11/2025 15:16:14,0.22580645161290322
07/11/2025 15:16:15,0.26666666666666666
07/11/2025 15:16:15,0.23376623376623376
07/11/2025 15:16:15,0.1875
07/11/2025 15:16:15,0.21405750798722045
07/11/2025 15:16:15,0.17647058823529413
07/11/2025 15:16:15,0.26245847176079734
07/11/2025 15:16:16,0.22580645161290322
07/11/2025 15:16:16,0.20634920634920634
07/11/2025 15:16:16,0.19122257053291536
07/11/2025 15:16:16,0.20634920634920634
07/11/2025 15:16:16,0.22580645161290322
07/11/2025 15:16:16,0.19122257053291536
07/11/2025 15:16:17,0.26666666666666666
07/11/2025 15:16:17,0.25
07/11/2025 15:16:17,0.19873817034700317
07/11/2025 15:16:17,0.23376623376623376
07/11/2025 15:16:17,0.2459016393442623
07/11/2025 15:16:17,0.20634920634920634
07/11/2025 15:16:18,0.21794871794871795
07/11/2025 15:16:18,0.2297734627831715
07/11/2025 15:16:18,0.20253164556962025
07/11/2025 15:16:18,0.20634920634920634
07/11/2025 15:16:18,0.25
07/11/2025 15:16:18,0.22186495176848875
07/11/2025 15:16:19,0.24183006535947713
07/11/2025 15:16:19,0.21405750798722045
07/11/2025 15:16:19,0.19873817034700317
07/11/2025 15:16:19,0.24183006535947713
07/11/2025 15:16:19,0.22186495176848875
07/11/2025 15:16:19,0.21019108280254778
07/11/2025 15:16:20,0.21794871794871795
07/11/2025 15:16:20,0.21019108280254778
07/11/2025 15:16:20,0.20253164556962025
07/11/2025 15:16:20,0.1949685534591195
07/11/2025 15:16:20,0.21405750798722045
07/11/2025 15:16:20,0.21405750798722045
07/11/2025 15:16:20,0.2459016393442623
07/11/2025 15:16:21,0.2297734627831715
07/11/2025 15:16:21,0.22186495176848875
07/11/2025 15:16:21,0.21405750798722045
07/11/2025 15:16:21,0.21794871794871795
07/11/2025 15:16:21,0.19873817034700317
07/11/2025 15:16:21,0.1949685534591195
07/11/2025 15:16:22,0.21019108280254778
07/11/2025 15:16:22,0.19873817034700317
07/11/2025 15:16:22,0.21019108280254778
07/11/2025 15:16:22,0.21794871794871795
07/11/2025 15:16:22,0.23778501628664495
07/11/2025 15:16:22,0.17647058823529413
07/11/2025 15:16:23,0.23376623376623376
07/11/2025 15:16:23,0.21405750798722045
07/11/2025 15:16:23,0.2459016393442623
07/11/2025 15:16:23,0.24183006535947713
07/11/2025 15:16:23,0.21019108280254778
07/11/2025 15:16:23,0.22186495176848875
07/11/2025 15:16:23,0.23376623376623376
07/11/2025 15:16:24,0.21019108280254778
07/11/2025 15:16:24,0.22186495176848875
07/11/2025 15:16:24,0.20253164556962025
07/11/2025 15:16:24,0.21405750798722045
07/11/2025 15:16:24,0.23778501628664495
07/11/2025 15:16:24,0.23778501628664495
07/11/2025 15:16:25,0.23376623376623376
07/11/2025 15:16:25,0.21405750798722045
07/11/2025 15:16:25,0.1838006230529595
07/11/2025 15:16:25,0.2297734627831715
07/11/2025 15:16:25,0.20253164556962025
07/11/2025 15:16:25,0.22186495176848875
07/11/2025 15:16:26,0.2297734627831715
07/11/2025 15:16:26,0.20253164556962025
07/11/2025 15:16:26,0.20634920634920634
07/11/2025 15:16:26,0.23376623376623376
07/11/2025 15:16:26,0.26245847176079734
07/11/2025 15:16:26,0.20634920634920634
07/11/2025 15:16:27,0.25
07/11/2025 15:16:27,0.21794871794871795
07/11/2025 15:16:27,0.21794871794871795
07/11/2025 15:16:27,0.22186495176848875
07/11/2025 15:16:27,0.21794871794871795
07/11/2025 15:16:27,0.21019108280254778
07/11/2025 15:16:28,0.23778501628664495
07/11/2025 15:16:28,0.26666666666666666
07/11/2025 15:16:28,0.2459016393442623
07/11/2025 15:16:28,0.24183006535947713
07/11/2025 15:16:28,0.21019108280254778
07/11/2025 15:16:28,0.2297734627831715
07/11/2025 15:16:29,0.21794871794871795
07/11/2025 15:16:29,0.1949685534591195
07/11/2025 15:16:29,0.21019108280254778
07/11/2025 15:16:29,0.1838006230529595
07/11/2025 15:16:29,0.2459016393442623
07/11/2025 15:16:29,0.23376623376623376
07/11/2025 15:16:30,0.2709030100334448
07/11/2025 15:16:30,0.22186495176848875
07/11/2025 15:16:30,0.21405750798722045
07/11/2025 15:16:30,0.24183006535947713
07/11/2025 15:16:30,0.21405750798722045
07/11/2025 15:16:30,0.2297734627831715
07/11/2025 15:16:31,0.22580645161290322
07/11/2025 15:16:31,0.19873817034700317
07/11/2025 15:16:31,0.23778501628664495
07/11/2025 15:16:31,0.2297734627831715
07/11/2025 15:16:31,0.23778501628664495
07/11/2025 15:16:31,0.2297734627831715
07/11/2025 15:16:32,0.23376623376623376
07/11/2025 15:16:32,0.21019108280254778
07/11/2025 15:16:32,0.19873817034700317
07/11/2025 15:16:32,0.21405750798722045
07/11/2025 15:16:32,0.19873817034700317
07/11/2025 15:16:32,0.19873817034700317
07/11/2025 15:16:33,0.21019108280254778
07/11/2025 15:16:33,0.1875
07/11/2025 15:16:33,0.23778501628664495
07/11/2025 15:16:33,0.23778501628664495
07/11/2025 15:16:33,0.20253164556962025
07/11/2025 15:16:33,0.21794871794871795
07/11/2025 15:16:34,0.24183006535947713
07/11/2025 15:16:34,0.21794871794871795
07/11/2025 15:16:34,0.23778501628664495
07/11/2025 15:16:34,0.23778501628664495
07/11/2025 15:16:34,0.21405750798722045
07/11/2025 15:16:34,0.19122257053291536
07/11/2025 15:16:35,0.21794871794871795
07/11/2025 15:16:35,0.20253164556962025
07/11/2025 15:16:35,0.21405750798722045
07/11/2025 15:16:35,0.3013698630136986
07/11/2025 15:16:35,0.22186495176848875
07/11/2025 15:16:35,0.22580645161290322
07/11/2025 15:16:36,0.24183006535947713
07/11/2025 15:16:36,0.21405750798722045
07/11/2025 15:16:36,0.2297734627831715
07/11/2025 15:16:36,0.19873817034700317
07/11/2025 15:16:36,0.2459016393442623
07/11/2025 15:16:36,0.22580645161290322
07/11/2025 15:16:37,0.2459016393442623
07/11/2025 15:16:37,0.24183006535947713
07/11/2025 15:16:37,0.23376623376623376
07/11/2025 15:16:37,0.22580645161290322
07/11/2025 15:16:37,0.21405750798722045
07/11/2025 15:16:37,0.21019108280254778
07/11/2025 15:16:38,0.21019108280254778
07/11/2025 15:16:38,0.23376623376623376
07/11/2025 15:16:38,0.2459016393442623
07/11/2025 15:16:38,0.2582781456953642
07/11/2025 15:16:38,0.18012422360248448
07/11/2025 15:16:38,0.22186495176848875
07/11/2025 15:16:39,0.24183006535947713
07/11/2025 15:16:39,0.22186495176848875
07/11/2025 15:16:39,0.23376623376623376
07/11/2025 15:16:39,0.1838006230529595
07/11/2025 15:16:39,0.21019108280254778
07/11/2025 15:16:39,0.21019108280254778
07/11/2025 15:16:40,0.23778501628664495
07/11/2025 15:16:40,0.20253164556962025
07/11/2025 15:16:40,0.21405750798722045
07/11/2025 15:16:40,0.21794871794871795
07/11/2025 15:16:40,0.2297734627831715
07/11/2025 15:16:41,0.21794871794871795
07/11/2025 15:16:41,0.21405750798722045
07/11/2025 15:16:41,0.22580645161290322
07/11/2025 15:16:41,0.22186495176848875
07/11/2025 15:16:41,0.20253164556962025
07/11/2025 15:16:41,0.20634920634920634
07/11/2025 15:16:42,0.1949685534591195
07/11/2025 15:16:42,0.19122257053291536
07/11/2025 15:16:42,0.2297734627831715
07/11/2025 15:16:42,0.21405750798722045
07/11/2025 15:16:43,0.2751677852348993
07/11/2025 15:16:43,0.19122257053291536
07/11/2025 15:16:43,0.2459016393442623
07/11/2025 15:16:43,0.21405750798722045
07/11/2025 15:16:43,0.24183006535947713
07/11/2025 15:16:43,0.19873817034700317
07/11/2025 15:16:44,0.1875
07/11/2025 15:16:44,0.22186495176848875
07/11/2025 15:16:44,0.24183006535947713
07/11/2025 15:16:44,0.22186495176848875
07/11/2025 15:16:44,0.18012422360248448
07/11/2025 15:16:45,0.23778501628664495
07/11/2025 15:16:45,0.22186495176848875
07/11/2025 15:16:45,0.20634920634920634
07/11/2025 15:16:45,0.25412541254125415
07/11/2025 15:16:45,0.22186495176848875
07/11/2025 15:16:46,0.22186495176848875
07/11/2025 15:16:46,0.2297734627831715
07/11/2025 15:16:46,0.23376623376623376
07/11/2025 15:16:46,0.23778501628664495
07/11/2025 15:16:46,0.21794871794871795
07/11/2025 15:16:46,0.22186495176848875
07/11/2025 15:16:47,0.23778501628664495
07/11/2025 15:16:47,0.21019108280254778
07/11/2025 15:16:47,0.1875
07/11/2025 15:16:47,0.1875
07/11/2025 15:16:47,0.2297734627831715
07/11/2025 15:16:48,0.19873817034700317
07/11/2025 15:16:48,0.24183006535947713
07/11/2025 15:16:48,0.2297734627831715
07/11/2025 15:16:48,0.17647058823529413
07/11/2025 15:16:49,0.21794871794871795
07/11/2025 15:16:49,0.23778501628664495
07/11/2025 15:16:49,0.21794871794871795
07/11/2025 15:16:49,0.19873817034700317
07/11/2025 15:16:49,0.21794871794871795
07/11/2025 15:16:49,0.2297734627831715
07/11/2025 15:16:49,0.22580645161290322
07/11/2025 15:16:50,0.2297734627831715
07/11/2025 15:16:50,0.22580645161290322
07/11/2025 15:16:50,0.21794871794871795
07/11/2025 15:16:50,0.19873817034700317
07/11/2025 15:16:51,0.23376623376623376
07/11/2025 15:16:51,0.24183006535947713
07/11/2025 15:16:51,0.19873817034700317
07/11/2025 15:16:51,0.21794871794871795
07/11/2025 15:16:52,0.21794871794871795
07/11/2025 15:16:52,0.21019108280254778
07/11/2025 15:16:52,0.22580645161290322
07/11/2025 15:16:52,0.21794871794871795
07/11/2025 15:16:52,0.22580645161290322
07/11/2025 15:16:53,0.22186495176848875
07/11/2025 15:16:53,0.23778501628664495
07/11/2025 15:16:53,0.21405750798722045
07/11/2025 15:16:53,0.22186495176848875
07/11/2025 15:16:53,0.21794871794871795
07/11/2025 15:16:53,0.19122257053291536
07/11/2025 15:16:54,0.21019108280254778
07/11/2025 15:16:54,0.20634920634920634
07/11/2025 15:16:54,0.23778501628664495
07/11/2025 15:16:54,0.2297734627831715
07/11/2025 15:16:54,0.22580645161290322
07/11/2025 15:16:55,0.21019108280254778
07/11/2025 15:16:55,0.26245847176079734
07/11/2025 15:16:55,0.1949685534591195
07/11/2025 15:16:55,0.20634920634920634
07/11/2025 15:16:56,0.19873817034700317
07/11/2025 15:16:56,0.1838006230529595
07/11/2025 15:16:56,0.25
07/11/2025 15:16:56,0.26666666666666666
07/11/2025 15:16:56,0.1949685534591195
07/11/2025 15:16:56,0.2297734627831715
07/11/2025 15:16:56,0.22580645161290322
07/11/2025 15:16:57,0.22580645161290322
07/11/2025 15:16:57,0.2459016393442623
07/11/2025 15:16:57,0.23376623376623376
07/11/2025 15:16:57,0.23778501628664495
07/11/2025 15:16:58,0.20253164556962025
07/11/2025 15:16:58,0.19873817034700317
07/11/2025 15:16:58,0.25412541254125415
07/11/2025 15:16:58,0.2751677852348993
07/11/2025 15:16:58,0.21794871794871795
07/11/2025 15:16:59,0.21794871794871795
07/11/2025 15:16:59,0.21405750798722045
07/11/2025 15:16:59,0.22186495176848875
07/11/2025 15:16:59,0.2297734627831715
07/11/2025 15:17:00,0.18012422360248448
07/11/2025 15:17:00,0.23376623376623376
07/11/2025 15:17:00,0.19122257053291536
07/11/2025 15:17:00,0.20634920634920634
07/11/2025 15:17:01,0.22580645161290322
07/11/2025 15:17:01,0.23778501628664495
07/11/2025 15:17:01,0.23778501628664495
07/11/2025 15:17:01,0.22186495176848875
07/11/2025 15:17:02,0.2297734627831715
07/11/2025 15:17:02,0.25412541254125415
07/11/2025 15:17:02,0.1949685534591195
07/11/2025 15:17:02,0.2297734627831715
07/11/2025 15:17:02,0.21794871794871795
07/11/2025 15:17:02,0.17647058823529413
07/11/2025 15:17:03,0.21405750798722045
07/11/2025 15:17:03,0.1949685534591195
07/11/2025 15:17:03,0.21019108280254778
07/11/2025 15:17:03,0.26666666666666666
07/11/2025 15:17:04,0.19122257053291536
07/11/2025 15:17:04,0.2459016393442623
07/11/2025 15:17:04,0.2709030100334448
07/11/2025 15:17:04,0.24183006535947713
07/11/2025 15:17:04,0.20634920634920634
07/11/2025 15:17:04,0.21405750798722045
07/11/2025 15:17:05,0.2582781456953642
07/11/2025 15:17:05,0.23376623376623376
07/11/2025 15:17:05,0.2297734627831715
07/11/2025 15:17:05,0.21405750798722045
07/11/2025 15:17:05,0.2297734627831715
07/11/2025 15:17:06,0.20634920634920634
07/11/2025 15:17:06,0.23778501628664495
07/11/2025 15:17:06,0.22580645161290322
07/11/2025 15:17:06,0.1949685534591195
07/11/2025 15:17:06,0.1875
07/11/2025 15:17:07,0.1949685534591195
07/11/2025 15:17:07,0.20634920634920634
07/11/2025 15:17:07,0.21405750798722045
07/11/2025 15:17:07,0.25
07/11/2025 15:17:07,0.24183006535947713
07/11/2025 15:17:07,0.21794871794871795
07/11/2025 15:17:08,0.23376623376623376
07/11/2025 15:17:08,0.24183006535947713
07/11/2025 15:17:08,0.22580645161290322
07/11/2025 15:17:08,0.2297734627831715
07/11/2025 15:17:08,0.19873817034700317
07/11/2025 15:17:09,0.21794871794871795
07/11/2025 15:17:09,0.20253164556962025
07/11/2025 15:17:09,0.26245847176079734
07/11/2025 15:17:09,0.1949685534591195
07/11/2025 15:17:09,0.22580645161290322
07/11/2025 15:17:10,0.20253164556962025
07/11/2025 15:17:10,0.23376623376623376
07/11/2025 15:17:10,0.19873817034700317
07/11/2025 15:17:11,0.22580645161290322
07/11/2025 15:17:11,0.1838006230529595
07/11/2025 15:17:11,0.21019108280254778
07/11/2025 15:17:11,0.20253164556962025
07/11/2025 15:17:11,0.2297734627831715
07/11/2025 15:17:11,0.21019108280254778
07/11/2025 15:17:11,0.16923076923076924
07/11/2025 15:17:12,0.23376623376623376
07/11/2025 15:17:12,0.19873817034700317
07/11/2025 15:17:12,0.25412541254125415
07/11/2025 15:17:12,0.22580645161290322
07/11/2025 15:17:13,0.22580645161290322
07/11/2025 15:17:13,0.21019108280254778
07/11/2025 15:17:13,0.21794871794871795
07/11/2025 15:17:13,0.20634920634920634
07/11/2025 15:17:14,0.22580645161290322
07/11/2025 15:17:14,0.22186495176848875
07/11/2025 15:17:14,0.25412541254125415
07/11/2025 15:17:14,0.2297734627831715
07/11/2025 15:17:14,0.22580645161290322
07/11/2025 15:17:15,0.21405750798722045
07/11/2025 15:17:15,0.21794871794871795
07/11/2025 15:17:15,0.21019108280254778
07/11/2025 15:17:15,0.19122257053291536
07/11/2025 15:17:16,0.22580645161290322
07/11/2025 15:17:16,0.22580645161290322
07/11/2025 15:17:16,0.1949685534591195
07/11/2025 15:17:16,0.18012422360248448
07/11/2025 15:17:16,0.20253164556962025
07/11/2025 15:17:16,0.2582781456953642
07/11/2025 15:17:17,0.21405750798722045
07/11/2025 15:17:17,0.25
07/11/2025 15:17:17,0.22186495176848875
07/11/2025 15:17:17,0.21019108280254778
07/11/2025 15:17:18,0.21794871794871795
07/11/2025 15:17:18,0.2582781456953642
07/11/2025 15:17:18,0.25
07/11/2025 15:17:18,0.22580645161290322
07/11/2025 15:17:18,0.20634920634920634
07/11/2025 15:17:19,0.2297734627831715
07/11/2025 15:17:19,0.22186495176848875
07/11/2025 15:17:19,0.22186495176848875
07/11/2025 15:17:19,0.21405750798722045
07/11/2025 15:17:19,0.22186495176848875
07/11/2025 15:17:19,0.22580645161290322
07/11/2025 15:17:20,0.1875
07/11/2025 15:17:20,0.21405750798722045
07/11/2025 15:17:20,0.19122257053291536
07/11/2025 15:17:20,0.2297734627831715
07/11/2025 15:17:20,0.24183006535947713
07/11/2025 15:17:21,0.21019108280254778
07/11/2025 15:17:21,0.21405750798722045
07/11/2025 15:17:21,0.22580645161290322
07/11/2025 15:17:21,0.23376623376623376
07/11/2025 15:17:21,0.22186495176848875
07/11/2025 15:17:22,0.19873817034700317
07/11/2025 15:17:22,0.20634920634920634
07/11/2025 15:17:22,0.21405750798722045
07/11/2025 15:17:22,0.23376623376623376
07/11/2025 15:17:22,0.2582781456953642
07/11/2025 15:17:22,0.21405750798722045
07/11/2025 15:17:23,0.24183006535947713
07/11/2025 15:17:23,0.24183006535947713
07/11/2025 15:17:23,0.23376623376623376
07/11/2025 15:17:23,0.21019108280254778
07/11/2025 15:17:23,0.22186495176848875
07/11/2025 15:17:24,0.21405750798722045
07/11/2025 15:17:24,0.20634920634920634
07/11/2025 15:17:24,0.19122257053291536
07/11/2025 15:17:25,0.2459016393442623
07/11/2025 15:17:25,0.20634920634920634
07/11/2025 15:17:25,0.20634920634920634
07/11/2025 15:17:25,0.18012422360248448
07/11/2025 15:17:25,0.22580645161290322
07/11/2025 15:17:25,0.21019108280254778
07/11/2025 15:17:26,0.21405750798722045
07/11/2025 15:17:26,0.19873817034700317
07/11/2025 15:17:26,0.23376623376623376
07/11/2025 15:17:26,0.1949685534591195
07/11/2025 15:17:27,0.22186495176848875
07/11/2025 15:17:27,0.21405750798722045
07/11/2025 15:17:27,0.21405750798722045
07/11/2025 15:17:27,0.20253164556962025
07/11/2025 15:17:27,0.22580645161290322
07/11/2025 15:17:28,0.21019108280254778
07/11/2025 15:17:28,0.23778501628664495
07/11/2025 15:17:28,0.20253164556962025
07/11/2025 15:17:28,0.2297734627831715
07/11/2025 15:17:28,0.2297734627831715
07/11/2025 15:17:29,0.22186495176848875
07/11/2025 15:17:29,0.21019108280254778
07/11/2025 15:17:29,0.21405750798722045
07/11/2025 15:17:29,0.2297734627831715
07/11/2025 15:17:29,0.22186495176848875
07/11/2025 15:17:29,0.25
07/11/2025 15:17:30,0.20253164556962025
07/11/2025 15:17:30,0.23376623376623376
07/11/2025 15:17:30,0.21794871794871795
07/11/2025 15:17:30,0.24183006535947713
07/11/2025 15:17:31,0.24183006535947713
07/11/2025 15:17:31,0.24183006535947713
07/11/2025 15:17:31,0.20634920634920634
07/11/2025 15:17:31,0.23376623376623376
07/11/2025 15:17:32,0.1875
07/11/2025 15:17:32,0.22580645161290322
07/11/2025 15:17:32,0.21794871794871795
07/11/2025 15:17:32,0.21405750798722045
07/11/2025 15:17:32,0.21405750798722045
07/11/2025 15:17:33,0.21405750798722045
07/11/2025 15:17:33,0.21405750798722045
07/11/2025 15:17:33,0.21794871794871795
07/11/2025 15:17:33,0.2297734627831715
07/11/2025 15:17:34,0.1656441717791411
07/11/2025 15:17:34,0.23778501628664495
07/11/2025 15:17:34,0.2582781456953642
07/11/2025 15:17:34,0.22580645161290322
07/11/2025 15:17:35,0.1728395061728395
07/11/2025 15:17:35,0.23376623376623376
07/11/2025 15:17:35,0.19873817034700317
07/11/2025 15:17:35,0.23376623376623376
07/11/2025 15:17:35,0.1875
07/11/2025 15:17:35,0.2297734627831715
07/11/2025 15:17:36,0.21794871794871795
07/11/2025 15:17:36,0.2297734627831715
07/11/2025 15:17:36,0.21019108280254778
07/11/2025 15:17:36,0.19873817034700317
07/11/2025 15:17:36,0.21019108280254778
07/11/2025 15:17:37,0.2297734627831715
07/11/2025 15:17:37,0.21794871794871795
07/11/2025 15:17:37,0.21405750798722045
07/11/2025 15:17:37,0.24183006535947713
07/11/2025 15:17:38,0.2297734627831715
07/11/2025 15:17:38,0.1875
07/11/2025 15:17:38,0.23376623376623376
07/11/2025 15:17:38,0.24183006535947713
07/11/2025 15:17:38,0.21019108280254778
07/11/2025 15:17:38,0.21405750798722045
07/11/2025 15:17:39,0.24183006535947713
07/11/2025 15:17:39,0.22186495176848875
07/11/2025 15:17:39,0.20634920634920634
07/11/2025 15:17:39,0.22186495176848875
07/11/2025 15:17:39,0.18012422360248448
07/11/2025 15:17:40,0.2582781456953642
07/11/2025 15:17:40,0.22186495176848875
07/11/2025 15:17:40,0.1949685534591195
07/11/2025 15:17:40,0.20253164556962025
07/11/2025 15:17:40,0.2582781456953642
07/11/2025 15:17:41,0.19873817034700317
07/11/2025 15:17:41,0.2297734627831715
07/11/2025 15:17:41,0.22186495176848875
07/11/2025 15:17:41,0.21405750798722045
07/11/2025 15:17:41,0.22186495176848875
07/11/2025 15:17:41,0.22186495176848875
07/11/2025 15:17:42,0.19873817034700317
07/11/2025 15:17:42,0.23376623376623376
07/11/2025 15:17:42,0.2709030100334448
07/11/2025 15:17:42,0.23778501628664495
07/11/2025 15:17:42,0.24183006535947713
07/11/2025 15:17:43,0.19873817034700317
07/11/2025 15:17:43,0.21019108280254778
07/11/2025 15:17:43,0.21019108280254778
07/11/2025 15:17:43,0.20634920634920634
07/11/2025 15:17:43,0.20634920634920634
07/11/2025 15:17:44,0.21794871794871795
07/11/2025 15:17:44,0.2459016393442623
07/11/2025 15:17:44,0.23376623376623376
07/11/2025 15:17:44,0.20634920634920634
07/11/2025 15:17:45,0.22580645161290322
07/11/2025 15:17:45,0.22186495176848875
07/11/2025 15:17:45,0.22580645161290322
07/11/2025 15:17:45,0.2459016393442623
07/11/2025 15:17:45,0.25
07/11/2025 15:17:46,0.24183006535947713
07/11/2025 15:17:46,0.21405750798722045
07/11/2025 15:17:46,0.2582781456953642
07/11/2025 15:17:46,0.1875
07/11/2025 15:17:46,0.20253164556962025
07/11/2025 15:17:47,0.20634920634920634
07/11/2025 15:17:47,0.19873817034700317
07/11/2025 15:17:47,0.23376623376623376
07/11/2025 15:17:47,0.21405750798722045
07/11/2025 15:17:47,0.22186495176848875
07/11/2025 15:17:47,0.21019108280254778
07/11/2025 15:17:48,0.21405750798722045
07/11/2025 15:17:48,0.20634920634920634
07/11/2025 15:17:48,0.1949685534591195
07/11/2025 15:17:48,0.2297734627831715
07/11/2025 15:17:49,0.22580645161290322
07/11/2025 15:17:49,0.21794871794871795
07/11/2025 15:17:49,0.22186495176848875
07/11/2025 15:17:49,0.19873817034700317
07/11/2025 15:17:50,0.15501519756838905
07/11/2025 15:17:50,0.23778501628664495
07/11/2025 15:17:50,0.21019108280254778
07/11/2025 15:17:50,0.19873817034700317
07/11/2025 15:17:51,0.25
07/11/2025 15:17:51,0.2459016393442623
07/11/2025 15:17:51,0.24183006535947713
07/11/2025 15:17:51,0.20253164556962025
07/11/2025 15:17:51,0.2297734627831715
07/11/2025 15:17:52,0.21405750798722045
07/11/2025 15:17:52,0.24183006535947713
07/11/2025 15:17:52,0.25
07/11/2025 15:17:52,0.2459016393442623
07/11/2025 15:17:53,0.20253164556962025
07/11/2025 15:17:53,0.21405750798722045
07/11/2025 15:17:53,0.21794871794871795
07/11/2025 15:17:53,0.23376623376623376
07/11/2025 15:17:54,0.22186495176848875
07/11/2025 15:17:54,0.20253164556962025
07/11/2025 15:17:54,0.23778501628664495
07/11/2025 15:17:54,0.2297734627831715
07/11/2025 15:17:55,0.25
07/11/2025 15:17:55,0.22186495176848875
07/11/2025 15:17:55,0.23376623376623376
07/11/2025 15:17:55,0.26245847176079734
07/11/2025 15:17:55,0.20634920634920634
07/11/2025 15:17:55,0.21794871794871795
07/11/2025 15:17:56,0.26666666666666666
07/11/2025 15:17:56,0.20634920634920634
07/11/2025 15:17:56,0.20634920634920634
07/11/2025 15:17:56,0.23376623376623376
07/11/2025 15:17:56,0.20634920634920634
07/11/2025 15:17:56,0.21794871794871795
07/11/2025 15:17:57,0.20253164556962025
07/11/2025 15:17:57,0.19873817034700317
07/11/2025 15:17:57,0.2297734627831715
07/11/2025 15:17:57,0.20634920634920634
07/11/2025 15:17:57,0.23376623376623376
07/11/2025 15:17:58,0.20253164556962025
07/11/2025 15:17:58,0.21019108280254778
07/11/2025 15:17:58,0.22580645161290322
07/11/2025 15:17:58,0.19873817034700317
07/11/2025 15:17:59,0.22580645161290322
07/11/2025 15:17:59,0.19873817034700317
07/11/2025 15:17:59,0.23778501628664495
07/11/2025 15:17:59,0.21794871794871795
07/11/2025 15:18:00,0.24183006535947713
07/11/2025 15:18:00,0.21405750798722045
07/11/2025 15:18:00,0.23778501628664495
07/11/2025 15:18:00,0.25
07/11/2025 15:18:00,0.19873817034700317
07/11/2025 15:18:00,0.21019108280254778
07/11/2025 15:18:01,0.1656441717791411
07/11/2025 15:18:01,0.23376623376623376
07/11/2025 15:18:01,0.20634920634920634
07/11/2025 15:18:01,0.25412541254125415
07/11/2025 15:18:01,0.21019108280254778
07/11/2025 15:18:02,0.23376623376623376
07/11/2025 15:18:02,0.2297734627831715
07/11/2025 15:18:02,0.2751677852348993
07/11/2025 15:18:02,0.24183006535947713
07/11/2025 15:18:03,0.20253164556962025
07/11/2025 15:18:03,0.25
07/11/2025 15:18:03,0.25
07/11/2025 15:18:03,0.21794871794871795
07/11/2025 15:18:03,0.21405750798722045
07/11/2025 15:18:04,0.19122257053291536
07/11/2025 15:18:04,0.2297734627831715
07/11/2025 15:18:04,0.1875
07/11/2025 15:18:04,0.21405750798722045
07/11/2025 15:18:04,0.1949685534591195
07/11/2025 15:18:04,0.20253164556962025
07/11/2025 15:18:05,0.23376623376623376
07/11/2025 15:18:05,0.23778501628664495
07/11/2025 15:18:05,0.19122257053291536
07/11/2025 15:18:05,0.2459016393442623
07/11/2025 15:18:06,0.21794871794871795
07/11/2025 15:18:06,0.2582781456953642
07/11/2025 15:18:06,0.25
07/11/2025 15:18:06,0.2459016393442623
07/11/2025 15:18:06,0.2459016393442623
07/11/2025 15:18:06,0.2297734627831715
07/11/2025 15:18:07,0.22186495176848875
07/11/2025 15:18:07,0.22580645161290322
07/11/2025 15:18:07,0.22186495176848875
07/11/2025 15:18:07,0.21405750798722045
07/11/2025 15:18:07,0.21405750798722045
07/11/2025 15:18:08,0.19122257053291536
07/11/2025 15:18:08,0.26666666666666666
07/11/2025 15:18:08,0.19122257053291536
07/11/2025 15:18:08,0.23376623376623376
07/11/2025 15:18:08,0.2297734627831715
07/11/2025 15:18:09,0.23778501628664495
07/11/2025 15:18:09,0.2459016393442623
07/11/2025 15:18:09,0.21794871794871795
07/11/2025 15:18:09,0.1875
07/11/2025 15:18:10,0.20634920634920634
07/11/2025 15:18:10,0.21405750798722045
07/11/2025 15:18:10,0.26245847176079734
07/11/2025 15:18:10,0.23778501628664495
07/11/2025 15:18:10,0.19873817034700317
07/11/2025 15:18:10,0.22580645161290322
07/11/2025 15:18:11,0.2297734627831715
07/11/2025 15:18:11,0.22186495176848875
07/11/2025 15:18:11,0.21405750798722045
07/11/2025 15:18:11,0.20634920634920634
07/11/2025 15:18:12,0.24183006535947713
07/11/2025 15:18:12,0.23778501628664495
07/11/2025 15:18:12,0.22186495176848875
07/11/2025 15:18:12,0.23376623376623376
07/11/2025 15:18:12,0.21019108280254778
07/11/2025 15:18:13,0.22580645161290322
07/11/2025 15:18:13,0.21019108280254778
07/11/2025 15:18:13,0.20634920634920634
07/11/2025 15:18:13,0.21019108280254778
07/11/2025 15:18:14,0.22580645161290322
07/11/2025 15:18:14,0.2297734627831715
07/11/2025 15:18:14,0.22186495176848875
07/11/2025 15:18:14,0.1949685534591195
07/11/2025 15:18:14,0.21405750798722045
07/11/2025 15:18:14,0.25
07/11/2025 15:18:14,0.20634920634920634
07/11/2025 15:18:15,0.25
07/11/2025 15:18:15,0.19873817034700317
07/11/2025 15:18:15,0.2297734627831715
07/11/2025 15:18:15,0.19873817034700317
07/11/2025 15:18:16,0.16923076923076924
07/11/2025 15:18:16,0.21019108280254778
07/11/2025 15:18:16,0.19873817034700317
07/11/2025 15:18:16,0.21019108280254778
07/11/2025 15:18:16,0.21405750798722045
07/11/2025 15:18:17,0.26245847176079734
07/11/2025 15:18:17,0.24183006535947713
07/11/2025 15:18:17,0.19873817034700317
07/11/2025 15:18:17,0.22186495176848875
07/11/2025 15:18:18,0.23778501628664495
07/11/2025 15:18:18,0.20634920634920634
07/11/2025 15:18:18,0.2459016393442623
07/11/2025 15:18:18,0.22580645161290322
07/11/2025 15:18:18,0.21794871794871795
07/11/2025 15:18:18,0.20253164556962025
07/11/2025 15:18:19,0.22186495176848875
07/11/2025 15:18:19,0.25
07/11/2025 15:18:19,0.25
07/11/2025 15:18:19,0.23376623376623376
07/11/2025 15:18:19,0.22186495176848875
07/11/2025 15:18:20,0.2582781456953642
07/11/2025 15:18:20,0.2297734627831715
07/11/2025 15:18:20,0.22580645161290322
07/11/2025 15:18:20,0.20253164556962025
07/11/2025 15:18:21,0.2709030100334448
07/11/2025 15:18:21,0.25412541254125415
07/11/2025 15:18:21,0.20253164556962025
07/11/2025 15:18:21,0.27946127946127947
07/11/2025 15:18:21,0.2582781456953642
07/11/2025 15:18:21,0.21794871794871795
07/11/2025 15:18:22,0.2459016393442623
07/11/2025 15:18:22,0.22186495176848875
07/11/2025 15:18:22,0.2297734627831715
07/11/2025 15:18:22,0.23778501628664495
07/11/2025 15:18:22,0.21405750798722045
07/11/2025 15:18:23,0.21405750798722045
07/11/2025 15:18:23,0.2297734627831715
07/11/2025 15:18:23,0.22580645161290322
07/11/2025 15:18:23,0.21405750798722045
07/11/2025 15:18:23,0.24183006535947713
07/11/2025 15:18:24,0.20634920634920634
07/11/2025 15:18:24,0.1949685534591195
07/11/2025 15:18:24,0.22186495176848875
07/11/2025 15:18:24,0.1875
07/11/2025 15:18:24,0.22186495176848875
07/11/2025 15:18:24,0.22580645161290322
07/11/2025 15:18:25,0.19122257053291536
07/11/2025 15:18:25,0.2297734627831715
07/11/2025 15:18:25,0.2582781456953642
07/11/2025 15:18:25,0.22186495176848875
07/11/2025 15:18:26,0.1949685534591195
07/11/2025 15:18:26,0.2297734627831715
07/11/2025 15:18:26,0.22580645161290322
07/11/2025 15:18:26,0.1949685534591195
07/11/2025 15:18:26,0.1875
07/11/2025 15:18:26,0.20253164556962025
07/11/2025 15:18:27,0.23376623376623376
07/11/2025 15:18:27,0.21405750798722045
07/11/2025 15:18:27,0.21405750798722045
07/11/2025 15:18:27,0.23778501628664495
07/11/2025 15:18:28,0.22186495176848875
07/11/2025 15:18:28,0.22580645161290322
07/11/2025 15:18:28,0.2297734627831715
07/11/2025 15:18:28,0.24183006535947713
07/11/2025 15:18:29,0.20253164556962025
07/11/2025 15:18:29,0.20634920634920634
07/11/2025 15:18:29,0.25
07/11/2025 15:18:29,0.1949685534591195
07/11/2025 15:18:29,0.22186495176848875
07/11/2025 15:18:30,0.22186495176848875
07/11/2025 15:18:30,0.22580645161290322
07/11/2025 15:18:30,0.26245847176079734
07/11/2025 15:18:30,0.23778501628664495
07/11/2025 15:18:30,0.26245847176079734
07/11/2025 15:18:31,0.24183006535947713
07/11/2025 15:18:31,0.21405750798722045
07/11/2025 15:18:31,0.22580645161290322
07/11/2025 15:18:31,0.20253164556962025
07/11/2025 15:18:31,0.1949685534591195
07/11/2025 15:18:31,0.23376623376623376
07/11/2025 15:18:32,0.20253164556962025
07/11/2025 15:18:32,0.1875
07/11/2025 15:18:32,0.23376623376623376
07/11/2025 15:18:32,0.24183006535947713
07/11/2025 15:18:33,0.23778501628664495
07/11/2025 15:18:33,0.20634920634920634
07/11/2025 15:18:33,0.2297734627831715
07/11/2025 15:18:33,0.23376623376623376
07/11/2025 15:18:34,0.23778501628664495
07/11/2025 15:18:34,0.24183006535947713
07/11/2025 15:18:34,0.21405750798722045
07/11/2025 15:18:34,0.23376623376623376
07/11/2025 15:18:34,0.21794871794871795
07/11/2025 15:18:35,0.19873817034700317
07/11/2025 15:18:35,0.23376623376623376
07/11/2025 15:18:35,0.2297734627831715
07/11/2025 15:18:35,0.23778501628664495
07/11/2025 15:18:36,0.1949685534591195
07/11/2025 15:18:36,0.23376623376623376
07/11/2025 15:18:36,0.25
07/11/2025 15:18:36,0.20634920634920634
07/11/2025 15:18:36,0.22580645161290322
07/11/2025 15:18:36,0.22580645161290322
07/11/2025 15:18:37,0.21405750798722045
07/11/2025 15:18:37,0.22186495176848875
07/11/2025 15:18:37,0.21405750798722045
07/11/2025 15:18:37,0.23376623376623376
07/11/2025 15:18:37,0.21405750798722045
07/11/2025 15:18:38,0.1875
07/11/2025 15:18:38,0.20253164556962025
07/11/2025 15:18:38,0.20634920634920634
07/11/2025 15:18:38,0.19873817034700317
07/11/2025 15:18:39,0.22580645161290322
07/11/2025 15:18:39,0.22186495176848875
07/11/2025 15:18:39,0.25412541254125415
07/11/2025 15:18:39,0.21794871794871795
07/11/2025 15:18:40,0.19873817034700317
07/11/2025 15:18:40,0.1838006230529595
07/11/2025 15:18:40,0.19873817034700317
07/11/2025 15:18:40,0.23376623376623376
07/11/2025 15:18:40,0.25
07/11/2025 15:18:40,0.19873817034700317
07/11/2025 15:18:40,0.22580645161290322
07/11/2025 15:18:41,0.25
07/11/2025 15:18:41,0.1949685534591195
07/11/2025 15:18:41,0.21794871794871795
07/11/2025 15:18:41,0.25412541254125415
07/11/2025 15:18:42,0.1728395061728395
07/11/2025 15:18:42,0.1875
07/11/2025 15:18:42,0.21405750798722045
07/11/2025 15:18:42,0.24183006535947713
07/11/2025 15:18:42,0.1728395061728395
07/11/2025 15:18:43,0.2709030100334448
07/11/2025 15:18:43,0.19873817034700317
07/11/2025 15:18:43,0.19122257053291536
07/11/2025 15:18:43,0.22186495176848875
07/11/2025 15:18:43,0.23778501628664495
07/11/2025 15:18:43,0.22186495176848875
07/11/2025 15:18:44,0.23376623376623376
07/11/2025 15:18:44,0.2297734627831715
07/11/2025 15:18:44,0.24183006535947713
07/11/2025 15:18:44,0.23778501628664495
07/11/2025 15:18:44,0.20253164556962025
07/11/2025 15:18:45,0.25
07/11/2025 15:18:45,0.19873817034700317
07/11/2025 15:18:45,0.22580645161290322
07/11/2025 15:18:45,0.2297734627831715
07/11/2025 15:18:46,0.20634920634920634
07/11/2025 15:18:46,0.23376623376623376
07/11/2025 15:18:46,0.23376623376623376
07/11/2025 15:18:46,0.24183006535947713
07/11/2025 15:18:46,0.22580645161290322
07/11/2025 15:18:46,0.21019108280254778
07/11/2025 15:18:47,0.25
07/11/2025 15:18:47,0.24183006535947713
07/11/2025 15:18:47,0.22186495176848875
07/11/2025 15:18:47,0.20253164556962025
07/11/2025 15:18:47,0.22186495176848875
07/11/2025 15:18:48,0.2297734627831715
07/11/2025 15:18:48,0.21794871794871795
07/11/2025 15:18:48,0.21794871794871795
07/11/2025 15:18:48,0.2459016393442623
07/11/2025 15:18:48,0.21794871794871795
07/11/2025 15:18:48,0.21794871794871795
07/11/2025 15:18:49,0.22580645161290322
07/11/2025 15:18:49,0.19122257053291536
07/11/2025 15:18:49,0.19873817034700317
07/11/2025 15:18:49,0.24183006535947713
07/11/2025 15:18:50,0.21019108280254778
07/11/2025 15:18:50,0.20634920634920634
07/11/2025 15:18:50,0.1949685534591195
07/11/2025 15:18:50,0.22186495176848875
07/11/2025 15:18:50,0.25412541254125415
07/11/2025 15:18:51,0.23376623376623376
07/11/2025 15:18:51,0.23778501628664495
07/11/2025 15:18:51,0.20634920634920634
07/11/2025 15:18:51,0.1838006230529595
07/11/2025 15:18:51,0.18012422360248448
07/11/2025 15:18:52,0.22580645161290322
07/11/2025 15:18:52,0.26245847176079734
07/11/2025 15:18:52,0.1949685534591195
07/11/2025 15:18:52,0.18012422360248448
07/11/2025 15:18:53,0.20634920634920634
07/11/2025 15:18:53,0.1728395061728395
07/11/2025 15:18:53,0.20634920634920634
07/11/2025 15:18:53,0.22580645161290322
07/11/2025 15:18:54,0.25412541254125415
07/11/2025 15:18:54,0.22580645161290322
07/11/2025 15:18:54,0.22580645161290322
07/11/2025 15:18:54,0.2297734627831715
07/11/2025 15:18:54,0.2297734627831715
07/11/2025 15:18:55,0.20253164556962025
07/11/2025 15:18:55,0.15853658536585366
07/11/2025 15:18:55,0.23376623376623376
07/11/2025 15:18:55,0.24183006535947713
07/11/2025 15:18:56,0.21019108280254778
07/11/2025 15:18:56,0.22186495176848875
07/11/2025 15:18:56,0.19873817034700317
07/11/2025 15:18:56,0.2582781456953642
07/11/2025 15:18:57,0.22580645161290322
07/11/2025 15:18:57,0.25
07/11/2025 15:18:57,0.26666666666666666
07/11/2025 15:18:57,0.22580645161290322
07/11/2025 15:18:58,0.22580645161290322
07/11/2025 15:18:58,0.18012422360248448
07/11/2025 15:18:58,0.2297734627831715
07/11/2025 15:18:59,0.25412541254125415
07/11/2025 15:18:59,0.2582781456953642
07/11/2025 15:18:59,0.19873817034700317
07/11/2025 15:18:59,0.21405750798722045
07/11/2025 15:19:00,0.20253164556962025
07/11/2025 15:19:00,0.23376623376623376
07/11/2025 15:19:00,0.20634920634920634
07/11/2025 15:19:00,0.2297734627831715
07/11/2025 15:19:00,0.2459016393442623
07/11/2025 15:19:00,0.2297734627831715
07/11/2025 15:19:00,0.21794871794871795
